source_file,sheet,section,metric_label,date,value_raw,value_num,is_percent,is_total,context_left,context_top,context_left_stack,context_top_stack,scenario
02_febrero.xlsx,Daily,,,2025-02-28,0.516666666666667,0.516666666666667,False,False,,2025,,2025|TODAY|DAILY REVENUE REPORT,TODAY
02_febrero.xlsx,Daily,,,2025-02-28,0.549876666666667,0.549876666666667,False,False,0.516666666666667,Budget,0.516666666666667,Budget,TODAY
02_febrero.xlsx,Daily,,,2024-02-29,0,0.0,False,False,0.549876666666667,2024,0.549876666666667|0.516666666666667,2024,MONTH_TO_DATE
02_febrero.xlsx,Daily,,,2025-02-28,0.443415637860082,0.443415637860082,False,False,Occupancy,2025,Occupancy|0|0.549876666666667,2025|MONTH TO DATE,TODAY
02_febrero.xlsx,Daily,,,2025-02-28,0.3927690476,0.3927690476,False,False,0.443415637860082,Budget,0.443415637860082|Occupancy|0,Budget,TODAY
02_febrero.xlsx,Daily,,,2024-02-29,0.3563218391,0.3563218391,False,False,0.3927690476,2024,0.3927690476|0.443415637860082|Occupancy,2024,MONTH_TO_DATE
02_febrero.xlsx,Daily,,,2025-02-28,93,93.0,False,False,,0.516666666666667,,0.516666666666667|2025|TODAY|DAILY REVENUE REPORT,TODAY
02_febrero.xlsx,Daily,,,2025-02-28,98.9778,98.9778,False,False,93,0.549876666666667,93,0.549876666666667|Budget,TODAY
02_febrero.xlsx,Daily,,,2024-02-29,0,0.0,False,False,98.9778,0,98.9778|93,0|2024,MONTH_TO_DATE
02_febrero.xlsx,Daily,,,2025-02-28,2155,2155.0,False,False,Total Covers,0.443415637860082,Total Covers|0|98.9778,0.443415637860082|2025|MONTH TO DATE,TODAY
02_febrero.xlsx,Daily,,,2025-02-28,1649.63,1649.63,False,False,2155,0.3927690476,2155|Total Covers|0,0.3927690476|Budget,TODAY
02_febrero.xlsx,Daily,,,2024-02-29,1512.19512195122,1512.19512195122,False,False,1649.63,0.3563218391,1649.63|2155|Total Covers,0.3563218391|2024,MONTH_TO_DATE
02_febrero.xlsx,Daily,,,2025-02-28,4094.363575,4094.363575,False,False,,93,,93|0.516666666666667|2025|TODAY|DAILY REVENUE REPORT,TODAY
02_febrero.xlsx,Daily,,,2025-02-28,4569.805026,4569.805026,False,False,4094.363575,98.9778,4094.363575,98.9778|0.549876666666667|Budget,TODAY
02_febrero.xlsx,Daily,,,2024-02-29,0,0.0,False,False,4569.805026,0,4569.805026|4094.363575,0|0|2024,MONTH_TO_DATE
02_febrero.xlsx,Daily,,,2025-02-28,91048.203791,91048.203791,False,False,Total Revenue,2155,Total Revenue|0|4569.805026,2155|0.443415637860082|2025|MONTH TO DATE,TODAY
02_febrero.xlsx,Daily,,,2025-02-28,76163.4171,76163.4171,False,False,91048.203791,1649.63,91048.203791|Total Revenue|0,1649.63|0.3927690476|Budget,TODAY
02_febrero.xlsx,Daily,,,2024-02-29,71060.6616416851,71060.6616416851,False,False,76163.4171,1512.19512195122,76163.4171|91048.203791|Total Revenue,1512.19512195122|0.3563218391|2024,MONTH_TO_DATE
02_febrero.xlsx,Daily,,,2025-02-28,44.0254147849462,44.0254147849462,False,False,,4094.363575,,4094.363575|93|0.516666666666667|2025|TODAY,TODAY
02_febrero.xlsx,Daily,,,2025-02-28,46.17,46.17,False,False,44.0254147849462,4569.805026,44.0254147849462,4569.805026|98.9778|0.549876666666667|Budget,TODAY
02_febrero.xlsx,Daily,,,2024-02-29,0,0.0,False,False,46.17,0,46.17|44.0254147849462,0|0|0|2024,MONTH_TO_DATE
02_febrero.xlsx,Daily,,,2025-02-28,42.2497465387471,42.2497465387471,False,False,Avg.cover,91048.203791,Avg.cover|0|46.17,91048.203791|2155|0.443415637860082|2025|MONTH TO DATE,TODAY
02_febrero.xlsx,Daily,,,2025-02-28,46.17,46.17,False,False,42.2497465387471,76163.4171,42.2497465387471|Avg.cover|0,76163.4171|1649.63|0.3927690476|Budget,TODAY
02_febrero.xlsx,Daily,,,2024-02-29,46.991727859824,46.991727859824,False,False,46.17,71060.6616416851,46.17|42.2497465387471|Avg.cover,71060.6616416851|1512.19512195122|0.3563218391|2024,MONTH_TO_DATE
02_febrero.xlsx,Daily,,,2025-02-28,2857.727222,2857.727222,False,False,,44.0254147849462,,44.0254147849462|4094.363575|93|0.516666666666667|2025,TODAY
02_febrero.xlsx,Daily,,,2025-02-28,3625.25191883702,3625.25191883702,False,False,2857.727222,46.17,2857.727222,46.17|4569.805026|98.9778|0.549876666666667|Budget,TODAY
02_febrero.xlsx,Daily,,,2024-02-29,0,0.0,False,False,3625.25191883702,0,3625.25191883702|2857.727222,0|0|0|0|2024,MONTH_TO_DATE
02_febrero.xlsx,Daily,,,2025-02-28,71314.461012,71314.461012,False,False,Food Revenue,42.2497465387471,Food Revenue|0|3625.25191883702,42.2497465387471|91048.203791|2155|0.443415637860082|2025,TODAY
02_febrero.xlsx,Daily,,,2025-02-28,60420.8653139504,60420.8653139504,False,False,71314.461012,46.17,71314.461012|Food Revenue|0,46.17|76163.4171|1649.63|0.3927690476|Budget,TODAY
02_febrero.xlsx,Daily,,,2024-02-29,56372.8208325418,56372.8208325418,False,False,60420.8653139504,46.991727859824,60420.8653139504|71314.461012|Food Revenue,46.991727859824|71060.6616416851|1512.19512195122|0.3563218391|2024,MONTH_TO_DATE
02_febrero.xlsx,Daily,,,2025-02-28,30.7282496989247,30.7282496989247,False,False,,2857.727222,,2857.727222|44.0254147849462|4094.363575|93|0.516666666666667,TODAY
02_febrero.xlsx,Daily,,,2025-02-28,36.6269195601137,36.6269195601137,False,False,30.7282496989247,3625.25191883702,30.7282496989247,3625.25191883702|46.17|4569.805026|98.9778|0.549876666666667,TODAY
02_febrero.xlsx,Daily,,,2024-02-29,0,0.0,False,False,36.6269195601137,0,36.6269195601137|30.7282496989247,0|0|0|0|0,MONTH_TO_DATE
02_febrero.xlsx,Daily,,,2025-02-28,33.0925573141531,33.0925573141531,False,False,Avg.Spend FD / cover,71314.461012,Avg.Spend FD / cover|0|36.6269195601137,71314.461012|42.2497465387471|91048.203791|2155|0.443415637860082,TODAY
02_febrero.xlsx,Daily,,,2025-02-28,36.6269195601137,36.6269195601137,False,False,33.0925573141531,60420.8653139504,33.0925573141531|Avg.Spend FD / cover|0,60420.8653139504|46.17|76163.4171|1649.63|0.3927690476,TODAY
02_febrero.xlsx,Daily,,,2024-02-29,37.2788008731325,37.2788008731325,False,False,36.6269195601137,56372.8208325418,36.6269195601137|33.0925573141531|Avg.Spend FD / cover,56372.8208325418|46.991727859824|71060.6616416851|1512.19512195122|0.3563218391,MONTH_TO_DATE
02_febrero.xlsx,Daily,,,2025-02-28,1236.636353,1236.636353,False,False,,30.7282496989247,,30.7282496989247|2857.727222|44.0254147849462|4094.363575|93,TODAY
02_febrero.xlsx,Daily,,,2025-02-28,944.55310716298,944.55310716298,False,False,1236.636353,36.6269195601137,1236.636353,36.6269195601137|3625.25191883702|46.17|4569.805026|98.9778,TODAY
02_febrero.xlsx,Daily,,,2024-02-29,0,0.0,False,False,944.55310716298,0,944.55310716298|1236.636353,0|0|0|0|0,MONTH_TO_DATE
02_febrero.xlsx,Daily,,,2025-02-28,19733.742779,19733.742779,False,False,Beverage Revenue,33.0925573141531,Beverage Revenue|0|944.55310716298,33.0925573141531|71314.461012|42.2497465387471|91048.203791|2155,TODAY
02_febrero.xlsx,Daily,,,2025-02-28,15742.5517860497,15742.5517860497,False,False,19733.742779,36.6269195601137,19733.742779|Beverage Revenue|0,36.6269195601137|60420.8653139504|46.17|76163.4171|1649.63,TODAY
02_febrero.xlsx,Daily,,,2024-02-29,14687.8408091433,14687.8408091433,False,False,15742.5517860497,37.2788008731325,15742.5517860497|19733.742779|Beverage Revenue,37.2788008731325|56372.8208325418|46.991727859824|71060.6616416851|1512.19512195122,MONTH_TO_DATE
02_febrero.xlsx,Daily,,,2025-02-28,13.2971650860215,13.2971650860215,False,False,,1236.636353,,1236.636353|30.7282496989247|2857.727222|44.0254147849462|4094.363575,TODAY
02_febrero.xlsx,Daily,,,2025-02-28,9.54308043988632,9.54308043988632,False,False,13.2971650860215,944.55310716298,13.2971650860215,944.55310716298|36.6269195601137|3625.25191883702|46.17|4569.805026,TODAY
02_febrero.xlsx,Daily,,,2024-02-29,0,0.0,False,False,9.54308043988632,0,9.54308043988632|13.2971650860215,0|0|0|0|0,MONTH_TO_DATE
02_febrero.xlsx,Daily,,,2025-02-28,9.15718922459397,9.15718922459397,False,False,Avg.Spend BV / cover,19733.742779,Avg.Spend BV / cover|0|9.54308043988632,19733.742779|33.0925573141531|71314.461012|42.2497465387471|91048.203791,TODAY
02_febrero.xlsx,Daily,,,2025-02-28,9.54308043988632,9.54308043988632,False,False,9.15718922459397,15742.5517860497,9.15718922459397|Avg.Spend BV / cover|0,15742.5517860497|36.6269195601137|60420.8653139504|46.17|76163.4171,TODAY
02_febrero.xlsx,Daily,,,2024-02-29,9.71292698669152,9.71292698669152,False,False,9.54308043988632,14687.8408091433,9.54308043988632|9.15718922459397|Avg.Spend BV / cover,14687.8408091433|37.2788008731325|56372.8208325418|46.991727859824|71060.6616416851,MONTH_TO_DATE
02_febrero.xlsx,Daily,,,2025-02-28,0.266666666666667,0.266666666666667,False,False,,13.2971650860215,,13.2971650860215|1236.636353|30.7282496989247|2857.727222|44.0254147849462,TODAY
02_febrero.xlsx,Daily,,,2025-02-28,0.30494623655914,0.30494623655914,False,False,0.266666666666667,9.54308043988632,0.266666666666667,9.54308043988632|944.55310716298|36.6269195601137|3625.25191883702|46.17,TODAY
02_febrero.xlsx,Daily,,,2024-02-29,0,0.0,False,False,0.30494623655914,0,0.30494623655914|0.266666666666667,0|0|0|0|0,MONTH_TO_DATE
02_febrero.xlsx,Daily,,,2025-02-28,0.193162393162393,0.193162393162393,False,False,Occupancy,9.15718922459397,Occupancy|0|0.30494623655914,9.15718922459397|19733.742779|33.0925573141531|71314.461012|42.2497465387471,TODAY
02_febrero.xlsx,Daily,,,2025-02-28,0.3927690476,0.3927690476,False,False,0.193162393162393,9.54308043988632,0.193162393162393|Occupancy|0,9.54308043988632|15742.5517860497|36.6269195601137|60420.8653139504|46.17,TODAY
02_febrero.xlsx,Daily,,,2024-02-29,0.338974359,0.338974359,False,False,0.3927690476,9.71292698669152,0.3927690476|0.193162393162393|Occupancy,9.71292698669152|14687.8408091433|37.2788008731325|56372.8208325418|46.991727859824,MONTH_TO_DATE
02_febrero.xlsx,Daily,,,2025-02-28,48,48.0,False,False,,0.266666666666667,,0.266666666666667|13.2971650860215|1236.636353|30.7282496989247|2857.727222,TODAY
02_febrero.xlsx,Daily,,,2025-02-28,54.8903225806452,54.8903225806452,False,False,48,0.30494623655914,48,0.30494623655914|9.54308043988632|944.55310716298|36.6269195601137|3625.25191883702,TODAY
02_febrero.xlsx,Daily,,,2024-02-29,0,0.0,False,False,54.8903225806452,0,54.8903225806452|48,0|0|0|0|0,MONTH_TO_DATE
02_febrero.xlsx,Daily,,,2025-02-28,452,452.0,False,False,Total Covers,0.193162393162393,Total Covers|0|54.8903225806452,0.193162393162393|9.15718922459397|19733.742779|33.0925573141531|71314.461012,TODAY
02_febrero.xlsx,Daily,,,2025-02-28,567.2,567.2,False,False,452,0.3927690476,452|Total Covers|0,0.3927690476|9.54308043988632|15742.5517860497|36.6269195601137|60420.8653139504,TODAY
02_febrero.xlsx,Daily,,,2024-02-29,636.938553276302,636.938553276302,False,False,567.2,0.338974359,567.2|452|Total Covers,0.338974359|9.71292698669152|14687.8408091433|37.2788008731325|56372.8208325418,MONTH_TO_DATE
02_febrero.xlsx,Daily,,,2025-02-28,2591.836316,2591.836316,False,False,,48,,48|0.266666666666667|13.2971650860215|1236.636353|30.7282496989247,TODAY
02_febrero.xlsx,Daily,,,2025-02-28,2534.28619354839,2534.28619354839,False,False,2591.836316,54.8903225806452,2591.836316,54.8903225806452|0.30494623655914|9.54308043988632|944.55310716298|36.6269195601137,TODAY
02_febrero.xlsx,Daily,,,2024-02-29,0,0.0,False,False,2534.28619354839,0,2534.28619354839|2591.836316,0|0|0|0|0,MONTH_TO_DATE
02_febrero.xlsx,Daily,,,2025-02-28,20809.8417305,20809.8417305,False,False,Total Revenue,452,Total Revenue|0|2534.28619354839,452|0.193162393162393|9.15718922459397|19733.742779|33.0925573141531,TODAY
02_febrero.xlsx,Daily,,,2025-02-28,26187.624,26187.624,False,False,20809.8417305,567.2,20809.8417305|Total Revenue|0,567.2|0.3927690476|9.54308043988632|15742.5517860497|36.6269195601137,TODAY
02_febrero.xlsx,Daily,,,2024-02-29,29122.486731071,29122.486731071,False,False,26187.624,636.938553276302,26187.624|20809.8417305|Total Revenue,636.938553276302|0.338974359|9.71292698669152|14687.8408091433|37.2788008731325,MONTH_TO_DATE
02_febrero.xlsx,Daily,,,2025-02-28,53.9965899166667,53.9965899166667,False,False,,2591.836316,,2591.836316|48|0.266666666666667|13.2971650860215|1236.636353,TODAY
02_febrero.xlsx,Daily,,,2025-02-28,46.17,46.17,False,False,53.9965899166667,2534.28619354839,53.9965899166667,2534.28619354839|54.8903225806452|0.30494623655914|9.54308043988632|944.55310716298,TODAY
02_febrero.xlsx,Daily,,,2024-02-29,0,0.0,False,False,46.17,0,46.17|53.9965899166667,0|0|0|0|0,MONTH_TO_DATE
02_febrero.xlsx,Daily,,,2025-02-28,46.0394728550885,46.0394728550885,False,False,Avg.cover,20809.8417305,Avg.cover|0|46.17,20809.8417305|452|0.193162393162393|9.15718922459397|19733.742779,TODAY
02_febrero.xlsx,Daily,,,2025-02-28,46.17,46.17,False,False,46.0394728550885,26187.624,46.0394728550885|Avg.cover|0,26187.624|567.2|0.3927690476|9.54308043988632|15742.5517860497,TODAY
02_febrero.xlsx,Daily,,,2024-02-29,45.722600055013,45.722600055013,False,False,46.17,29122.486731071,46.17|46.0394728550885|Avg.cover,29122.486731071|636.938553276302|0.338974359|9.71292698669152|14687.8408091433,MONTH_TO_DATE
02_febrero.xlsx,Daily,,,2024-02-29,0,0.0,False,False,1983.12108253381,0,1983.12108253381|1931.272689,0|0|0|0|0,MONTH_TO_DATE
02_febrero.xlsx,Daily,,,2025-02-28,17028.407817,17028.407817,False,False,Food Revenue,46.0394728550885,Food Revenue|0|1983.12108253381,46.0394728550885|20809.8417305|452|0.193162393162393|9.15718922459397,TODAY
02_febrero.xlsx,Daily,,,2025-02-28,20492.2511861827,20492.2511861827,False,False,17028.407817,46.17,17028.407817|Food Revenue|0,46.17|26187.624|567.2|0.3927690476|9.54308043988632,TODAY
02_febrero.xlsx,Daily,,,2024-02-29,22788.8300694778,22788.8300694778,False,False,20492.2511861827,45.722600055013,20492.2511861827|17028.407817|Food Revenue,45.722600055013|29122.486731071|636.938553276302|0.338974359|9.71292698669152,MONTH_TO_DATE
02_febrero.xlsx,Daily,,,2025-02-28,40.2348476875,40.2348476875,False,False,,1931.272689,,1931.272689|53.9965899166667|2591.836316|48|0.266666666666667,TODAY
02_febrero.xlsx,Daily,,,2025-02-28,36.1287926413659,36.1287926413659,False,False,40.2348476875,1983.12108253381,40.2348476875,1983.12108253381|46.17|2534.28619354839|54.8903225806452|0.30494623655914,TODAY
02_febrero.xlsx,Daily,,,2024-02-29,0,0.0,False,False,36.1287926413659,0,36.1287926413659|40.2348476875,0|0|0|0|0,MONTH_TO_DATE
02_febrero.xlsx,Daily,,,2025-02-28,37.6734686216814,37.6734686216814,False,False,Avg.Spend FD / cover,17028.407817,Avg.Spend FD / cover|0|36.1287926413659,17028.407817|46.0394728550885|20809.8417305|452|0.193162393162393,TODAY
02_febrero.xlsx,Daily,,,2025-02-28,36.1287926413659,36.1287926413659,False,False,37.6734686216814,20492.2511861827,37.6734686216814|Avg.Spend FD / cover|0,20492.2511861827|46.17|26187.624|567.2|0.3927690476,TODAY
02_febrero.xlsx,Daily,,,2024-02-29,35.7786947457585,35.7786947457585,False,False,36.1287926413659,22788.8300694778,36.1287926413659|37.6734686216814|Avg.Spend FD / cover,22788.8300694778|45.722600055013|29122.486731071|636.938553276302|0.338974359,MONTH_TO_DATE
02_febrero.xlsx,Daily,,,2025-02-28,660.563627,660.563627,False,False,,40.2348476875,,40.2348476875|1931.272689|53.9965899166667|2591.836316|48,TODAY
02_febrero.xlsx,Daily,,,2025-02-28,551.165111014577,551.165111014577,False,False,660.563627,36.1287926413659,660.563627,36.1287926413659|1983.12108253381|46.17|2534.28619354839|54.8903225806452,TODAY
02_febrero.xlsx,Daily,,,2024-02-29,0,0.0,False,False,551.165111014577,0,551.165111014577|660.563627,0|0|0|0|0,MONTH_TO_DATE
02_febrero.xlsx,Daily,,,2025-02-28,3781.4339135,3781.4339135,False,False,Beverage Revenue,37.6734686216814,Beverage Revenue|0|551.165111014577,37.6734686216814|17028.407817|46.0394728550885|20809.8417305|452,TODAY
02_febrero.xlsx,Daily,,,2025-02-28,5695.37281381729,5695.37281381729,False,False,3781.4339135,36.1287926413659,3781.4339135|Beverage Revenue|0,36.1287926413659|20492.2511861827|46.17|26187.624|567.2,TODAY
02_febrero.xlsx,Daily,,,2024-02-29,6333.65666159314,6333.65666159314,False,False,5695.37281381729,35.7786947457585,5695.37281381729|3781.4339135|Beverage Revenue,35.7786947457585|22788.8300694778|45.722600055013|29122.486731071|636.938553276302,MONTH_TO_DATE
02_febrero.xlsx,Daily,,,2025-02-28,13.7617422291667,13.7617422291667,False,False,,660.563627,,660.563627|40.2348476875|1931.272689|53.9965899166667|2591.836316,TODAY
02_febrero.xlsx,Daily,,,2025-02-28,10.0412073586342,10.0412073586342,False,False,13.7617422291667,551.165111014577,13.7617422291667,551.165111014577|36.1287926413659|1983.12108253381|46.17|2534.28619354839,TODAY
02_febrero.xlsx,Daily,,,2024-02-29,0,0.0,False,False,10.0412073586342,0,10.0412073586342|13.7617422291667,0|0|0|0|0,MONTH_TO_DATE
02_febrero.xlsx,Daily,,,2025-02-28,8.36600423340708,8.36600423340708,False,False,Avg.Spend BV / cover,3781.4339135,Avg.Spend BV / cover|0|10.0412073586342,3781.4339135|37.6734686216814|17028.407817|46.0394728550885|20809.8417305,TODAY
02_febrero.xlsx,Daily,,,2025-02-28,10.0412073586342,10.0412073586342,False,False,8.36600423340708,5695.37281381729,8.36600423340708|Avg.Spend BV / cover|0,5695.37281381729|36.1287926413659|20492.2511861827|46.17|26187.624,TODAY
02_febrero.xlsx,Daily,,,2024-02-29,9.94390530925457,9.94390530925457,False,False,10.0412073586342,6333.65666159314,10.0412073586342|8.36600423340708|Avg.Spend BV / cover,6333.65666159314|35.7786947457585|22788.8300694778|45.722600055013|29122.486731071,MONTH_TO_DATE
02_febrero.xlsx,Daily,,,2025-02-28,6686.199891,6686.199891,False,False,,13.7617422291667,,13.7617422291667|660.563627|40.2348476875|1931.272689|53.9965899166667,TODAY
02_febrero.xlsx,Daily,,,2025-02-28,7104.09121954839,7104.09121954839,False,False,6686.199891,10.0412073586342,6686.199891,10.0412073586342|551.165111014577|36.1287926413659|1983.12108253381|46.17,TODAY
02_febrero.xlsx,Daily,,,2024-02-29,0,0.0,False,False,7104.09121954839,0,7104.09121954839|6686.199891,0|0|0|0|0,MONTH_TO_DATE
02_febrero.xlsx,Daily,,,2025-02-28,111858.0455215,111858.0455215,False,False,TOTAL RESTAURANT REV,8.36600423340708,TOTAL RESTAURANT REV|0|7104.09121954839,8.36600423340708|3781.4339135|37.6734686216814|17028.407817|46.0394728550885,TODAY
02_febrero.xlsx,Daily,,,2025-02-28,102351.0411,102351.0411,False,False,111858.0455215,10.0412073586342,111858.0455215|TOTAL RESTAURANT REV|0,10.0412073586342|5695.37281381729|36.1287926413659|20492.2511861827|46.17,TODAY
02_febrero.xlsx,Daily,,,2024-02-29,100183.148372756,100183.148372756,False,False,102351.0411,9.94390530925457,102351.0411|111858.0455215|TOTAL RESTAURANT REV,9.94390530925457|6333.65666159314|35.7786947457585|22788.8300694778|45.722600055013,MONTH_TO_DATE
02_febrero.xlsx,Daily,,,2025-02-28,47.4198573829787,47.4198573829787,False,False,,6686.199891,,6686.199891|13.7617422291667|660.563627|40.2348476875|1931.272689,TODAY
02_febrero.xlsx,Daily,,,2025-02-28,46.17,46.17,False,False,47.4198573829787,7104.09121954839,47.4198573829787,7104.09121954839|10.0412073586342|551.165111014577|36.1287926413659|1983.12108253381,TODAY
02_febrero.xlsx,Daily,,,2024-02-29,0,0.0,False,False,46.17,0,46.17|47.4198573829787,0|0|0|0|0,MONTH_TO_DATE
02_febrero.xlsx,Daily,,,2025-02-28,42.9068068743767,42.9068068743767,False,False,0,111858.0455215,0|46.17|47.4198573829787,111858.0455215|8.36600423340708|3781.4339135|37.6734686216814|17028.407817,TODAY
02_febrero.xlsx,Daily,,,2025-02-28,46.17,46.17,False,False,42.9068068743767,102351.0411,42.9068068743767|0|46.17,102351.0411|10.0412073586342|5695.37281381729|36.1287926413659|20492.2511861827,TODAY
02_febrero.xlsx,Daily,,,2024-02-29,46.6155965669051,46.6155965669051,False,False,46.17,100183.148372756,46.17|42.9068068743767|0,100183.148372756|9.94390530925457|6333.65666159314|35.7786947457585|22788.8300694778,MONTH_TO_DATE
02_febrero.xlsx,Daily,,,2025-02-28,0.833333333333333,0.833333333333333,False,False,,47.4198573829787,,47.4198573829787|6686.199891|13.7617422291667|660.563627|40.2348476875,TODAY
02_febrero.xlsx,Daily,,,2025-02-28,0.254265873,0.254265873,False,False,0.833333333333333,46.17,0.833333333333333,46.17|7104.09121954839|10.0412073586342|551.165111014577|36.1287926413659,TODAY
02_febrero.xlsx,Daily,,,2024-02-29,0,0.0,False,False,0.254265873,0,0.254265873|0.833333333333333,0|0|0|0|0,MONTH_TO_DATE
02_febrero.xlsx,Daily,,,2025-02-28,0.451207071506746,0.451207071506746,False,False,Occupancy,42.9068068743767,Occupancy|0|0.254265873,42.9068068743767|111858.0455215|8.36600423340708|3781.4339135|37.6734686216814,TODAY
02_febrero.xlsx,Daily,,,2025-02-28,0.3927690476,0.3927690476,False,False,0.451207071506746,46.17,0.451207071506746|Occupancy|0,46.17|102351.0411|10.0412073586342|5695.37281381729|36.1287926413659,TODAY
02_febrero.xlsx,Daily,,,2024-02-29,0.5428965517,0.5428965517,False,False,0.3927690476,46.6155965669051,0.3927690476|0.451207071506746|Occupancy,46.6155965669051|100183.148372756|9.94390530925457|6333.65666159314|35.7786947457585,MONTH_TO_DATE
02_febrero.xlsx,Daily,,,2025-02-28,150,150.0,False,False,,0.833333333333333,,0.833333333333333|47.4198573829787|6686.199891|13.7617422291667|660.563627,TODAY
02_febrero.xlsx,Daily,,,2025-02-28,45.76785714,45.76785714,False,False,150,0.254265873,150,0.254265873|46.17|7104.09121954839|10.0412073586342|551.165111014577,TODAY
02_febrero.xlsx,Daily,,,2024-02-29,0,0.0,False,False,45.76785714,0,45.76785714|150,0|0|0|0|0,MONTH_TO_DATE
02_febrero.xlsx,Daily,,,2025-02-28,2251.974550394,2251.974550394,False,False,Total Covers,0.451207071506746,Total Covers|0|45.76785714,0.451207071506746|42.9068068743767|111858.0455215|8.36600423340708|3781.4339135,TODAY
02_febrero.xlsx,Daily,,,2025-02-28,1281.5,1281.5,False,False,2251.974550394,0.3927690476,2251.974550394|Total Covers|0,0.3927690476|46.17|102351.0411|10.0412073586342|5695.37281381729,TODAY
02_febrero.xlsx,Daily,,,2024-02-29,2361.47454545455,2361.47454545455,False,False,1281.5,0.5428965517,1281.5|2251.974550394|Total Covers,0.5428965517|46.6155965669051|100183.148372756|9.94390530925457|6333.65666159314,MONTH_TO_DATE
02_febrero.xlsx,Daily,,,2025-02-28,1473.03634,1473.03634,False,False,,150,,150|0.833333333333333|47.4198573829787|6686.199891|13.7617422291667,TODAY
02_febrero.xlsx,Daily,,,2025-02-28,1127.28,1127.28,False,False,1473.03634,45.76785714,1473.03634,45.76785714|0.254265873|46.17|7104.09121954839|10.0412073586342,TODAY
02_febrero.xlsx,Daily,,,2024-02-29,0,0.0,False,False,1127.28,0,1127.28|1473.03634,0|0|0|0|0,MONTH_TO_DATE
02_febrero.xlsx,Daily,,,2025-02-28,13462.72720597,13462.72720597,False,False,Total Revenue,2251.974550394,Total Revenue|0|1127.28,2251.974550394|0.451207071506746|42.9068068743767|111858.0455215|8.36600423340708,TODAY
02_febrero.xlsx,Daily,,,2025-02-28,18788,18788.0,False,False,13462.72720597,1281.5,13462.72720597|Total Revenue|0,1281.5|0.3927690476|46.17|102351.0411|10.0412073586342,TODAY
02_febrero.xlsx,Daily,,,2024-02-29,11519.3880266075,11519.3880266075,False,False,18788,2361.47454545455,18788|13462.72720597|Total Revenue,2361.47454545455|0.5428965517|46.6155965669051|100183.148372756|9.94390530925457,MONTH_TO_DATE
02_febrero.xlsx,Daily,,,2025-02-28,9.82024226666667,9.82024226666667,False,False,,1473.03634,,1473.03634|150|0.833333333333333|47.4198573829787|6686.199891,TODAY
02_febrero.xlsx,Daily,,,2025-02-28,24.630386267632,24.630386267632,False,False,9.82024226666667,1127.28,9.82024226666667,1127.28|45.76785714|0.254265873|46.17|7104.09121954839,TODAY
02_febrero.xlsx,Daily,,,2024-02-29,0,0.0,False,False,24.630386267632,0,24.630386267632|9.82024226666667,0|0|0|0|0,MONTH_TO_DATE
02_febrero.xlsx,Daily,,,2025-02-28,5.97818798778814,5.97818798778814,False,False,Avg.cover,13462.72720597,Avg.cover|0|24.630386267632,13462.72720597|2251.974550394|0.451207071506746|42.9068068743767|111858.0455215,TODAY
02_febrero.xlsx,Daily,,,2025-02-28,14.6609442060086,14.6609442060086,False,False,5.97818798778814,18788,5.97818798778814|Avg.cover|0,18788|1281.5|0.3927690476|46.17|102351.0411,TODAY
02_febrero.xlsx,Daily,,,2024-02-29,4.87804878048781,4.87804878048781,False,False,14.6609442060086,11519.3880266075,14.6609442060086|5.97818798778814|Avg.cover,11519.3880266075|2361.47454545455|0.5428965517|46.6155965669051|100183.148372756,MONTH_TO_DATE
02_febrero.xlsx,Daily,,,2025-02-28,141.36363,141.36363,False,False,,9.82024226666667,,9.82024226666667|1473.03634|150|0.833333333333333|47.4198573829787,TODAY
02_febrero.xlsx,Daily,,,2025-02-28,311.44129414754,311.44129414754,False,False,141.36363,24.630386267632,141.36363,24.630386267632|1127.28|45.76785714|0.254265873|46.17,TODAY
02_febrero.xlsx,Daily,,,2024-02-29,0,0.0,False,False,311.44129414754,0,311.44129414754|141.36363,0|0|0|0|0,MONTH_TO_DATE
02_febrero.xlsx,Daily,,,2025-02-28,2665.27265627,2665.27265627,False,False,Food Revenue,5.97818798778814,Food Revenue|0|311.44129414754,5.97818798778814|13462.72720597|2251.974550394|0.451207071506746|42.9068068743767,TODAY
02_febrero.xlsx,Daily,,,2025-02-28,5190.68823579233,5190.68823579233,False,False,2665.27265627,14.6609442060086,2665.27265627|Food Revenue|0,14.6609442060086|18788|1281.5|0.3927690476|46.17,TODAY
02_febrero.xlsx,Daily,,,2024-02-29,3182.53948867568,3182.53948867568,False,False,5190.68823579233,4.87804878048781,5190.68823579233|2665.27265627|Food Revenue,4.87804878048781|11519.3880266075|2361.47454545455|0.5428965517|46.6155965669051,MONTH_TO_DATE
02_febrero.xlsx,Daily,,,2025-02-28,0.9424242,0.9424242,False,False,,141.36363,,141.36363|9.82024226666667|1473.03634|150|0.833333333333333,TODAY
02_febrero.xlsx,Daily,,,2025-02-28,6.80480393029691,6.80480393029691,False,False,0.9424242,311.44129414754,0.9424242,311.44129414754|24.630386267632|1127.28|45.76785714|0.254265873,TODAY
02_febrero.xlsx,Daily,,,2024-02-29,0,0.0,False,False,6.80480393029691,0,6.80480393029691|0.9424242,0|0|0|0|0,MONTH_TO_DATE
02_febrero.xlsx,Daily,,,2025-02-28,1.18352698781773,1.18352698781773,False,False,Avg.Spend FD / cover,2665.27265627,Avg.Spend FD / cover|0|6.80480393029691,2665.27265627|5.97818798778814|13462.72720597|2251.974550394|0.451207071506746,TODAY
02_febrero.xlsx,Daily,,,2025-02-28,4.05047852968578,4.05047852968578,False,False,1.18352698781773,5190.68823579233,1.18352698781773|Avg.Spend FD / cover|0,5190.68823579233|14.6609442060086|18788|1281.5|0.3927690476,TODAY
02_febrero.xlsx,Daily,,,2024-02-29,1.34769163394183,1.34769163394183,False,False,4.05047852968578,3182.53948867568,4.05047852968578|1.18352698781773|Avg.Spend FD / cover,3182.53948867568|4.87804878048781|11519.3880266075|2361.47454545455|0.5428965517,MONTH_TO_DATE
02_febrero.xlsx,Daily,,,2025-02-28,1331.67271,1331.67271,False,False,,0.9424242,,0.9424242|141.36363|9.82024226666667|1473.03634|150,TODAY
02_febrero.xlsx,Daily,,,2025-02-28,815.838705852461,815.838705852461,False,False,1331.67271,6.80480393029691,1331.67271,6.80480393029691|311.44129414754|24.630386267632|1127.28|45.76785714,TODAY
02_febrero.xlsx,Daily,,,2024-02-29,0,0.0,False,False,815.838705852461,0,815.838705852461|1331.67271,0|0|0|0|0,MONTH_TO_DATE
02_febrero.xlsx,Daily,,,2025-02-28,10797.4545497,10797.4545497,False,False,Beverage Revenue,1.18352698781773,Beverage Revenue|0|815.838705852461,1.18352698781773|2665.27265627|5.97818798778814|13462.72720597|2251.974550394,TODAY
02_febrero.xlsx,Daily,,,2025-02-28,13597.3117642077,13597.3117642077,False,False,10797.4545497,4.05047852968578,10797.4545497|Beverage Revenue|0,4.05047852968578|5190.68823579233|14.6609442060086|18788|1281.5,TODAY
02_febrero.xlsx,Daily,,,2024-02-29,8336.84853793186,8336.84853793186,False,False,13597.3117642077,1.34769163394183,13597.3117642077|10797.4545497|Beverage Revenue,1.34769163394183|3182.53948867568|4.87804878048781|11519.3880266075|2361.47454545455,MONTH_TO_DATE
02_febrero.xlsx,Daily,,,2025-02-28,8.87781806666667,8.87781806666667,False,False,,1331.67271,,1331.67271|0.9424242|141.36363|9.82024226666667|1473.03634,TODAY
02_febrero.xlsx,Daily,,,2025-02-28,17.8255823373351,17.8255823373351,False,False,8.87781806666667,815.838705852461,8.87781806666667,815.838705852461|6.80480393029691|311.44129414754|24.630386267632|1127.28,TODAY
02_febrero.xlsx,Daily,,,2024-02-29,0,0.0,False,False,17.8255823373351,0,17.8255823373351|8.87781806666667,0|0|0|0|0,MONTH_TO_DATE
02_febrero.xlsx,Daily,,,2025-02-28,4.79466099997041,4.79466099997041,False,False,Avg.Spend BV / cover,10797.4545497,Avg.Spend BV / cover|0|17.8255823373351,10797.4545497|1.18352698781773|2665.27265627|5.97818798778814|13462.72720597,TODAY
02_febrero.xlsx,Daily,,,2025-02-28,10.6104656763228,10.6104656763228,False,False,4.79466099997041,13597.3117642077,4.79466099997041|Avg.Spend BV / cover|0,13597.3117642077|4.05047852968578|5190.68823579233|14.6609442060086|18788,TODAY
02_febrero.xlsx,Daily,,,2024-02-29,3.53035714654597,3.53035714654597,False,False,10.6104656763228,8336.84853793186,10.6104656763228|4.79466099997041|Avg.Spend BV / cover,8336.84853793186|1.34769163394183|3182.53948867568|4.87804878048781|11519.3880266075,MONTH_TO_DATE
02_febrero.xlsx,Daily,,,2025-02-28,1473.03634,1473.03634,False,False,,8.87781806666667,,8.87781806666667|1331.67271|0.9424242|141.36363|9.82024226666667,TODAY
02_febrero.xlsx,Daily,,,2025-02-28,1127.28,1127.28,False,False,1473.03634,17.8255823373351,1473.03634,17.8255823373351|815.838705852461|6.80480393029691|311.44129414754|24.630386267632,TODAY
02_febrero.xlsx,Daily,,,2024-02-29,0,0.0,False,False,1127.28,0,1127.28|1473.03634,0|0|0|0|0,MONTH_TO_DATE
02_febrero.xlsx,Daily,,,2025-02-28,13462.72720597,13462.72720597,False,False,TOTAL BER REV,4.79466099997041,TOTAL BER REV|0|1127.28,4.79466099997041|10797.4545497|1.18352698781773|2665.27265627|5.97818798778814,TODAY
02_febrero.xlsx,Daily,,,2025-02-28,18788,18788.0,False,False,13462.72720597,10.6104656763228,13462.72720597|TOTAL BER REV|0,10.6104656763228|13597.3117642077|4.05047852968578|5190.68823579233|14.6609442060086,TODAY
02_febrero.xlsx,Daily,,,2024-02-29,11519.3880266075,11519.3880266075,False,False,18788,3.53035714654597,18788|13462.72720597|TOTAL BER REV,3.53035714654597|8336.84853793186|1.34769163394183|3182.53948867568|4.87804878048781,MONTH_TO_DATE
02_febrero.xlsx,Daily,,,2025-02-28,0,0.0,False,False,,1473.03634,,1473.03634|8.87781806666667|1331.67271|0.9424242|141.36363,TODAY
02_febrero.xlsx,Daily,,,2025-02-28,0,0.0,False,False,0,1127.28,0,1127.28|17.8255823373351|815.838705852461|6.80480393029691|311.44129414754,TODAY
02_febrero.xlsx,Daily,,,2024-02-29,0,0.0,False,False,0,0,0|0,0|0|0|0|0,MONTH_TO_DATE
02_febrero.xlsx,Daily,,,2025-02-28,2,2.0,False,False,Total Pax,13462.72720597,Total Pax|0|0,13462.72720597|4.79466099997041|10797.4545497|1.18352698781773|2665.27265627,TODAY
02_febrero.xlsx,Daily,,,2025-02-28,0,0.0,False,False,2,18788,2|Total Pax|0,18788|10.6104656763228|13597.3117642077|4.05047852968578|5190.68823579233,TODAY
02_febrero.xlsx,Daily,,,2024-02-29,0,0.0,False,False,0,11519.3880266075,0|2|Total Pax,11519.3880266075|3.53035714654597|8336.84853793186|1.34769163394183|3182.53948867568,MONTH_TO_DATE
02_febrero.xlsx,Daily,,,2025-02-28,0,0.0,False,False,,0,,0|1473.03634|8.87781806666667|1331.67271|0.9424242,TODAY
02_febrero.xlsx,Daily,,,2025-02-28,0,0.0,False,False,0,0,0,0|1127.28|17.8255823373351|815.838705852461|6.80480393029691,TODAY
02_febrero.xlsx,Daily,,,2024-02-29,0,0.0,False,False,0,0,0|0,0|0|0|0|0,MONTH_TO_DATE
02_febrero.xlsx,Daily,,,2025-02-28,1,1.0,False,False,# Events,2,# Events|0|0,2|13462.72720597|4.79466099997041|10797.4545497|1.18352698781773,TODAY
02_febrero.xlsx,Daily,,,2025-02-28,0,0.0,False,False,1,0,1|# Events|0,0|18788|10.6104656763228|13597.3117642077|4.05047852968578,TODAY
02_febrero.xlsx,Daily,,,2024-02-29,0,0.0,False,False,0,0,0|1|# Events,0|11519.3880266075|3.53035714654597|8336.84853793186|1.34769163394183,MONTH_TO_DATE
02_febrero.xlsx,Daily,,,2025-02-28,0,0.0,False,False,,0,,0|0|1473.03634|8.87781806666667|1331.67271,TODAY
02_febrero.xlsx,Daily,,,2025-02-28,0,0.0,False,False,0,0,0,0|0|1127.28|17.8255823373351|815.838705852461,TODAY
02_febrero.xlsx,Daily,,,2024-02-29,0,0.0,False,False,0,0,0|0,0|0|0|0|0,MONTH_TO_DATE
02_febrero.xlsx,Daily,,,2025-02-28,125.00001,125.00001,False,False,Total Revenue F&B,1,Total Revenue F&B|0|0,1|2|13462.72720597|4.79466099997041|10797.4545497,TODAY
02_febrero.xlsx,Daily,,,2025-02-28,0,0.0,False,False,125.00001,0,125.00001|Total Revenue F&B|0,0|0|18788|10.6104656763228|13597.3117642077,TODAY
02_febrero.xlsx,Daily,,,2024-02-29,0,0.0,False,False,0,0,0|125.00001|Total Revenue F&B,0|0|11519.3880266075|3.53035714654597|8336.84853793186,MONTH_TO_DATE
02_febrero.xlsx,Daily,,,2025-02-28,0,0.0,False,False,,0,,0|0|0|1473.03634|8.87781806666667,TODAY
02_febrero.xlsx,Daily,,,2025-02-28,0,0.0,False,False,0,0,0,0|0|0|1127.28|17.8255823373351,TODAY
02_febrero.xlsx,Daily,,,2024-02-29,0,0.0,False,False,0,0,0|0,0|0|0|0|0,MONTH_TO_DATE
02_febrero.xlsx,Daily,,,2025-02-28,62.500005,62.500005,False,False,Avg.pax,125.00001,Avg.pax|0|0,125.00001|1|2|13462.72720597|4.79466099997041,TODAY
02_febrero.xlsx,Daily,,,2025-02-28,0,0.0,False,False,62.500005,0,62.500005|Avg.pax|0,0|0|0|18788|10.6104656763228,TODAY
02_febrero.xlsx,Daily,,,2024-02-29,0,0.0,False,False,0,0,0|62.500005|Avg.pax,0|0|0|11519.3880266075|3.53035714654597,MONTH_TO_DATE
02_febrero.xlsx,Daily,,,2025-02-28,0,0.0,False,False,,0,,0|0|0|0|1473.03634,TODAY
02_febrero.xlsx,Daily,,,2025-02-28,0,0.0,False,False,0,0,0,0|0|0|0|1127.28,TODAY
02_febrero.xlsx,Daily,,,2024-02-29,0,0.0,False,False,0,0,0|0,0|0|0|0|0,MONTH_TO_DATE
02_febrero.xlsx,Daily,,,2025-02-28,0,0.0,False,False,Room Rental,62.500005,Room Rental|0|0,62.500005|125.00001|1|2|13462.72720597,TODAY
02_febrero.xlsx,Daily,,,2025-02-28,0,0.0,False,False,0,0,0|Room Rental|0,0|0|0|0|18788,TODAY
02_febrero.xlsx,Daily,,,2024-02-29,0,0.0,False,False,0,0,0|0|Room Rental,0|0|0|0|11519.3880266075,MONTH_TO_DATE
02_febrero.xlsx,Daily,,,2025-02-28,0,0.0,False,False,,0,,0|0|0|0|0,TODAY
02_febrero.xlsx,Daily,,,2025-02-28,0,0.0,False,False,0,0,0,0|0|0|0|0,TODAY
02_febrero.xlsx,Daily,,,2024-02-29,0,0.0,False,False,0,0,0|0,0|0|0|0|0,MONTH_TO_DATE
02_febrero.xlsx,Daily,,,2025-02-28,0,0.0,False,False,Other Revenue,0,Other Revenue|0|0,0|62.500005|125.00001|1|2,TODAY
02_febrero.xlsx,Daily,,,2025-02-28,0,0.0,False,False,0,0,0|Other Revenue|0,0|0|0|0|0,TODAY
02_febrero.xlsx,Daily,,,2024-02-29,0,0.0,False,False,0,0,0|0|Other Revenue,0|0|0|0|0,MONTH_TO_DATE
02_febrero.xlsx,Daily,,,2025-02-28,0,0.0,False,False,,0,,0|0|0|0|0,TODAY
02_febrero.xlsx,Daily,,,2025-02-28,0,0.0,False,False,0,0,0,0|0|0|0|0,TODAY
02_febrero.xlsx,Daily,,,2024-02-29,0,0.0,False,False,0,0,0|0,0|0|0|0|0,MONTH_TO_DATE
02_febrero.xlsx,Daily,,,2025-02-28,125.00001,125.00001,False,False,Total Weddings Rev.,0,Total Weddings Rev.|0|0,0|0|62.500005|125.00001|1,TODAY
02_febrero.xlsx,Daily,,,2025-02-28,0,0.0,False,False,125.00001,0,125.00001|Total Weddings Rev.|0,0|0|0|0|0,TODAY
02_febrero.xlsx,Daily,,,2024-02-29,0,0.0,False,False,0,0,0|125.00001|Total Weddings Rev.,0|0|0|0|0,MONTH_TO_DATE
02_febrero.xlsx,Daily,,,2025-02-28,0,0.0,False,False,,0,,0|0|0|0|0,TODAY
02_febrero.xlsx,Daily,,,2025-02-28,19.39285714,19.39285714,False,False,0,0,0,0|0|0|0|0,TODAY
02_febrero.xlsx,Daily,,,2024-02-29,0,0.0,False,False,19.39285714,0,19.39285714|0,0|0|0|0|0,MONTH_TO_DATE
02_febrero.xlsx,Daily,,,2025-02-28,683,683.0,False,False,Total Pax,125.00001,Total Pax|0|19.39285714,125.00001|0|0|62.500005|125.00001,TODAY
02_febrero.xlsx,Daily,,,2025-02-28,543,543.0,False,False,683,0,683|Total Pax|0,0|0|0|0|0,TODAY
02_febrero.xlsx,Daily,,,2024-02-29,0,0.0,False,False,543,0,543|683|Total Pax,0|0|0|0|0,MONTH_TO_DATE
02_febrero.xlsx,Daily,,,2025-02-28,0,0.0,False,False,,0,,0|0|0|0|0,TODAY
02_febrero.xlsx,Daily,,,2024-02-29,0,0.0,False,False,0,0,0,0|0|0|0|0,MONTH_TO_DATE
02_febrero.xlsx,Daily,,,2025-02-28,14,14.0,False,False,# Events,683,# Events|0|0,683|125.00001|0|0|62.500005,TODAY
02_febrero.xlsx,Daily,,,2025-02-28,14,14.0,False,False,14,543,14|# Events|0,543|0|0|0|0,TODAY
02_febrero.xlsx,Daily,,,2024-02-29,0,0.0,False,False,14,0,14|14|# Events,0|0|0|0|0,MONTH_TO_DATE
02_febrero.xlsx,Daily,,,2025-02-28,1016.3884,1016.3884,False,False,,0,,0|0|0|0|0,TODAY
02_febrero.xlsx,Daily,,,2025-02-28,973.5,973.5,False,False,1016.3884,19.39285714,1016.3884,19.39285714|0|0|0|0,TODAY
02_febrero.xlsx,Daily,,,2024-02-29,0,0.0,False,False,973.5,0,973.5|1016.3884,0|0|0|0|0,MONTH_TO_DATE
02_febrero.xlsx,Daily,,,2025-02-28,51094.656337,51094.656337,False,False,Total Revenue F&B,14,Total Revenue F&B|0|973.5,14|683|125.00001|0|0,TODAY
02_febrero.xlsx,Daily,,,2025-02-28,27258,27258.0,False,False,51094.656337,14,51094.656337|Total Revenue F&B|0,14|543|0|0|0,TODAY
02_febrero.xlsx,Daily,,,2024-02-29,0,0.0,False,False,27258,0,27258|51094.656337|Total Revenue F&B,0|0|0|0|0,MONTH_TO_DATE
02_febrero.xlsx,Daily,,,2025-02-28,0,0.0,False,False,,1016.3884,,1016.3884|0|0|0|0,TODAY
02_febrero.xlsx,Daily,,,2025-02-28,50.1988950350201,50.1988950350201,False,False,0,973.5,0,973.5|19.39285714|0|0|0,TODAY
02_febrero.xlsx,Daily,,,2024-02-29,0,0.0,False,False,50.1988950350201,0,50.1988950350201|0,0|0|0|0|0,MONTH_TO_DATE
02_febrero.xlsx,Daily,,,2025-02-28,74.8091600834553,74.8091600834553,False,False,Avg.pax,51094.656337,Avg.pax|0|50.1988950350201,51094.656337|14|683|125.00001|0,TODAY
02_febrero.xlsx,Daily,,,2025-02-28,50.1988950276243,50.1988950276243,False,False,74.8091600834553,27258,74.8091600834553|Avg.pax|0,27258|14|543|0|0,TODAY
02_febrero.xlsx,Daily,,,2024-02-29,0,0.0,False,False,50.1988950276243,0,50.1988950276243|74.8091600834553|Avg.pax,0|0|0|0|0,MONTH_TO_DATE
02_febrero.xlsx,Daily,,,2025-02-28,0,0.0,False,False,,0,,0|1016.3884|0|0|0,TODAY
02_febrero.xlsx,Daily,,,2025-02-28,50,50.0,False,False,0,50.1988950350201,0,50.1988950350201|973.5|19.39285714|0|0,TODAY
02_febrero.xlsx,Daily,,,2024-02-29,0,0.0,False,False,50,0,50|0,0|0|0|0|0,MONTH_TO_DATE
02_febrero.xlsx,Daily,,,2025-02-28,0,0.0,False,False,Room Rental,74.8091600834553,Room Rental|0|50,74.8091600834553|51094.656337|14|683|125.00001,TODAY
02_febrero.xlsx,Daily,,,2025-02-28,1400,1400.0,False,False,0,50.1988950276243,0|Room Rental|0,50.1988950276243|27258|14|543|0,TODAY
02_febrero.xlsx,Daily,,,2024-02-29,0,0.0,False,False,1400,0,1400|0|Room Rental,0|0|0|0|0,MONTH_TO_DATE
02_febrero.xlsx,Daily,,,2025-02-28,0,0.0,False,False,,0,,0|0|1016.3884|0|0,TODAY
02_febrero.xlsx,Daily,,,2025-02-28,0,0.0,False,False,0,50,0,50|50.1988950350201|973.5|19.39285714|0,TODAY
02_febrero.xlsx,Daily,,,2024-02-29,0,0.0,False,False,0,0,0|0,0|0|0|0|0,MONTH_TO_DATE
02_febrero.xlsx,Daily,,,2025-02-28,757.19,757.19,False,False,Other Revenue,0,Other Revenue|0|0,0|74.8091600834553|51094.656337|14|683,TODAY
02_febrero.xlsx,Daily,,,2025-02-28,0,0.0,False,False,757.19,1400,757.19|Other Revenue|0,1400|50.1988950276243|27258|14|543,TODAY
02_febrero.xlsx,Daily,,,2024-02-29,0,0.0,False,False,0,0,0|757.19|Other Revenue,0|0|0|0|0,MONTH_TO_DATE
02_febrero.xlsx,Daily,,,2025-02-28,1016.3884,1016.3884,False,False,,0,,0|0|0|1016.3884|0,TODAY
02_febrero.xlsx,Daily,,,2025-02-28,1023.5,1023.5,False,False,1016.3884,0,1016.3884,0|50|50.1988950350201|973.5|19.39285714,TODAY
02_febrero.xlsx,Daily,,,2024-02-29,0,0.0,False,False,1023.5,0,1023.5|1016.3884,0|0|0|0|0,MONTH_TO_DATE
02_febrero.xlsx,Daily,,,2025-02-28,51851.846337,51851.846337,False,False,Total MICE Rev.,757.19,Total MICE Rev.|0|1023.5,757.19|0|74.8091600834553|51094.656337|14,TODAY
02_febrero.xlsx,Daily,,,2025-02-28,28658,28658.0,False,False,51851.846337,0,51851.846337|Total MICE Rev.|0,0|1400|50.1988950276243|27258|14,TODAY
02_febrero.xlsx,Daily,,,2024-02-29,0,0.0,False,False,28658,0,28658|51851.846337|Total MICE Rev.,0|0|0|0|0,MONTH_TO_DATE
02_febrero.xlsx,Daily,,,2025-02-28,42,42.0,False,False,,1016.3884,,1016.3884|0|0|0|1016.3884,TODAY
02_febrero.xlsx,Daily,,,2025-02-28,20.2857142857143,20.2857142857143,False,False,42,1023.5,42,1023.5|0|50|50.1988950350201|973.5,TODAY
02_febrero.xlsx,Daily,,,2024-02-29,32.4642857142857,32.4642857142857,False,False,20.2857142857143,0,20.2857142857143|42,0|0|0|0|0,MONTH_TO_DATE
02_febrero.xlsx,Daily,,,2025-02-28,442,442.0,False,False,Total Pax,51851.846337,Total Pax|32.4642857142857|20.2857142857143,51851.846337|757.19|0|74.8091600834553|51094.656337,TODAY
02_febrero.xlsx,Daily,,,2025-02-28,568,568.0,False,False,442,28658,442|Total Pax|32.4642857142857,28658|0|1400|50.1988950276243|27258,TODAY
02_febrero.xlsx,Daily,,,2024-02-29,909,909.0,False,False,568,0,568|442|Total Pax,0|0|0|0|0,MONTH_TO_DATE
02_febrero.xlsx,Daily,,,2025-02-28,1,1.0,False,False,,42,,42|1016.3884|0|0|0,TODAY
02_febrero.xlsx,Daily,,,2025-02-28,0.571428571428571,0.571428571428571,False,False,1,20.2857142857143,1,20.2857142857143|1023.5|0|50|50.1988950350201,TODAY
02_febrero.xlsx,Daily,,,2024-02-29,0.607142857142857,0.607142857142857,False,False,0.571428571428571,32.4642857142857,0.571428571428571|1,32.4642857142857|0|0|0|0,MONTH_TO_DATE
02_febrero.xlsx,Daily,,,2025-02-28,40,40.0,False,False,# Events,442,# Events|0.607142857142857|0.571428571428571,442|51851.846337|757.19|0|74.8091600834553,TODAY
02_febrero.xlsx,Daily,,,2025-02-28,16,16.0,False,False,40,568,40|# Events|0.607142857142857,568|28658|0|1400|50.1988950276243,TODAY
02_febrero.xlsx,Daily,,,2024-02-29,17,17.0,False,False,16,909,16|40|# Events,909|0|0|0|0,MONTH_TO_DATE
02_febrero.xlsx,Daily,,,2025-02-28,997.142857142857,997.142857142857,False,False,2054.545455,0.571428571428571,2054.545455,0.571428571428571|20.2857142857143|1023.5|0|50,TODAY
02_febrero.xlsx,Daily,,,2024-02-29,1409.18624571429,1409.18624571429,False,False,997.142857142857,0.607142857142857,997.142857142857|2054.545455,0.607142857142857|32.4642857142857|0|0|0,MONTH_TO_DATE
02_febrero.xlsx,Daily,,,2025-02-28,16514.886706,16514.886706,False,False,Total Revenue F&B,40,Total Revenue F&B|1409.18624571429|997.142857142857,40|442|51851.846337|757.19|0,TODAY
02_febrero.xlsx,Daily,,,2025-02-28,27920,27920.0,False,False,16514.886706,16,16514.886706|Total Revenue F&B|1409.18624571429,16|568|28658|0|1400,TODAY
02_febrero.xlsx,Daily,,,2024-02-29,39457.21488,39457.21488,False,False,27920,17,27920|16514.886706|Total Revenue F&B,17|909|0|0|0,MONTH_TO_DATE
02_febrero.xlsx,Daily,,,2025-02-28,48.9177489285714,48.9177489285714,False,False,,2054.545455,,2054.545455|1|42|1016.3884|0,TODAY
02_febrero.xlsx,Daily,,,2025-02-28,49.1549295774648,49.1549295774648,False,False,48.9177489285714,997.142857142857,48.9177489285714,997.142857142857|0.571428571428571|20.2857142857143|1023.5|0,TODAY
02_febrero.xlsx,Daily,,,2024-02-29,1.55025989642857,1.55025989642857,False,False,49.1549295774648,1409.18624571429,49.1549295774648|48.9177489285714,1409.18624571429|0.607142857142857|32.4642857142857|0|0,MONTH_TO_DATE
02_febrero.xlsx,Daily,,,2025-02-28,37.3639970723982,37.3639970723982,False,False,Avg.pax,16514.886706,Avg.pax|1.55025989642857|49.1549295774648,16514.886706|40|442|51851.846337|757.19,TODAY
02_febrero.xlsx,Daily,,,2025-02-28,49.1549295774648,49.1549295774648,False,False,37.3639970723982,27920,37.3639970723982|Avg.pax|1.55025989642857,27920|16|568|28658|0,TODAY
02_febrero.xlsx,Daily,,,2024-02-29,43.4072771,43.4072771,False,False,49.1549295774648,39457.21488,49.1549295774648|37.3639970723982|Avg.pax,39457.21488|17|909|0|0,MONTH_TO_DATE
02_febrero.xlsx,Daily,,,2025-02-28,0,0.0,False,False,,48.9177489285714,,48.9177489285714|2054.545455|1|42|1016.3884,TODAY
02_febrero.xlsx,Daily,,,2025-02-28,0,0.0,False,False,0,49.1549295774648,0,49.1549295774648|997.142857142857|0.571428571428571|20.2857142857143|1023.5,TODAY
02_febrero.xlsx,Daily,,,2024-02-29,0,0.0,False,False,0,1.55025989642857,0|0,1.55025989642857|1409.18624571429|0.607142857142857|32.4642857142857|0,MONTH_TO_DATE
02_febrero.xlsx,Daily,,,2025-02-28,0,0.0,False,False,Room Rental,37.3639970723982,Room Rental|0|0,37.3639970723982|16514.886706|40|442|51851.846337,TODAY
02_febrero.xlsx,Daily,,,2025-02-28,0,0.0,False,False,0,49.1549295774648,0|Room Rental|0,49.1549295774648|27920|16|568|28658,TODAY
02_febrero.xlsx,Daily,,,2024-02-29,0,0.0,False,False,0,43.4072771,0|0|Room Rental,43.4072771|39457.21488|17|909|0,MONTH_TO_DATE
02_febrero.xlsx,Daily,,,2025-02-28,0,0.0,False,False,,0,,0|48.9177489285714|2054.545455|1|42,TODAY
02_febrero.xlsx,Daily,,,2025-02-28,0,0.0,False,False,0,0,0,0|49.1549295774648|997.142857142857|0.571428571428571|20.2857142857143,TODAY
02_febrero.xlsx,Daily,,,2024-02-29,0,0.0,False,False,0,0,0|0,0|1.55025989642857|1409.18624571429|0.607142857142857|32.4642857142857,MONTH_TO_DATE
02_febrero.xlsx,Daily,,,2025-02-28,0,0.0,False,False,Other Revenue,0,Other Revenue|0|0,0|37.3639970723982|16514.886706|40|442,TODAY
02_febrero.xlsx,Daily,,,2025-02-28,0,0.0,False,False,0,0,0|Other Revenue|0,0|49.1549295774648|27920|16|568,TODAY
02_febrero.xlsx,Daily,,,2024-02-29,0,0.0,False,False,0,0,0|0|Other Revenue,0|43.4072771|39457.21488|17|909,MONTH_TO_DATE
02_febrero.xlsx,Daily,,,2025-02-28,997.142857142857,997.142857142857,False,False,2054.545455,0,2054.545455,0|0|49.1549295774648|997.142857142857|0.571428571428571,TODAY
02_febrero.xlsx,Daily,,,2024-02-29,1409.186246,1409.186246,False,False,997.142857142857,0,997.142857142857|2054.545455,0|0|1.55025989642857|1409.18624571429|0.607142857142857,MONTH_TO_DATE
02_febrero.xlsx,Daily,,,2025-02-28,16514.886706,16514.886706,False,False,Total Individuals Rev.,0,Total Individuals Rev.|1409.186246|997.142857142857,0|0|37.3639970723982|16514.886706|40,TODAY
02_febrero.xlsx,Daily,,,2025-02-28,27920,27920.0,False,False,16514.886706,0,16514.886706|Total Individuals Rev.|1409.186246,0|0|49.1549295774648|27920|16,TODAY
02_febrero.xlsx,Daily,,,2024-02-29,39457.21488,39457.21488,False,False,27920,0,27920|16514.886706|Total Individuals Rev.,0|0|43.4072771|39457.21488|17,MONTH_TO_DATE
02_febrero.xlsx,Daily,,,2025-02-28,3070.933855,3070.933855,False,False,,2054.545455,,2054.545455|0|0|48.9177489285714|2054.545455,TODAY
02_febrero.xlsx,Daily,,,2024-02-29,1409.186246,1409.186246,False,False,2020.64285714286,1409.186246,2020.64285714286|3070.933855,1409.186246|0|0|1.55025989642857|1409.18624571429,MONTH_TO_DATE
02_febrero.xlsx,Daily,,,2025-02-28,68491.733053,68491.733053,False,False,TOTAL BANQUETING,16514.886706,TOTAL BANQUETING|1409.186246|2020.64285714286,16514.886706|0|0|37.3639970723982|16514.886706,TODAY
02_febrero.xlsx,Daily,,,2025-02-28,56578,56578.0,False,False,68491.733053,27920,68491.733053|TOTAL BANQUETING|1409.186246,27920|0|0|49.1549295774648|27920,TODAY
02_febrero.xlsx,Daily,,,2024-02-29,39457.21488,39457.21488,False,False,56578,39457.21488,56578|68491.733053|TOTAL BANQUETING,39457.21488|0|0|43.4072771|39457.21488,MONTH_TO_DATE
02_febrero.xlsx,Daily,,,2025-02-28,11230.170086,11230.170086,False,False,,3070.933855,,3070.933855|2054.545455|0|0|48.9177489285714,TODAY
02_febrero.xlsx,Daily,,,2025-02-28,10252.0140766912,10252.0140766912,False,False,11230.170086,2020.64285714286,11230.170086,2020.64285714286|997.142857142857|0|0|49.1549295774648,TODAY
02_febrero.xlsx,Daily,,,2024-02-29,1409.186246,1409.186246,False,False,10252.0140766912,1409.186246,10252.0140766912|11230.170086,1409.186246|1409.186246|0|0|1.55025989642857,MONTH_TO_DATE
02_febrero.xlsx,Daily,,,2025-02-28,193812.50578047,193812.50578047,False,False,TOTAL F&B,68491.733053,TOTAL F&B|1409.186246|10252.0140766912,68491.733053|16514.886706|0|0|37.3639970723982,TODAY
02_febrero.xlsx,Daily,,,2025-02-28,177717.0411,177717.0411,False,False,193812.50578047,56578,193812.50578047|TOTAL F&B|1409.186246,56578|27920|0|0|49.1549295774648,TODAY
02_febrero.xlsx,Daily,,,2024-02-29,151159.751279364,151159.751279364,False,False,177717.0411,39457.21488,177717.0411|193812.50578047|TOTAL F&B,39457.21488|39457.21488|0|0|43.4072771,MONTH_TO_DATE
02_febrero.xlsx,Daily,,,2025-02-28,373.272731,373.272731,False,False,,11230.170086,,11230.170086|3070.933855|2054.545455|0|0,TODAY
02_febrero.xlsx,Daily,,,2025-02-28,76.7136298618111,76.7136298618111,False,False,373.272731,10252.0140766912,373.272731,10252.0140766912|2020.64285714286|997.142857142857|0|0,TODAY
02_febrero.xlsx,Daily,,,2024-02-29,45.4100883442576,45.4100883442576,False,False,76.7136298618111,1409.186246,76.7136298618111|373.272731,1409.186246|1409.186246|1409.186246|0|0,MONTH_TO_DATE
02_febrero.xlsx,Daily,,,2025-02-28,2264.39833139,2264.39833139,False,False,Wine Revenue,193812.50578047,Wine Revenue|45.4100883442576|76.7136298618111,193812.50578047|68491.733053|16514.886706|0|0,TODAY
02_febrero.xlsx,Daily,,,2025-02-28,2147.98163613071,2147.98163613071,False,False,2264.39833139,177717.0411,2264.39833139|Wine Revenue|45.4100883442576,177717.0411|56578|27920|0|0,TODAY
02_febrero.xlsx,Daily,,,2024-02-29,1271.48247363921,1271.48247363921,False,False,2147.98163613071,151159.751279364,2147.98163613071|2264.39833139|Wine Revenue,151159.751279364|39457.21488|39457.21488|0|0,MONTH_TO_DATE
02_febrero.xlsx,Daily,,,2025-02-28,534.59499,534.59499,False,False,,373.272731,,373.272731|11230.170086|3070.933855|2054.545455|0,TODAY
02_febrero.xlsx,Daily,,,2025-02-28,321.895879241896,321.895879241896,False,False,534.59499,76.7136298618111,534.59499,76.7136298618111|10252.0140766912|2020.64285714286|997.142857142857|0,TODAY
02_febrero.xlsx,Daily,,,2024-02-29,233.614989940154,233.614989940154,False,False,321.895879241896,45.4100883442576,321.895879241896|534.59499,45.4100883442576|1409.186246|1409.186246|1409.186246|0,MONTH_TO_DATE
02_febrero.xlsx,Daily,,,2025-02-28,11984.937962,11984.937962,False,False,Spirits Revenue,2264.39833139,Spirits Revenue|233.614989940154|321.895879241896,2264.39833139|193812.50578047|68491.733053|16514.886706|0,TODAY
02_febrero.xlsx,Daily,,,2025-02-28,9013.08461877308,9013.08461877308,False,False,11984.937962,2147.98163613071,11984.937962|Spirits Revenue|233.614989940154,2147.98163613071|177717.0411|56578|27920|0,TODAY
02_febrero.xlsx,Daily,,,2024-02-29,6541.2197183243,6541.2197183243,False,False,9013.08461877308,1271.48247363921,9013.08461877308|11984.937962|Spirits Revenue,1271.48247363921|151159.751279364|39457.21488|39457.21488|0,MONTH_TO_DATE
02_febrero.xlsx,Daily,,,2025-02-28,109.338846,109.338846,False,False,,534.59499,,534.59499|373.272731|11230.170086|3070.933855|2054.545455,TODAY
02_febrero.xlsx,Daily,,,2025-02-28,40.8872766105787,40.8872766105787,False,False,109.338846,321.895879241896,109.338846,321.895879241896|76.7136298618111|10252.0140766912|2020.64285714286|997.142857142857,TODAY
02_febrero.xlsx,Daily,,,2024-02-29,24.6793958392704,24.6793958392704,False,False,40.8872766105787,233.614989940154,40.8872766105787|109.338846,233.614989940154|45.4100883442576|1409.186246|1409.186246|1409.186246,MONTH_TO_DATE
02_febrero.xlsx,Daily,,,2025-02-28,2517.31402441,2517.31402441,False,False,Merchandising Revenue,11984.937962,Merchandising Revenue|24.6793958392704|40.8872766105787,11984.937962|2264.39833139|193812.50578047|68491.733053|16514.886706,TODAY
02_febrero.xlsx,Daily,,,2025-02-28,1144.8437450962,1144.8437450962,False,False,2517.31402441,9013.08461877308,2517.31402441|Merchandising Revenue|24.6793958392704,9013.08461877308|2147.98163613071|177717.0411|56578|27920,TODAY
02_febrero.xlsx,Daily,,,2024-02-29,691.023083499572,691.023083499572,False,False,1144.8437450962,6541.2197183243,1144.8437450962|2517.31402441|Merchandising Revenue,6541.2197183243|1271.48247363921|151159.751279364|39457.21488|39457.21488,MONTH_TO_DATE
02_febrero.xlsx,Daily,,,2025-02-28,1017.206567,1017.206567,False,False,,109.338846,,109.338846|534.59499|373.272731|11230.170086|3070.933855,TODAY
02_febrero.xlsx,Daily,,,2025-02-28,439.496785714286,439.496785714286,False,False,1017.206567,40.8872766105787,1017.206567,40.8872766105787|321.895879241896|76.7136298618111|10252.0140766912|2020.64285714286,TODAY
02_febrero.xlsx,Daily,,,2024-02-29,303.704474123682,303.704474123682,False,False,439.496785714286,24.6793958392704,439.496785714286|1017.206567,24.6793958392704|233.614989940154|45.4100883442576|1409.186246|1409.186246,MONTH_TO_DATE
02_febrero.xlsx,Daily,,,2025-02-28,16766.6503178,16766.6503178,False,False,TOTAL SHOP,2517.31402441,TOTAL SHOP|303.704474123682|439.496785714286,2517.31402441|11984.937962|2264.39833139|193812.50578047|68491.733053,TODAY
02_febrero.xlsx,Daily,,,2025-02-28,12305.91,12305.91,False,False,16766.6503178,1144.8437450962,16766.6503178|TOTAL SHOP|303.704474123682,1144.8437450962|9013.08461877308|2147.98163613071|177717.0411|56578,TODAY
02_febrero.xlsx,Daily,,,2024-02-29,8503.72527546309,8503.72527546309,False,False,12305.91,691.023083499572,12305.91|16766.6503178|TOTAL SHOP,691.023083499572|6541.2197183243|1271.48247363921|151159.751279364|39457.21488,MONTH_TO_DATE
02_febrero.xlsx,Daily,,,2025-02-28,6686.199891,6686.199891,False,False,,1017.206567,,1017.206567|109.338846|534.59499|373.272731|11230.170086,TODAY
02_febrero.xlsx,Daily,,,2025-02-28,7104.09121954839,7104.09121954839,False,False,6686.199891,439.496785714286,6686.199891,439.496785714286|40.8872766105787|321.895879241896|76.7136298618111|10252.0140766912,TODAY
02_febrero.xlsx,Daily,,,2024-02-29,0,0.0,False,False,7104.09121954839,303.704474123682,7104.09121954839|6686.199891,303.704474123682|24.6793958392704|233.614989940154|45.4100883442576|1409.186246,MONTH_TO_DATE
02_febrero.xlsx,Daily,,,2025-02-28,111858.0455215,111858.0455215,False,False,Revenue Restaurant,16766.6503178,Revenue Restaurant|0|7104.09121954839,16766.6503178|2517.31402441|11984.937962|2264.39833139|193812.50578047,TODAY
02_febrero.xlsx,Daily,,,2025-02-28,102351.0411,102351.0411,False,False,111858.0455215,12305.91,111858.0455215|Revenue Restaurant|0,12305.91|1144.8437450962|9013.08461877308|2147.98163613071|177717.0411,TODAY
02_febrero.xlsx,Daily,,,2024-02-29,100183.148372756,100183.148372756,False,False,102351.0411,8503.72527546309,102351.0411|111858.0455215|Revenue Restaurant,8503.72527546309|691.023083499572|6541.2197183243|1271.48247363921|151159.751279364,MONTH_TO_DATE
02_febrero.xlsx,Daily,,,2025-02-28,1473.03634,1473.03634,False,False,,6686.199891,,6686.199891|1017.206567|109.338846|534.59499|373.272731,TODAY
02_febrero.xlsx,Daily,,,2025-02-28,1127.28,1127.28,False,False,1473.03634,7104.09121954839,1473.03634,7104.09121954839|439.496785714286|40.8872766105787|321.895879241896|76.7136298618111,TODAY
02_febrero.xlsx,Daily,,,2024-02-29,0,0.0,False,False,1127.28,0,1127.28|1473.03634,0|303.704474123682|24.6793958392704|233.614989940154|45.4100883442576,MONTH_TO_DATE
02_febrero.xlsx,Daily,,,2025-02-28,13462.72720597,13462.72720597,False,False,Revenue Bar,111858.0455215,Revenue Bar|0|1127.28,111858.0455215|16766.6503178|2517.31402441|11984.937962|2264.39833139,TODAY
02_febrero.xlsx,Daily,,,2025-02-28,18788,18788.0,False,False,13462.72720597,102351.0411,13462.72720597|Revenue Bar|0,102351.0411|12305.91|1144.8437450962|9013.08461877308|2147.98163613071,TODAY
02_febrero.xlsx,Daily,,,2024-02-29,11519.3880266075,11519.3880266075,False,False,18788,100183.148372756,18788|13462.72720597|Revenue Bar,100183.148372756|8503.72527546309|691.023083499572|6541.2197183243|1271.48247363921,MONTH_TO_DATE
02_febrero.xlsx,Daily,,,2025-02-28,3070.933855,3070.933855,False,False,,1473.03634,,1473.03634|6686.199891|1017.206567|109.338846|534.59499,TODAY
02_febrero.xlsx,Daily,,,2024-02-29,1409.186246,1409.186246,False,False,2020.64285714286,0,2020.64285714286|3070.933855,0|0|303.704474123682|24.6793958392704|233.614989940154,MONTH_TO_DATE
02_febrero.xlsx,Daily,,,2025-02-28,68491.733053,68491.733053,False,False,Revenue Banqueting,13462.72720597,Revenue Banqueting|1409.186246|2020.64285714286,13462.72720597|111858.0455215|16766.6503178|2517.31402441|11984.937962,TODAY
02_febrero.xlsx,Daily,,,2025-02-28,56578,56578.0,False,False,68491.733053,18788,68491.733053|Revenue Banqueting|1409.186246,18788|102351.0411|12305.91|1144.8437450962|9013.08461877308,TODAY
02_febrero.xlsx,Daily,,,2024-02-29,39457.21488,39457.21488,False,False,56578,11519.3880266075,56578|68491.733053|Revenue Banqueting,11519.3880266075|100183.148372756|8503.72527546309|691.023083499572|6541.2197183243,MONTH_TO_DATE
02_febrero.xlsx,Daily,,,2025-02-28,1017.206567,1017.206567,False,False,,3070.933855,,3070.933855|1473.03634|6686.199891|1017.206567|109.338846,TODAY
02_febrero.xlsx,Daily,,,2025-02-28,439.496785714286,439.496785714286,False,False,1017.206567,2020.64285714286,1017.206567,2020.64285714286|1127.28|7104.09121954839|439.496785714286|40.8872766105787,TODAY
02_febrero.xlsx,Daily,,,2024-02-29,303.704474123682,303.704474123682,False,False,439.496785714286,1409.186246,439.496785714286|1017.206567,1409.186246|0|0|303.704474123682|24.6793958392704,MONTH_TO_DATE
02_febrero.xlsx,Daily,,,2025-02-28,16766.6503178,16766.6503178,False,False,Revenue Shop,68491.733053,Revenue Shop|303.704474123682|439.496785714286,68491.733053|13462.72720597|111858.0455215|16766.6503178|2517.31402441,TODAY
02_febrero.xlsx,Daily,,,2025-02-28,12305.91,12305.91,False,False,16766.6503178,56578,16766.6503178|Revenue Shop|303.704474123682,56578|18788|102351.0411|12305.91|1144.8437450962,TODAY
02_febrero.xlsx,Daily,,,2024-02-29,8503.72527546309,8503.72527546309,False,False,12305.91,39457.21488,12305.91|16766.6503178|Revenue Shop,39457.21488|11519.3880266075|100183.148372756|8503.72527546309|691.023083499572,MONTH_TO_DATE
02_febrero.xlsx,Daily,,,2025-02-28,12247.376653,12247.376653,False,False,,1017.206567,,1017.206567|3070.933855|1473.03634|6686.199891|1017.206567,TODAY
02_febrero.xlsx,Daily,,,2025-02-28,10691.5108624055,10691.5108624055,False,False,12247.376653,439.496785714286,12247.376653,439.496785714286|2020.64285714286|1127.28|7104.09121954839|439.496785714286,TODAY
02_febrero.xlsx,Daily,,,2024-02-29,1712.89072012368,1712.89072012368,False,False,10691.5108624055,303.704474123682,10691.5108624055|12247.376653,303.704474123682|1409.186246|0|0|303.704474123682,MONTH_TO_DATE
02_febrero.xlsx,Daily,,,2025-02-28,210579.15609827,210579.15609827,False,False,TOTAL,16766.6503178,TOTAL|1712.89072012368|10691.5108624055,16766.6503178|68491.733053|13462.72720597|111858.0455215|16766.6503178,TODAY
02_febrero.xlsx,Daily,,,2025-02-28,190022.9511,190022.9511,False,False,210579.15609827,12305.91,210579.15609827|TOTAL|1712.89072012368,12305.91|56578|18788|102351.0411|12305.91,TODAY
02_febrero.xlsx,Daily,,,2024-02-29,159663.476554827,159663.476554827,False,False,190022.9511,8503.72527546309,190022.9511|210579.15609827|TOTAL,8503.72527546309|39457.21488|11519.3880266075|100183.148372756|8503.72527546309,MONTH_TO_DATE
02_febrero.xlsx,Daily,,,2025-02-28,597.781808,597.781808,False,False,,Today,,Today|12247.376653|1017.206567|3070.933855|1473.03634,TODAY
02_febrero.xlsx,Daily,,,2024-02-29,0.0532299870279988,0.0532299870279988,False,False,597.781808,% de venta,597.781808,% de venta|1712.89072012368|303.704474123682|1409.186246|0,MONTH_TO_DATE
02_febrero.xlsx,Daily,,,2025-02-28,6880.1316126,6880.1316126,False,False,Empleados 15%,Total mes,Empleados 15%|0.0532299870279988|597.781808,Total mes|210579.15609827|16766.6503178|68491.733053|13462.72720597,TODAY
02_febrero.xlsx,Daily,,,2024-02-29,0.0354989043916138,0.0354989043916138,False,False,6880.1316126,% de venta,6880.1316126|Empleados 15%|0.0532299870279988,% de venta|159663.476554827|8503.72527546309|39457.21488|11519.3880266075,MONTH_TO_DATE
02_febrero.xlsx,Daily,,,2025-02-28,12.976989,12.976989,False,False,,597.781808,,597.781808|Today|12247.376653|1017.206567|3070.933855,TODAY
02_febrero.xlsx,Daily,,,2025-02-28,182.158653,182.158653,False,False,Personal Restaurante,6880.1316126,Personal Restaurante|12.976989,6880.1316126|Total mes|210579.15609827|16766.6503178|68491.733053,TODAY
02_febrero.xlsx,Daily,,,2025-02-28,0,0.0,False,False,,12.976989,,12.976989|597.781808|Today|12247.376653|1017.206567,TODAY
02_febrero.xlsx,Daily,,,2025-02-28,45.81818181,45.81818181,False,False,Cortesia,182.158653,Cortesia|0,182.158653|6880.1316126|Total mes|210579.15609827|16766.6503178,TODAY
02_febrero.xlsx,Daily,,,2025-02-28,0,0.0,False,False,,0,,0|12.976989|597.781808|Today|12247.376653,TODAY
02_febrero.xlsx,Daily,,,2025-02-28,-9006.94339545455,-9006.94339545455,False,False,Anuladas,45.81818181,Anuladas|0,45.81818181|182.158653|6880.1316126|Total mes|210579.15609827,TODAY
02_febrero.xlsx,Daily,,,2025-02-28,0,0.0,False,False,,0,,0|0|12.976989|597.781808|Today,TODAY
02_febrero.xlsx,Daily,,,2025-02-28,736.003444,736.003444,False,False,In marketing,-9006.94339545455,In marketing|0,-9006.94339545455|45.81818181|182.158653|6880.1316126|Total mes,TODAY
02_febrero.xlsx,Daily,,,2025-02-28,4726.7774,4726.7774,False,False,,0,,0|0|0|12.976989|597.781808,TODAY
02_febrero.xlsx,Daily,,,2025-02-28,15929.41373,15929.41373,False,False,Factura Intercompany,736.003444,Factura Intercompany|4726.7774,736.003444|-9006.94339545455|45.81818181|182.158653|6880.1316126,TODAY
02_febrero.xlsx,Daily,,,2025-02-28,70.661163,70.661163,False,False,,4726.7774,,4726.7774|0|0|0|12.976989,TODAY
02_febrero.xlsx,Daily,,,2024-02-29,0.0694658934501354,0.0694658934501354,False,False,70.661163,0.0532299870279988,70.661163,0.0532299870279988|% de venta|1712.89072012368|303.704474123682|1409.186246,MONTH_TO_DATE
02_febrero.xlsx,Daily,,,2025-02-28,2324.10497707,2324.10497707,False,False,10% del del Restaurante,15929.41373,10% del del Restaurante|0.0694658934501354|70.661163,15929.41373|736.003444|-9006.94339545455|45.81818181|182.158653,TODAY
02_febrero.xlsx,Daily,,,2024-02-29,0.138614746119125,0.138614746119125,False,False,2324.10497707,0.0354989043916138,2324.10497707|10% del del Restaurante|0.0694658934501354,0.0354989043916138|% de venta|159663.476554827|8503.72527546309|39457.21488,MONTH_TO_DATE
02_febrero.xlsx,Daily,,,2025-02-28,-14.5455,-14.5455,False,False,,70.661163,,70.661163|4726.7774|0|0|0,TODAY
02_febrero.xlsx,Daily,,,2025-02-28,-89.57856,-89.57856,False,False,Anuladas,2324.10497707,Anuladas|-14.5455,2324.10497707|15929.41373|736.003444|-9006.94339545455|45.81818181,TODAY
02_febrero.xlsx,Daily,,,2025-02-28,0,0.0,False,False,,-14.5455,,-14.5455|70.661163|4726.7774|0|0,TODAY
02_febrero.xlsx,Daily,,,2025-02-28,9.75,9.75,False,False,In marketing,-89.57856,In marketing|0,-89.57856|2324.10497707|15929.41373|736.003444|-9006.94339545455,TODAY
02_febrero.xlsx,Daily,,,2025-02-28,14094.7019,14094.7019,False,False,,0,,0|-14.5455|70.661163|4726.7774|0,TODAY
02_febrero.xlsx,Daily,,,2025-02-28,14094.7019,14094.7019,False,False,Factura Intercompany,9.75,Factura Intercompany|14094.7019,9.75|-89.57856|2324.10497707|15929.41373|736.003444,TODAY
02_febrero.xlsx,Daily,,,2025-02-28,0,0.0,False,False,,14094.7019,,14094.7019|0|-14.5455|70.661163|4726.7774,TODAY
02_febrero.xlsx,Daily,,,2025-02-28,0,0.0,False,False,# Cruises,14094.7019,# Cruises|0,14094.7019|9.75|-89.57856|2324.10497707|15929.41373,TODAY
02_febrero.xlsx,Daily,,,2025-02-28,0,0.0,False,False,,0,,0|14094.7019|0|-14.5455|70.661163,TODAY
02_febrero.xlsx,Daily,,,2025-02-28,0,0.0,False,False,Total Pax Cruises,0,Total Pax Cruises|0,0|14094.7019|9.75|-89.57856|2324.10497707,TODAY
02_febrero.xlsx,Daily,,,2025-02-28,0,0.0,False,False,,0,,0|0|14094.7019|0|-14.5455,TODAY
02_febrero.xlsx,Daily,,,2025-02-28,0,0.0,False,False,# L43 Mini,0,# L43 Mini|0,0|0|14094.7019|9.75|-89.57856,TODAY
02_febrero.xlsx,Daily,,,2025-02-28,0,0.0,False,False,,0,,0|0|0|14094.7019|0,TODAY
02_febrero.xlsx,Daily,,,2025-02-28,0,0.0,False,False,Rev from L43,0,Rev from L43|0,0|0|0|14094.7019|9.75,TODAY
02_febrero.xlsx,Daily,,,2025-02-28,19,19.0,False,False,,0,,0|0|0|0|14094.7019,TODAY
02_febrero.xlsx,Daily,,,2025-02-28,512,512.0,False,False,# Tasting L43,0,# Tasting L43|19,0|0|0|0|14094.7019,TODAY
02_febrero.xlsx,Daily,,,2025-02-28,10.466416,10.466416,False,False,,19,,19|0|0|0|0,TODAY
02_febrero.xlsx,Daily,,,2025-02-28,283.4252,283.4252,False,False,Coste,512,Coste|10.466416,512|0|0|0|0,TODAY
02_febrero.xlsx,Daily,,,2025-02-28,0.0195782156506929,0.0195782156506929,False,False,,10.466416,,10.466416|19|0|0|0,TODAY
02_febrero.xlsx,Daily,,,2025-02-28,0.0236484494870679,0.0236484494870679,False,False,% de venta,283.4252,% de venta|0.0195782156506929,283.4252|512|0|0|0,TODAY
02_febrero.xlsx,Daily,,,2025-02-28,0,0.0,False,False,,0.0195782156506929,,0.0195782156506929|10.466416|19|0|0,TODAY
02_febrero.xlsx,Daily,,,2025-02-28,0,0.0,False,False,0,10691.5108624055,0,10691.5108624055|439.496785714286|2020.64285714286|1127.28|7104.09121954839,TODAY
02_febrero.xlsx,Daily,,,2024-02-29,0,0.0,False,False,0,0.0694658934501354,0|0,0.0694658934501354|0.0532299870279988|% de venta|1712.89072012368|303.704474123682,MONTH_TO_DATE
02_febrero.xlsx,Daily,,,2025-02-28,0,0.0,False,False,Total Pax,0.0236484494870679,Total Pax|0|0,0.0236484494870679|283.4252|512|0|0,TODAY
02_febrero.xlsx,Daily,,,2025-02-28,0,0.0,False,False,0,190022.9511,0|Total Pax|0,190022.9511|12305.91|56578|18788|102351.0411,TODAY
02_febrero.xlsx,Daily,,,2024-02-29,0,0.0,False,False,0,0.138614746119125,0|0|Total Pax,0.138614746119125|0.0354989043916138|% de venta|159663.476554827|8503.72527546309,MONTH_TO_DATE
02_febrero.xlsx,Daily,,,2025-02-28,0,0.0,False,False,,0,,0|0.0195782156506929|10.466416|19|0,TODAY
02_febrero.xlsx,Daily,,,2025-02-28,0,0.0,False,False,0,0,0,0|10691.5108624055|439.496785714286|2020.64285714286|1127.28,TODAY
02_febrero.xlsx,Daily,,,2024-02-29,0,0.0,False,False,0,0,0|0,0|0.0694658934501354|0.0532299870279988|% de venta|1712.89072012368,MONTH_TO_DATE
02_febrero.xlsx,Daily,,,2025-02-28,0,0.0,False,False,# Events,0,# Events|0|0,0|0.0236484494870679|283.4252|512|0,TODAY
02_febrero.xlsx,Daily,,,2025-02-28,0,0.0,False,False,0,0,0|# Events|0,0|190022.9511|12305.91|56578|18788,TODAY
02_febrero.xlsx,Daily,,,2024-02-29,0,0.0,False,False,0,0,0|0|# Events,0|0.138614746119125|0.0354989043916138|% de venta|159663.476554827,MONTH_TO_DATE
02_febrero.xlsx,Daily,,,2025-02-28,0,0.0,False,False,,0,,0|0|0.0195782156506929|10.466416|19,TODAY
02_febrero.xlsx,Daily,,,2025-02-28,0,0.0,False,False,0,0,0,0|0|10691.5108624055|439.496785714286|2020.64285714286,TODAY
02_febrero.xlsx,Daily,,,2024-02-29,0,0.0,False,False,0,0,0|0,0|0|0.0694658934501354|0.0532299870279988|% de venta,MONTH_TO_DATE
02_febrero.xlsx,Daily,,,2025-02-28,0,0.0,False,False,Total Revenue F&B,0,Total Revenue F&B|0|0,0|0|0.0236484494870679|283.4252|512,TODAY
02_febrero.xlsx,Daily,,,2025-02-28,0,0.0,False,False,0,0,0|Total Revenue F&B|0,0|0|190022.9511|12305.91|56578,TODAY
02_febrero.xlsx,Daily,,,2024-02-29,0,0.0,False,False,0,0,0|0|Total Revenue F&B,0|0|0.138614746119125|0.0354989043916138|% de venta,MONTH_TO_DATE
02_febrero.xlsx,Daily,,,2025-02-28,0,0.0,False,False,,0,,0|0|0|0.0195782156506929|10.466416,TODAY
02_febrero.xlsx,Daily,,,2025-02-28,0,0.0,False,False,0,0,0,0|0|0|10691.5108624055|439.496785714286,TODAY
02_febrero.xlsx,Daily,,,2024-02-29,0,0.0,False,False,0,0,0|0,0|0|0|0.0694658934501354|0.0532299870279988,MONTH_TO_DATE
02_febrero.xlsx,Daily,,,2025-02-28,0,0.0,False,False,Avg.pax,0,Avg.pax|0|0,0|0|0|0.0236484494870679|283.4252,TODAY
02_febrero.xlsx,Daily,,,2025-02-28,0,0.0,False,False,0,0,0|Avg.pax|0,0|0|0|190022.9511|12305.91,TODAY
02_febrero.xlsx,Daily,,,2024-02-29,0,0.0,False,False,0,0,0|0|Avg.pax,0|0|0|0.138614746119125|0.0354989043916138,MONTH_TO_DATE
02_febrero.xlsx,Daily,,,2025-02-28,0,0.0,False,False,,0,,0|0|0|0|0.0195782156506929,TODAY
02_febrero.xlsx,Daily,,,2025-02-28,0,0.0,False,False,0,0,0,0|0|0|0|10691.5108624055,TODAY
02_febrero.xlsx,Daily,,,2024-02-29,0,0.0,False,False,0,0,0|0,0|0|0|0|0.0694658934501354,MONTH_TO_DATE
02_febrero.xlsx,Daily,,,2025-02-28,0,0.0,False,False,Room Rental,0,Room Rental|0|0,0|0|0|0|0.0236484494870679,TODAY
02_febrero.xlsx,Daily,,,2025-02-28,0,0.0,False,False,0,0,0|Room Rental|0,0|0|0|0|190022.9511,TODAY
02_febrero.xlsx,Daily,,,2024-02-29,0,0.0,False,False,0,0,0|0|Room Rental,0|0|0|0|0.138614746119125,MONTH_TO_DATE
02_febrero.xlsx,Daily,,,2025-02-28,0,0.0,False,False,,0,,0|0|0|0|0,TODAY
02_febrero.xlsx,Daily,,,2025-02-28,0,0.0,False,False,0,0,0,0|0|0|0|0,TODAY
02_febrero.xlsx,Daily,,,2024-02-29,0,0.0,False,False,0,0,0|0,0|0|0|0|0,MONTH_TO_DATE
02_febrero.xlsx,Daily,,,2025-02-28,0,0.0,False,False,Other Revenue,0,Other Revenue|0|0,0|0|0|0|0,TODAY
02_febrero.xlsx,Daily,,,2025-02-28,0,0.0,False,False,0,0,0|Other Revenue|0,0|0|0|0|0,TODAY
02_febrero.xlsx,Daily,,,2024-02-29,0,0.0,False,False,0,0,0|0|Other Revenue,0|0|0|0|0,MONTH_TO_DATE
02_febrero.xlsx,Daily,,,2025-02-28,0,0.0,False,False,,0,,0|0|0|0|0,TODAY
02_febrero.xlsx,Daily,,,2025-02-28,0,0.0,False,False,0,0,0,0|0|0|0|0,TODAY
02_febrero.xlsx,Daily,,,2024-02-29,0,0.0,False,False,0,0,0|0,0|0|0|0|0,MONTH_TO_DATE
02_febrero.xlsx,Daily,,,2025-02-28,0,0.0,False,False,Total Weddings Rev.,0,Total Weddings Rev.|0|0,0|0|0|0|0,TODAY
02_febrero.xlsx,Daily,,,2025-02-28,0,0.0,False,False,0,0,0|Total Weddings Rev.|0,0|0|0|0|0,TODAY
02_febrero.xlsx,Daily,,,2024-02-29,0,0.0,False,False,0,0,0|0|Total Weddings Rev.,0|0|0|0|0,MONTH_TO_DATE
02_febrero.xlsx,Daily,,,2025-02-28,0,0.0,False,False,,0,,0|0|0|0|0,TODAY
02_febrero.xlsx,Daily,,,2025-02-28,13.96428571,13.96428571,False,False,0,0,0,0|0|0|0|0,TODAY
02_febrero.xlsx,Daily,,,2024-02-29,0,0.0,False,False,13.96428571,0,13.96428571|0,0|0|0|0|0,MONTH_TO_DATE
02_febrero.xlsx,Daily,,,2025-02-28,505,505.0,False,False,Total Pax,0,Total Pax|0|13.96428571,0|0|0|0|0,TODAY
02_febrero.xlsx,Daily,,,2025-02-28,391,391.0,False,False,505,0,505|Total Pax|0,0|0|0|0|0,TODAY
02_febrero.xlsx,Daily,,,2024-02-29,0,0.0,False,False,391,0,391|505|Total Pax,0|0|0|0|0,MONTH_TO_DATE
02_febrero.xlsx,Daily,,,2025-02-28,0,0.0,False,False,,0,,0|0|0|0|0,TODAY
02_febrero.xlsx,Daily,,,2025-02-28,0.3571428571,0.3571428571,False,False,0,13.96428571,0,13.96428571|0|0|0|0,TODAY
02_febrero.xlsx,Daily,,,2024-02-29,0,0.0,False,False,0.3571428571,0,0.3571428571|0,0|0|0|0|0,MONTH_TO_DATE
02_febrero.xlsx,Daily,,,2025-02-28,4,4.0,False,False,# Events,505,# Events|0|0.3571428571,505|0|0|0|0,TODAY
02_febrero.xlsx,Daily,,,2025-02-28,10,10.0,False,False,4,391,4|# Events|0,391|0|0|0|0,TODAY
02_febrero.xlsx,Daily,,,2024-02-29,0,0.0,False,False,10,0,10|4|# Events,0|0|0|0|0,MONTH_TO_DATE
02_febrero.xlsx,Daily,,,2025-02-28,0,0.0,False,False,,0,,0|0|0|0|0,TODAY
02_febrero.xlsx,Daily,,,2025-02-28,701,701.0,False,False,0,0.3571428571,0,0.3571428571|13.96428571|0|0|0,TODAY
02_febrero.xlsx,Daily,,,2024-02-29,0,0.0,False,False,701,0,701|0,0|0|0|0|0,MONTH_TO_DATE
02_febrero.xlsx,Daily,,,2025-02-28,38824,38824.0,False,False,Total Revenue F&B,4,Total Revenue F&B|0|701,4|505|0|0|0,TODAY
02_febrero.xlsx,Daily,,,2025-02-28,19628,19628.0,False,False,38824,10,38824|Total Revenue F&B|0,10|391|0|0|0,TODAY
02_febrero.xlsx,Daily,,,2024-02-29,0,0.0,False,False,19628,0,19628|38824|Total Revenue F&B,0|0|0|0|0,MONTH_TO_DATE
02_febrero.xlsx,Daily,,,2025-02-28,0,0.0,False,False,,0,,0|0|0|0|0,TODAY
02_febrero.xlsx,Daily,,,2025-02-28,50.1994885064551,50.1994885064551,False,False,0,701,0,701|0.3571428571|13.96428571|0|0,TODAY
02_febrero.xlsx,Daily,,,2024-02-29,0,0.0,False,False,50.1994885064551,0,50.1994885064551|0,0|0|0|0|0,MONTH_TO_DATE
02_febrero.xlsx,Daily,,,2025-02-28,76.8792079207921,76.8792079207921,False,False,Avg.pax,38824,Avg.pax|0|50.1994885064551,38824|4|505|0|0,TODAY
02_febrero.xlsx,Daily,,,2025-02-28,50.1994884910486,50.1994884910486,False,False,76.8792079207921,19628,76.8792079207921|Avg.pax|0,19628|10|391|0|0,TODAY
02_febrero.xlsx,Daily,,,2024-02-29,0,0.0,False,False,50.1994884910486,0,50.1994884910486|76.8792079207921|Avg.pax,0|0|0|0|0,MONTH_TO_DATE
02_febrero.xlsx,Daily,,,2025-02-28,0,0.0,False,False,,0,,0|0|0|0|0,TODAY
02_febrero.xlsx,Daily,,,2025-02-28,50,50.0,False,False,0,50.1994885064551,0,50.1994885064551|701|0.3571428571|13.96428571|0,TODAY
02_febrero.xlsx,Daily,,,2024-02-29,0,0.0,False,False,50,0,50|0,0|0|0|0|0,MONTH_TO_DATE
02_febrero.xlsx,Daily,,,2025-02-28,0,0.0,False,False,Room Rental,76.8792079207921,Room Rental|0|50,76.8792079207921|38824|4|505|0,TODAY
02_febrero.xlsx,Daily,,,2025-02-28,1400,1400.0,False,False,0,50.1994884910486,0|Room Rental|0,50.1994884910486|19628|10|391|0,TODAY
02_febrero.xlsx,Daily,,,2024-02-29,0,0.0,False,False,1400,0,1400|0|Room Rental,0|0|0|0|0,MONTH_TO_DATE
02_febrero.xlsx,Daily,,,2025-02-28,0,0.0,False,False,,0,,0|0|0|0|0,TODAY
02_febrero.xlsx,Daily,,,2025-02-28,0,0.0,False,False,0,50,0,50|50.1994885064551|701|0.3571428571|13.96428571,TODAY
02_febrero.xlsx,Daily,,,2024-02-29,0,0.0,False,False,0,0,0|0,0|0|0|0|0,MONTH_TO_DATE
02_febrero.xlsx,Daily,,,2025-02-28,220,220.0,False,False,Other Revenue,0,Other Revenue|0|0,0|76.8792079207921|38824|4|505,TODAY
02_febrero.xlsx,Daily,,,2025-02-28,0,0.0,False,False,220,1400,220|Other Revenue|0,1400|50.1994884910486|19628|10|391,TODAY
02_febrero.xlsx,Daily,,,2024-02-29,0,0.0,False,False,0,0,0|220|Other Revenue,0|0|0|0|0,MONTH_TO_DATE
02_febrero.xlsx,Daily,,,2025-02-28,0,0.0,False,False,,0,,0|0|0|0|0,TODAY
02_febrero.xlsx,Daily,,,2025-02-28,751,751.0,False,False,0,0,0,0|50|50.1994885064551|701|0.3571428571,TODAY
02_febrero.xlsx,Daily,,,2024-02-29,0,0.0,False,False,751,0,751|0,0|0|0|0|0,MONTH_TO_DATE
02_febrero.xlsx,Daily,,,2025-02-28,39044,39044.0,False,False,Total MICE Rev.,220,Total MICE Rev.|0|751,220|0|76.8792079207921|38824|4,TODAY
02_febrero.xlsx,Daily,,,2025-02-28,21028,21028.0,False,False,39044,0,39044|Total MICE Rev.|0,0|1400|50.1994884910486|19628|10,TODAY
02_febrero.xlsx,Daily,,,2024-02-29,0,0.0,False,False,21028,0,21028|39044|Total MICE Rev.,0|0|0|0|0,MONTH_TO_DATE
02_febrero.xlsx,Daily,,,2025-02-28,0,0.0,False,False,,0,,0|0|0|0|0,TODAY
02_febrero.xlsx,Daily,,,2025-02-28,7,7.0,False,False,0,751,0,751|0|50|50.1994885064551|701,TODAY
02_febrero.xlsx,Daily,,,2024-02-29,18.1428571428571,18.1428571428571,False,False,7,0,7|0,0|0|0|0|0,MONTH_TO_DATE
02_febrero.xlsx,Daily,,,2025-02-28,0,0.0,False,False,Total Pax,39044,Total Pax|18.1428571428571|7,39044|220|0|76.8792079207921|38824,TODAY
02_febrero.xlsx,Daily,,,2025-02-28,196,196.0,False,False,0,21028,0|Total Pax|18.1428571428571,21028|0|1400|50.1994884910486|19628,TODAY
02_febrero.xlsx,Daily,,,2024-02-29,508,508.0,False,False,196,0,196|0|Total Pax,0|0|0|0|0,MONTH_TO_DATE
02_febrero.xlsx,Daily,,,2025-02-28,0,0.0,False,False,,0,,0|0|0|0|0,TODAY
02_febrero.xlsx,Daily,,,2025-02-28,0.571428571428571,0.571428571428571,False,False,0,7,0,7|751|0|50|50.1994885064551,TODAY
02_febrero.xlsx,Daily,,,2024-02-29,0.0714285714285714,0.0714285714285714,False,False,0.571428571428571,18.1428571428571,0.571428571428571|0,18.1428571428571|0|0|0|0,MONTH_TO_DATE
02_febrero.xlsx,Daily,,,2025-02-28,0,0.0,False,False,# Events,0,# Events|0.0714285714285714|0.571428571428571,0|39044|220|0|76.8792079207921,TODAY
02_febrero.xlsx,Daily,,,2025-02-28,16,16.0,False,False,0,196,0|# Events|0.0714285714285714,196|21028|0|1400|50.1994884910486,TODAY
02_febrero.xlsx,Daily,,,2024-02-29,2,2.0,False,False,16,508,16|0|# Events,508|0|0|0|0,MONTH_TO_DATE
02_febrero.xlsx,Daily,,,2025-02-28,0,0.0,False,False,,0,,0|0|0|0|0,TODAY
02_febrero.xlsx,Daily,,,2025-02-28,343.821428571429,343.821428571429,False,False,0,0.571428571428571,0,0.571428571428571|7|751|0|50,TODAY
02_febrero.xlsx,Daily,,,2024-02-29,1046.75,1046.75,False,False,343.821428571429,0.0714285714285714,343.821428571429|0,0.0714285714285714|18.1428571428571|0|0|0,MONTH_TO_DATE
02_febrero.xlsx,Daily,,,2025-02-28,0,0.0,False,False,Total Revenue F&B,0,Total Revenue F&B|1046.75|343.821428571429,0|0|39044|220|0,TODAY
02_febrero.xlsx,Daily,,,2025-02-28,9627,9627.0,False,False,0,16,0|Total Revenue F&B|1046.75,16|196|21028|0|1400,TODAY
02_febrero.xlsx,Daily,,,2024-02-29,29309,29309.0,False,False,9627,2,9627|0|Total Revenue F&B,2|508|0|0|0,MONTH_TO_DATE
02_febrero.xlsx,Daily,,,2025-02-28,0,0.0,False,False,,0,,0|0|0|0|0,TODAY
02_febrero.xlsx,Daily,,,2025-02-28,49.1173469387755,49.1173469387755,False,False,0,343.821428571429,0,343.821428571429|0.571428571428571|7|751|0,TODAY
02_febrero.xlsx,Daily,,,2024-02-29,2.06053149606299,2.06053149606299,False,False,49.1173469387755,1046.75,49.1173469387755|0,1046.75|0.0714285714285714|18.1428571428571|0|0,MONTH_TO_DATE
02_febrero.xlsx,Daily,,,2025-02-28,0,0.0,False,False,Avg.pax,0,Avg.pax|2.06053149606299|49.1173469387755,0|0|0|39044|220,TODAY
02_febrero.xlsx,Daily,,,2025-02-28,49.1173469387755,49.1173469387755,False,False,0,9627,0|Avg.pax|2.06053149606299,9627|16|196|21028|0,TODAY
02_febrero.xlsx,Daily,,,2024-02-29,57.6948818897638,57.6948818897638,False,False,49.1173469387755,29309,49.1173469387755|0|Avg.pax,29309|2|508|0|0,MONTH_TO_DATE
02_febrero.xlsx,Daily,,,2025-02-28,0,0.0,False,False,,0,,0|0|0|0|0,TODAY
02_febrero.xlsx,Daily,,,2025-02-28,0,0.0,False,False,0,49.1173469387755,0,49.1173469387755|343.821428571429|0.571428571428571|7|751,TODAY
02_febrero.xlsx,Daily,,,2024-02-29,0,0.0,False,False,0,2.06053149606299,0|0,2.06053149606299|1046.75|0.0714285714285714|18.1428571428571|0,MONTH_TO_DATE
02_febrero.xlsx,Daily,,,2025-02-28,0,0.0,False,False,Room Rental,0,Room Rental|0|0,0|0|0|0|39044,TODAY
02_febrero.xlsx,Daily,,,2025-02-28,0,0.0,False,False,0,49.1173469387755,0|Room Rental|0,49.1173469387755|9627|16|196|21028,TODAY
02_febrero.xlsx,Daily,,,2024-02-29,0,0.0,False,False,0,57.6948818897638,0|0|Room Rental,57.6948818897638|29309|2|508|0,MONTH_TO_DATE
02_febrero.xlsx,Daily,,,2025-02-28,0,0.0,False,False,,0,,0|0|0|0|0,TODAY
02_febrero.xlsx,Daily,,,2025-02-28,0,0.0,False,False,0,0,0,0|49.1173469387755|343.821428571429|0.571428571428571|7,TODAY
02_febrero.xlsx,Daily,,,2024-02-29,0,0.0,False,False,0,0,0|0,0|2.06053149606299|1046.75|0.0714285714285714|18.1428571428571,MONTH_TO_DATE
02_febrero.xlsx,Daily,,,2025-02-28,0,0.0,False,False,Other Revenue,0,Other Revenue|0|0,0|0|0|0|0,TODAY
02_febrero.xlsx,Daily,,,2025-02-28,0,0.0,False,False,0,0,0|Other Revenue|0,0|49.1173469387755|9627|16|196,TODAY
02_febrero.xlsx,Daily,,,2024-02-29,0,0.0,False,False,0,0,0|0|Other Revenue,0|57.6948818897638|29309|2|508,MONTH_TO_DATE
02_febrero.xlsx,Daily,,,2025-02-28,0,0.0,False,False,,0,,0|0|0|0|0,TODAY
02_febrero.xlsx,Daily,,,2025-02-28,343.821428571429,343.821428571429,False,False,0,0,0,0|0|49.1173469387755|343.821428571429|0.571428571428571,TODAY
02_febrero.xlsx,Daily,,,2024-02-29,1046.75,1046.75,False,False,343.821428571429,0,343.821428571429|0,0|0|2.06053149606299|1046.75|0.0714285714285714,MONTH_TO_DATE
02_febrero.xlsx,Daily,,,2025-02-28,0,0.0,False,False,Total Individuals Rev.,0,Total Individuals Rev.|1046.75|343.821428571429,0|0|0|0|0,TODAY
02_febrero.xlsx,Daily,,,2025-02-28,9627,9627.0,False,False,0,0,0|Total Individuals Rev.|1046.75,0|0|49.1173469387755|9627|16,TODAY
02_febrero.xlsx,Daily,,,2024-02-29,29309,29309.0,False,False,9627,0,9627|0|Total Individuals Rev.,0|0|57.6948818897638|29309|2,MONTH_TO_DATE
02_febrero.xlsx,Daily,,,2025-02-28,0,0.0,False,False,,0,,0|0|0|0|0,TODAY
02_febrero.xlsx,Daily,,,2025-02-28,1094.82142857143,1094.82142857143,False,False,0,343.821428571429,0,343.821428571429|0|0|49.1173469387755|343.821428571429,TODAY
02_febrero.xlsx,Daily,,,2024-02-29,1046.75,1046.75,False,False,1094.82142857143,1046.75,1094.82142857143|0,1046.75|0|0|2.06053149606299|1046.75,MONTH_TO_DATE
02_febrero.xlsx,Daily,,,2025-02-28,39044,39044.0,False,False,TOTAL BQ I planta,0,TOTAL BQ I planta|1046.75|1094.82142857143,0|0|0|0|0,TODAY
02_febrero.xlsx,Daily,,,2025-02-28,30655,30655.0,False,False,39044,9627,39044|TOTAL BQ I planta|1046.75,9627|0|0|49.1173469387755|9627,TODAY
02_febrero.xlsx,Daily,,,2024-02-29,29309,29309.0,False,False,30655,29309,30655|39044|TOTAL BQ I planta,29309|0|0|57.6948818897638|29309,MONTH_TO_DATE
03_marzo.xlsx,Daily,,,2025-03-31,0.277777777777778,0.277777777777778,False,False,,2025,,2025|TODAY|DAILY REVENUE REPORT,TODAY
03_marzo.xlsx,Daily,,,2025-03-31,0.17474450617284,0.17474450617284,False,False,0.277777777777778,Budget,0.277777777777778,Budget,TODAY
03_marzo.xlsx,Daily,,,2024-03-31,1.18,1.18,False,False,0.17474450617284,2024,0.17474450617284|0.277777777777778,2024,MONTH_TO_DATE
03_marzo.xlsx,Daily,,,2025-03-31,0.437634408602151,0.437634408602151,False,False,Occupancy,2025,Occupancy|1.18|0.17474450617284,2025|MONTH TO DATE,TODAY
03_marzo.xlsx,Daily,,,2025-03-31,0.5073227599,0.5073227599,False,False,0.437634408602151,Budget,0.437634408602151|Occupancy|1.18,Budget,TODAY
03_marzo.xlsx,Daily,,,2024-03-31,0.5223809524,0.5223809524,False,False,0.5073227599,2024,0.5073227599|0.437634408602151|Occupancy,2024,MONTH_TO_DATE
03_marzo.xlsx,Daily,,,2025-03-31,50,50.0,False,False,,0.277777777777778,,0.277777777777778|2025|TODAY|DAILY REVENUE REPORT,TODAY
03_marzo.xlsx,Daily,,,2025-03-31,31.4540111111111,31.4540111111111,False,False,50,0.17474450617284,50,0.17474450617284|Budget,TODAY
03_marzo.xlsx,Daily,,,2024-03-31,177,177.0,False,False,31.4540111111111,1.18,31.4540111111111|50,1.18|2024,MONTH_TO_DATE
03_marzo.xlsx,Daily,,,2025-03-31,2442,2442.0,False,False,Total Covers,0.437634408602151,Total Covers|177|31.4540111111111,0.437634408602151|2025|MONTH TO DATE,TODAY
03_marzo.xlsx,Daily,,,2025-03-31,2359.05083333333,2359.05083333333,False,False,2442,0.5073227599,2442|Total Covers|177,0.5073227599|Budget,TODAY
03_marzo.xlsx,Daily,,,2024-03-31,2194,2194.0,False,False,2359.05083333333,0.5223809524,2359.05083333333|2442|Total Covers,0.5223809524|2024,MONTH_TO_DATE
03_marzo.xlsx,Daily,,,2025-03-31,1675.818152,1675.818152,False,False,,50,,50|0.277777777777778|2025|TODAY|DAILY REVENUE REPORT,TODAY
03_marzo.xlsx,Daily,,,2025-03-31,1452.231693,1452.231693,False,False,1675.818152,31.4540111111111,1675.818152,31.4540111111111|0.17474450617284|Budget,TODAY
03_marzo.xlsx,Daily,,,2024-03-31,6750,6750.0,False,False,1452.231693,177,1452.231693|1675.818152,177|1.18|2024,MONTH_TO_DATE
03_marzo.xlsx,Daily,,,2025-03-31,110431.423287,110431.423287,False,False,Total Revenue,2442,Total Revenue|6750|1452.231693,2442|0.437634408602151|2025|MONTH TO DATE,TODAY
03_marzo.xlsx,Daily,,,2025-03-31,108917.376975,108917.376975,False,False,110431.423287,2359.05083333333,110431.423287|Total Revenue|6750,2359.05083333333|0.5073227599|Budget,TODAY
03_marzo.xlsx,Daily,,,2024-03-31,94265,94265.0,False,False,108917.376975,2194,108917.376975|110431.423287|Total Revenue,2194|0.5223809524|2024,MONTH_TO_DATE
03_marzo.xlsx,Daily,,,2025-03-31,33.51636304,33.51636304,False,False,,1675.818152,,1675.818152|50|0.277777777777778|2025|TODAY,TODAY
03_marzo.xlsx,Daily,,,2025-03-31,46.17,46.17,False,False,33.51636304,1452.231693,33.51636304,1452.231693|31.4540111111111|0.17474450617284|Budget,TODAY
03_marzo.xlsx,Daily,,,2024-03-31,38.135593220339,38.135593220339,False,False,46.17,6750,46.17|33.51636304,6750|177|1.18|2024,MONTH_TO_DATE
03_marzo.xlsx,Daily,,,2025-03-31,45.2217130577396,45.2217130577396,False,False,Avg.cover,110431.423287,Avg.cover|38.135593220339|46.17,110431.423287|2442|0.437634408602151|2025|MONTH TO DATE,TODAY
03_marzo.xlsx,Daily,,,2025-03-31,46.17,46.17,False,False,45.2217130577396,108917.376975,45.2217130577396|Avg.cover|38.135593220339,108917.376975|2359.05083333333|0.5073227599|Budget,TODAY
03_marzo.xlsx,Daily,,,2024-03-31,42.964904284412,42.964904284412,False,False,46.17,94265,46.17|45.2217130577396|Avg.cover,94265|2194|0.5223809524|2024,MONTH_TO_DATE
03_marzo.xlsx,Daily,,,2025-03-31,1137.727246,1137.727246,False,False,,33.51636304,,33.51636304|1675.818152|50|0.277777777777778|2025,TODAY
03_marzo.xlsx,Daily,,,2025-03-31,1141.13259029044,1141.13259029044,False,False,1137.727246,46.17,1137.727246,46.17|1452.231693|31.4540111111111|0.17474450617284|Budget,TODAY
03_marzo.xlsx,Daily,,,2024-03-31,5336,5336.0,False,False,1141.13259029044,38.135593220339,1141.13259029044|1137.727246,38.135593220339|6750|177|1.18|2024,MONTH_TO_DATE
03_marzo.xlsx,Daily,,,2025-03-31,87479.768335,87479.768335,False,False,Food Revenue,45.2217130577396,Food Revenue|5336|1141.13259029044,45.2217130577396|110431.423287|2442|0.437634408602151|2025,TODAY
03_marzo.xlsx,Daily,,,2025-03-31,85584.9442717832,85584.9442717832,False,False,87479.768335,46.17,87479.768335|Food Revenue|5336,46.17|108917.376975|2359.05083333333|0.5073227599|Budget,TODAY
03_marzo.xlsx,Daily,,,2024-03-31,74073,74073.0,False,False,85584.9442717832,42.964904284412,85584.9442717832|87479.768335|Food Revenue,42.964904284412|94265|2194|0.5223809524|2024,MONTH_TO_DATE
03_marzo.xlsx,Daily,,,2025-03-31,22.75454492,22.75454492,False,False,,1137.727246,,1137.727246|33.51636304|1675.818152|50|0.277777777777778,TODAY
03_marzo.xlsx,Daily,,,2025-03-31,36.279398079291,36.279398079291,False,False,22.75454492,1141.13259029044,22.75454492,1141.13259029044|46.17|1452.231693|31.4540111111111|0.17474450617284,TODAY
03_marzo.xlsx,Daily,,,2024-03-31,30.1468926553672,30.1468926553672,False,False,36.279398079291,5336,36.279398079291|22.75454492,5336|38.135593220339|6750|177|1.18,MONTH_TO_DATE
03_marzo.xlsx,Daily,,,2025-03-31,35.8230009561835,35.8230009561835,False,False,Avg.Spend FD / cover,87479.768335,Avg.Spend FD / cover|30.1468926553672|36.279398079291,87479.768335|45.2217130577396|110431.423287|2442|0.437634408602151,TODAY
03_marzo.xlsx,Daily,,,2025-03-31,36.279398079291,36.279398079291,False,False,35.8230009561835,85584.9442717832,35.8230009561835|Avg.Spend FD / cover|30.1468926553672,85584.9442717832|46.17|108917.376975|2359.05083333333|0.5073227599,TODAY
03_marzo.xlsx,Daily,,,2024-03-31,33.7616226071103,33.7616226071103,False,False,36.279398079291,74073,36.279398079291|35.8230009561835|Avg.Spend FD / cover,74073|42.964904284412|94265|2194|0.5223809524,MONTH_TO_DATE
03_marzo.xlsx,Daily,,,2025-03-31,538.090906,538.090906,False,False,,22.75454492,,22.75454492|1137.727246|33.51636304|1675.818152|50,TODAY
03_marzo.xlsx,Daily,,,2025-03-31,311.099102709558,311.099102709558,False,False,538.090906,36.279398079291,538.090906,36.279398079291|1141.13259029044|46.17|1452.231693|31.4540111111111,TODAY
03_marzo.xlsx,Daily,,,2024-03-31,1414,1414.0,False,False,311.099102709558,30.1468926553672,311.099102709558|538.090906,30.1468926553672|5336|38.135593220339|6750|177,MONTH_TO_DATE
03_marzo.xlsx,Daily,,,2025-03-31,22951.654952,22951.654952,False,False,Beverage Revenue,35.8230009561835,Beverage Revenue|1414|311.099102709558,35.8230009561835|87479.768335|45.2217130577396|110431.423287|2442,TODAY
03_marzo.xlsx,Daily,,,2025-03-31,23332.4327032168,23332.4327032168,False,False,22951.654952,36.279398079291,22951.654952|Beverage Revenue|1414,36.279398079291|85584.9442717832|46.17|108917.376975|2359.05083333333,TODAY
03_marzo.xlsx,Daily,,,2024-03-31,20192,20192.0,False,False,23332.4327032168,33.7616226071103,23332.4327032168|22951.654952|Beverage Revenue,33.7616226071103|74073|42.964904284412|94265|2194,MONTH_TO_DATE
03_marzo.xlsx,Daily,,,2025-03-31,10.76181812,10.76181812,False,False,,538.090906,,538.090906|22.75454492|1137.727246|33.51636304|1675.818152,TODAY
03_marzo.xlsx,Daily,,,2025-03-31,9.890601920709,9.890601920709,False,False,10.76181812,311.099102709558,10.76181812,311.099102709558|36.279398079291|1141.13259029044|46.17|1452.231693,TODAY
03_marzo.xlsx,Daily,,,2024-03-31,7.98870056497175,7.98870056497175,False,False,9.890601920709,1414,9.890601920709|10.76181812,1414|30.1468926553672|5336|38.135593220339|6750,MONTH_TO_DATE
03_marzo.xlsx,Daily,,,2025-03-31,9.3987121015561,9.3987121015561,False,False,Avg.Spend BV / cover,22951.654952,Avg.Spend BV / cover|7.98870056497175|9.890601920709,22951.654952|35.8230009561835|87479.768335|45.2217130577396|110431.423287,TODAY
03_marzo.xlsx,Daily,,,2025-03-31,9.890601920709,9.890601920709,False,False,9.3987121015561,23332.4327032168,9.3987121015561|Avg.Spend BV / cover|7.98870056497175,23332.4327032168|36.279398079291|85584.9442717832|46.17|108917.376975,TODAY
03_marzo.xlsx,Daily,,,2024-03-31,9.20328167730173,9.20328167730173,False,False,9.890601920709,20192,9.890601920709|9.3987121015561|Avg.Spend BV / cover,20192|33.7616226071103|74073|42.964904284412|94265,MONTH_TO_DATE
03_marzo.xlsx,Daily,,,2025-03-31,0,0.0,False,False,,10.76181812,,10.76181812|538.090906|22.75454492|1137.727246|33.51636304,TODAY
03_marzo.xlsx,Daily,,,2025-03-31,0,0.0,False,False,0,9.890601920709,0,9.890601920709|311.099102709558|36.279398079291|1141.13259029044|46.17,TODAY
03_marzo.xlsx,Daily,,,2024-03-31,0,0.0,False,False,0,7.98870056497175,0|0,7.98870056497175|1414|30.1468926553672|5336|38.135593220339,MONTH_TO_DATE
03_marzo.xlsx,Daily,,,2025-03-31,0.145726495726496,0.145726495726496,False,False,Occupancy,9.3987121015561,Occupancy|0|0,9.3987121015561|22951.654952|35.8230009561835|87479.768335|45.2217130577396,TODAY
03_marzo.xlsx,Daily,,,2025-03-31,0.5073227599,0.5073227599,False,False,0.145726495726496,9.890601920709,0.145726495726496|Occupancy|0,9.890601920709|23332.4327032168|36.279398079291|85584.9442717832|46.17,TODAY
03_marzo.xlsx,Daily,,,2024-03-31,0.2928571429,0.2928571429,False,False,0.5073227599,9.20328167730173,0.5073227599|0.145726495726496|Occupancy,9.20328167730173|20192|33.7616226071103|74073|42.964904284412,MONTH_TO_DATE
03_marzo.xlsx,Daily,,,2025-03-31,0,0.0,False,False,,0,,0|10.76181812|538.090906|22.75454492|1137.727246,TODAY
03_marzo.xlsx,Daily,,,2025-03-31,0,0.0,False,False,0,0,0,0|9.890601920709|311.099102709558|36.279398079291|1141.13259029044,TODAY
03_marzo.xlsx,Daily,,,2024-03-31,0,0.0,False,False,0,0,0|0,0|7.98870056497175|1414|30.1468926553672|5336,MONTH_TO_DATE
03_marzo.xlsx,Daily,,,2025-03-31,341,341.0,False,False,Total Covers,0.145726495726496,Total Covers|0|0,0.145726495726496|9.3987121015561|22951.654952|35.8230009561835|87479.768335,TODAY
03_marzo.xlsx,Daily,,,2025-03-31,652.640313837814,652.640313837814,False,False,341,0.5073227599,341|Total Covers|0,0.5073227599|9.890601920709|23332.4327032168|36.279398079291|85584.9442717832,TODAY
03_marzo.xlsx,Daily,,,2024-03-31,615,615.0,False,False,652.640313837814,0.2928571429,652.640313837814|341|Total Covers,0.2928571429|9.20328167730173|20192|33.7616226071103|74073,MONTH_TO_DATE
03_marzo.xlsx,Daily,,,2025-03-31,0,0.0,False,False,,0,,0|0|10.76181812|538.090906|22.75454492,TODAY
03_marzo.xlsx,Daily,,,2025-03-31,0,0.0,False,False,0,0,0,0|0|9.890601920709|311.099102709558|36.279398079291,TODAY
03_marzo.xlsx,Daily,,,2024-03-31,0,0.0,False,False,0,0,0|0,0|0|7.98870056497175|1414|30.1468926553672,MONTH_TO_DATE
03_marzo.xlsx,Daily,,,2025-03-31,15533.548983,15533.548983,False,False,Total Revenue,341,Total Revenue|0|0,341|0.145726495726496|9.3987121015561|22951.654952|35.8230009561835,TODAY
03_marzo.xlsx,Daily,,,2025-03-31,30132.4032898919,30132.4032898919,False,False,15533.548983,652.640313837814,15533.548983|Total Revenue|0,652.640313837814|0.5073227599|9.890601920709|23332.4327032168|36.279398079291,TODAY
03_marzo.xlsx,Daily,,,2024-03-31,30242,30242.0,False,False,30132.4032898919,615,30132.4032898919|15533.548983|Total Revenue,615|0.2928571429|9.20328167730173|20192|33.7616226071103,MONTH_TO_DATE
03_marzo.xlsx,Daily,,,2025-03-31,0,0.0,False,False,,0,,0|0|0|10.76181812|538.090906,TODAY
03_marzo.xlsx,Daily,,,2025-03-31,0,0.0,False,False,0,0,0,0|0|0|9.890601920709|311.099102709558,TODAY
03_marzo.xlsx,Daily,,,2024-03-31,0,0.0,False,False,0,0,0|0,0|0|0|7.98870056497175|1414,MONTH_TO_DATE
03_marzo.xlsx,Daily,,,2025-03-31,45.552929568915,45.552929568915,False,False,Avg.cover,15533.548983,Avg.cover|0|0,15533.548983|341|0.145726495726496|9.3987121015561|22951.654952,TODAY
03_marzo.xlsx,Daily,,,2025-03-31,46.17,46.17,False,False,45.552929568915,30132.4032898919,45.552929568915|Avg.cover|0,30132.4032898919|652.640313837814|0.5073227599|9.890601920709|23332.4327032168,TODAY
03_marzo.xlsx,Daily,,,2024-03-31,49.1739837398374,49.1739837398374,False,False,46.17,30242,46.17|45.552929568915|Avg.cover,30242|615|0.2928571429|9.20328167730173|20192,MONTH_TO_DATE
03_marzo.xlsx,Daily,,,2025-03-31,0,0.0,False,False,,0,,0|0|0|0|10.76181812,TODAY
03_marzo.xlsx,Daily,,,2025-03-31,0,0.0,False,False,0,0,0,0|0|0|0|9.890601920709,TODAY
03_marzo.xlsx,Daily,,,2024-03-31,0,0.0,False,False,0,0,0|0,0|0|0|0|7.98870056497175,MONTH_TO_DATE
03_marzo.xlsx,Daily,,,2025-03-31,11778.590004,11778.590004,False,False,Food Revenue,45.552929568915,Food Revenue|0|0,45.552929568915|15533.548983|341|0.145726495726496|9.3987121015561,TODAY
03_marzo.xlsx,Daily,,,2025-03-31,22988.7012212653,22988.7012212653,False,False,11778.590004,46.17,11778.590004|Food Revenue|0,46.17|30132.4032898919|652.640313837814|0.5073227599|9.890601920709,TODAY
03_marzo.xlsx,Daily,,,2024-03-31,23074,23074.0,False,False,22988.7012212653,49.1739837398374,22988.7012212653|11778.590004|Food Revenue,49.1739837398374|30242|615|0.2928571429|9.20328167730173,MONTH_TO_DATE
03_marzo.xlsx,Daily,,,2025-03-31,0,0.0,False,False,,0,,0|0|0|0|0,TODAY
03_marzo.xlsx,Daily,,,2025-03-31,0,0.0,False,False,0,0,0,0|0|0|0|0,TODAY
03_marzo.xlsx,Daily,,,2024-03-31,0,0.0,False,False,0,0,0|0,0|0|0|0|0,MONTH_TO_DATE
03_marzo.xlsx,Daily,,,2025-03-31,34.5413196598241,34.5413196598241,False,False,Avg.Spend FD / cover,11778.590004,Avg.Spend FD / cover|0|0,11778.590004|45.552929568915|15533.548983|341|0.145726495726496,TODAY
03_marzo.xlsx,Daily,,,2025-03-31,35.224151395248,35.224151395248,False,False,34.5413196598241,22988.7012212653,34.5413196598241|Avg.Spend FD / cover|0,22988.7012212653|46.17|30132.4032898919|652.640313837814|0.5073227599,TODAY
03_marzo.xlsx,Daily,,,2024-03-31,37.5186991869919,37.5186991869919,False,False,35.224151395248,23074,35.224151395248|34.5413196598241|Avg.Spend FD / cover,23074|49.1739837398374|30242|615|0.2928571429,MONTH_TO_DATE
03_marzo.xlsx,Daily,,,2025-03-31,0,0.0,False,False,,0,,0|0|0|0|0,TODAY
03_marzo.xlsx,Daily,,,2025-03-31,0,0.0,False,False,0,0,0,0|0|0|0|0,TODAY
03_marzo.xlsx,Daily,,,2024-03-31,0,0.0,False,False,0,0,0|0,0|0|0|0|0,MONTH_TO_DATE
03_marzo.xlsx,Daily,,,2025-03-31,3754.958979,3754.958979,False,False,Beverage Revenue,34.5413196598241,Beverage Revenue|0|0,34.5413196598241|11778.590004|45.552929568915|15533.548983|341,TODAY
03_marzo.xlsx,Daily,,,2025-03-31,7143.70206862656,7143.70206862656,False,False,3754.958979,35.224151395248,3754.958979|Beverage Revenue|0,35.224151395248|22988.7012212653|46.17|30132.4032898919|652.640313837814,TODAY
03_marzo.xlsx,Daily,,,2024-03-31,7168,7168.0,False,False,7143.70206862656,37.5186991869919,7143.70206862656|3754.958979|Beverage Revenue,37.5186991869919|23074|49.1739837398374|30242|615,MONTH_TO_DATE
03_marzo.xlsx,Daily,,,2025-03-31,0,0.0,False,False,,0,,0|0|0|0|0,TODAY
03_marzo.xlsx,Daily,,,2025-03-31,0,0.0,False,False,0,0,0,0|0|0|0|0,TODAY
03_marzo.xlsx,Daily,,,2024-03-31,0,0.0,False,False,0,0,0|0,0|0|0|0|0,MONTH_TO_DATE
03_marzo.xlsx,Daily,,,2025-03-31,11.0116099090909,11.0116099090909,False,False,Avg.Spend BV / cover,3754.958979,Avg.Spend BV / cover|0|0,3754.958979|34.5413196598241|11778.590004|45.552929568915|15533.548983,TODAY
03_marzo.xlsx,Daily,,,2025-03-31,10.945848604752,10.945848604752,False,False,11.0116099090909,7143.70206862656,11.0116099090909|Avg.Spend BV / cover|0,7143.70206862656|35.224151395248|22988.7012212653|46.17|30132.4032898919,TODAY
03_marzo.xlsx,Daily,,,2024-03-31,11.6552845528455,11.6552845528455,False,False,10.945848604752,7168,10.945848604752|11.0116099090909|Avg.Spend BV / cover,7168|37.5186991869919|23074|49.1739837398374|30242,MONTH_TO_DATE
03_marzo.xlsx,Daily,,,2025-03-31,1675.818152,1675.818152,False,False,,0,,0|0|0|0|0,TODAY
03_marzo.xlsx,Daily,,,2025-03-31,1452.231693,1452.231693,False,False,1675.818152,0,1675.818152,0|0|0|0|0,TODAY
03_marzo.xlsx,Daily,,,2024-03-31,6750,6750.0,False,False,1452.231693,0,1452.231693|1675.818152,0|0|0|0|0,MONTH_TO_DATE
03_marzo.xlsx,Daily,,,2025-03-31,125964.97227,125964.97227,False,False,TOTAL RESTAURANT REV,11.0116099090909,TOTAL RESTAURANT REV|6750|1452.231693,11.0116099090909|3754.958979|34.5413196598241|11778.590004|45.552929568915,TODAY
03_marzo.xlsx,Daily,,,2025-03-31,139049.780264892,139049.780264892,False,False,125964.97227,10.945848604752,125964.97227|TOTAL RESTAURANT REV|6750,10.945848604752|7143.70206862656|35.224151395248|22988.7012212653|46.17,TODAY
03_marzo.xlsx,Daily,,,2024-03-31,124507,124507.0,False,False,139049.780264892,11.6552845528455,139049.780264892|125964.97227|TOTAL RESTAURANT REV,11.6552845528455|7168|37.5186991869919|23074|49.1739837398374,MONTH_TO_DATE
03_marzo.xlsx,Daily,,,2025-03-31,33.51636304,33.51636304,False,False,,1675.818152,,1675.818152|0|0|0|0,TODAY
03_marzo.xlsx,Daily,,,2025-03-31,46.17,46.17,False,False,33.51636304,1452.231693,33.51636304,1452.231693|0|0|0|0,TODAY
03_marzo.xlsx,Daily,,,2024-03-31,38.135593220339,38.135593220339,False,False,46.17,6750,46.17|33.51636304,6750|0|0|0|0,MONTH_TO_DATE
03_marzo.xlsx,Daily,,,2025-03-31,45.2622968990298,45.2622968990298,False,False,38.135593220339,125964.97227,38.135593220339|46.17|33.51636304,125964.97227|11.0116099090909|3754.958979|34.5413196598241|11778.590004,TODAY
03_marzo.xlsx,Daily,,,2025-03-31,46.17,46.17,False,False,45.2622968990298,139049.780264892,45.2622968990298|38.135593220339|46.17,139049.780264892|10.945848604752|7143.70206862656|35.224151395248|22988.7012212653,TODAY
03_marzo.xlsx,Daily,,,2024-03-31,44.3243147027412,44.3243147027412,False,False,46.17,124507,46.17|45.2622968990298|38.135593220339,124507|11.6552845528455|7168|37.5186991869919|23074,MONTH_TO_DATE
03_marzo.xlsx,Daily,,,2025-03-31,0.2159596,0.2159596,False,False,,33.51636304,,33.51636304|1675.818152|0|0|0,TODAY
03_marzo.xlsx,Daily,,,2025-03-31,0.229659498222222,0.229659498222222,False,False,0.2159596,46.17,0.2159596,46.17|1452.231693|0|0|0,TODAY
03_marzo.xlsx,Daily,,,2024-03-31,1.42777777777778,1.42777777777778,False,False,0.229659498222222,38.135593220339,0.229659498222222|0.2159596,38.135593220339|6750|0|0|0,MONTH_TO_DATE
03_marzo.xlsx,Daily,,,2025-03-31,0.527435968709678,0.527435968709678,False,False,Occupancy,45.2622968990298,Occupancy|1.42777777777778|0.229659498222222,45.2622968990298|125964.97227|11.0116099090909|3754.958979|34.5413196598241,TODAY
03_marzo.xlsx,Daily,,,2025-03-31,0.5073227599,0.5073227599,False,False,0.527435968709678,46.17,0.527435968709678|Occupancy|1.42777777777778,46.17|139049.780264892|10.945848604752|7143.70206862656|35.224151395248,TODAY
03_marzo.xlsx,Daily,,,2024-03-31,0.698047619,0.698047619,False,False,0.5073227599,44.3243147027412,0.5073227599|0.527435968709678|Occupancy,44.3243147027412|124507|11.6552845528455|7168|37.5186991869919,MONTH_TO_DATE
03_marzo.xlsx,Daily,,,2025-03-31,38.872728,38.872728,False,False,,0.2159596,,0.2159596|33.51636304|1675.818152|0|0,TODAY
03_marzo.xlsx,Daily,,,2025-03-31,41.33870968,41.33870968,False,False,38.872728,0.229659498222222,38.872728,0.229659498222222|46.17|1452.231693|0|0,TODAY
03_marzo.xlsx,Daily,,,2024-03-31,257,257.0,False,False,41.33870968,1.42777777777778,41.33870968|38.872728,1.42777777777778|38.135593220339|6750|0|0,MONTH_TO_DATE
03_marzo.xlsx,Daily,,,2025-03-31,2943.0927054,2943.0927054,False,False,Total Covers,0.527435968709678,Total Covers|257|41.33870968,0.527435968709678|45.2622968990298|125964.97227|11.0116099090909|3754.958979,TODAY
03_marzo.xlsx,Daily,,,2025-03-31,1281.5,1281.5,False,False,2943.0927054,0.5073227599,2943.0927054|Total Covers|257,0.5073227599|46.17|139049.780264892|10.945848604752|7143.70206862656,TODAY
03_marzo.xlsx,Daily,,,2024-03-31,2931.8,2931.8,False,False,1281.5,0.698047619,1281.5|2943.0927054|Total Covers,0.698047619|44.3243147027412|124507|11.6552845528455|7168,MONTH_TO_DATE
03_marzo.xlsx,Daily,,,2025-03-31,194.36364,194.36364,False,False,,38.872728,,38.872728|0.2159596|33.51636304|1675.818152|0,TODAY
03_marzo.xlsx,Daily,,,2025-03-31,310.42,310.42,False,False,194.36364,41.33870968,194.36364,41.33870968|0.229659498222222|46.17|1452.231693|0,TODAY
03_marzo.xlsx,Daily,,,2024-03-31,1285,1285.0,False,False,310.42,257,310.42|194.36364,257|1.42777777777778|38.135593220339|6750|0,MONTH_TO_DATE
03_marzo.xlsx,Daily,,,2025-03-31,15454.156708,15454.156708,False,False,Total Revenue,2943.0927054,Total Revenue|1285|310.42,2943.0927054|0.527435968709678|45.2622968990298|125964.97227|11.0116099090909,TODAY
03_marzo.xlsx,Daily,,,2025-03-31,23281.5,23281.5,False,False,15454.156708,1281.5,15454.156708|Total Revenue|1285,1281.5|0.5073227599|46.17|139049.780264892|10.945848604752,TODAY
03_marzo.xlsx,Daily,,,2024-03-31,14661,14661.0,False,False,23281.5,2931.8,23281.5|15454.156708|Total Revenue,2931.8|0.698047619|44.3243147027412|124507|11.6552845528455,MONTH_TO_DATE
03_marzo.xlsx,Daily,,,2025-03-31,5,5.0,False,False,,194.36364,,194.36364|38.872728|0.2159596|33.51636304|1675.818152,TODAY
03_marzo.xlsx,Daily,,,2025-03-31,7.50918454888745,7.50918454888745,False,False,5,310.42,5,310.42|41.33870968|0.229659498222222|46.17|1452.231693,TODAY
03_marzo.xlsx,Daily,,,2024-03-31,5,5.0,False,False,7.50918454888745,1285,7.50918454888745|5,1285|257|1.42777777777778|38.135593220339|6750,MONTH_TO_DATE
03_marzo.xlsx,Daily,,,2025-03-31,5.25099215517223,5.25099215517223,False,False,Avg.cover,15454.156708,Avg.cover|5|7.50918454888745,15454.156708|2943.0927054|0.527435968709678|45.2622968990298|125964.97227,TODAY
03_marzo.xlsx,Daily,,,2025-03-31,18.1673819742489,18.1673819742489,False,False,5.25099215517223,23281.5,5.25099215517223|Avg.cover|5,23281.5|1281.5|0.5073227599|46.17|139049.780264892,TODAY
03_marzo.xlsx,Daily,,,2024-03-31,5.00068217477318,5.00068217477318,False,False,18.1673819742489,14661,18.1673819742489|5.25099215517223|Avg.cover,14661|2931.8|0.698047619|44.3243147027412|124507,MONTH_TO_DATE
03_marzo.xlsx,Daily,,,2025-03-31,70.18182,70.18182,False,False,,5,,5|194.36364|38.872728|0.2159596|33.51636304,TODAY
03_marzo.xlsx,Daily,,,2025-03-31,111.457755736856,111.457755736856,False,False,70.18182,7.50918454888745,70.18182,7.50918454888745|310.42|41.33870968|0.229659498222222|46.17,TODAY
03_marzo.xlsx,Daily,,,2024-03-31,824,824.0,False,False,111.457755736856,5,111.457755736856|70.18182,5|1285|257|1.42777777777778|38.135593220339,MONTH_TO_DATE
03_marzo.xlsx,Daily,,,2025-03-31,3322.18171,3322.18171,False,False,Food Revenue,5.25099215517223,Food Revenue|824|111.457755736856,5.25099215517223|15454.156708|2943.0927054|0.527435968709678|45.2622968990298,TODAY
03_marzo.xlsx,Daily,,,2025-03-31,8359.33168026417,8359.33168026417,False,False,3322.18171,18.1673819742489,3322.18171|Food Revenue|824,18.1673819742489|23281.5|1281.5|0.5073227599|46.17,TODAY
03_marzo.xlsx,Daily,,,2024-03-31,5266,5266.0,False,False,8359.33168026417,5.00068217477318,8359.33168026417|3322.18171|Food Revenue,5.00068217477318|14661|2931.8|0.698047619|44.3243147027412,MONTH_TO_DATE
03_marzo.xlsx,Daily,,,2025-03-31,1.80542564442609,1.80542564442609,False,False,,70.18182,,70.18182|5|194.36364|38.872728|0.2159596,TODAY
03_marzo.xlsx,Daily,,,2025-03-31,2.69620790294719,2.69620790294719,False,False,1.80542564442609,111.457755736856,1.80542564442609,111.457755736856|7.50918454888745|310.42|41.33870968|0.229659498222222,TODAY
03_marzo.xlsx,Daily,,,2024-03-31,3.20622568093385,3.20622568093385,False,False,2.69620790294719,824,2.69620790294719|1.80542564442609,824|5|1285|257|1.42777777777778,MONTH_TO_DATE
03_marzo.xlsx,Daily,,,2025-03-31,1.12880634167739,1.12880634167739,False,False,Avg.Spend FD / cover,3322.18171,Avg.Spend FD / cover|3.20622568093385|2.69620790294719,3322.18171|5.25099215517223|15454.156708|2943.0927054|0.527435968709678,TODAY
03_marzo.xlsx,Daily,,,2025-03-31,6.52308363656977,6.52308363656977,False,False,1.12880634167739,8359.33168026417,1.12880634167739|Avg.Spend FD / cover|3.20622568093385,8359.33168026417|18.1673819742489|23281.5|1281.5|0.5073227599,TODAY
03_marzo.xlsx,Daily,,,2024-03-31,1.79616617777475,1.79616617777475,False,False,6.52308363656977,5266,6.52308363656977|1.12880634167739|Avg.Spend FD / cover,5266|5.00068217477318|14661|2931.8|0.698047619,MONTH_TO_DATE
03_marzo.xlsx,Daily,,,2025-03-31,124.18182,124.18182,False,False,,1.80542564442609,,1.80542564442609|70.18182|5|194.36364|38.872728,TODAY
03_marzo.xlsx,Daily,,,2025-03-31,198.962244263144,198.962244263144,False,False,124.18182,2.69620790294719,124.18182,2.69620790294719|111.457755736856|7.50918454888745|310.42|41.33870968,TODAY
03_marzo.xlsx,Daily,,,2024-03-31,461,461.0,False,False,198.962244263144,3.20622568093385,198.962244263144|124.18182,3.20622568093385|824|5|1285|257,MONTH_TO_DATE
03_marzo.xlsx,Daily,,,2025-03-31,12131.974998,12131.974998,False,False,Beverage Revenue,1.12880634167739,Beverage Revenue|461|198.962244263144,1.12880634167739|3322.18171|5.25099215517223|15454.156708|2943.0927054,TODAY
03_marzo.xlsx,Daily,,,2025-03-31,14922.1683197358,14922.1683197358,False,False,12131.974998,6.52308363656977,12131.974998|Beverage Revenue|461,6.52308363656977|8359.33168026417|18.1673819742489|23281.5|1281.5,TODAY
03_marzo.xlsx,Daily,,,2024-03-31,9395,9395.0,False,False,14922.1683197358,1.79616617777475,14922.1683197358|12131.974998|Beverage Revenue,1.79616617777475|5266|5.00068217477318|14661|2931.8,MONTH_TO_DATE
03_marzo.xlsx,Daily,,,2025-03-31,3.19457435557391,3.19457435557391,False,False,,124.18182,,124.18182|1.80542564442609|70.18182|5|194.36364,TODAY
03_marzo.xlsx,Daily,,,2025-03-31,4.81297664594026,4.81297664594026,False,False,3.19457435557391,198.962244263144,3.19457435557391,198.962244263144|2.69620790294719|111.457755736856|7.50918454888745|310.42,TODAY
03_marzo.xlsx,Daily,,,2024-03-31,1.79377431906615,1.79377431906615,False,False,4.81297664594026,461,4.81297664594026|3.19457435557391,461|3.20622568093385|824|5|1285,MONTH_TO_DATE
03_marzo.xlsx,Daily,,,2025-03-31,4.12218581349483,4.12218581349483,False,False,Avg.Spend BV / cover,12131.974998,Avg.Spend BV / cover|1.79377431906615|4.81297664594026,12131.974998|1.12880634167739|3322.18171|5.25099215517223|15454.156708,TODAY
03_marzo.xlsx,Daily,,,2025-03-31,11.6442983376792,11.6442983376792,False,False,4.12218581349483,14922.1683197358,4.12218581349483|Avg.Spend BV / cover|1.79377431906615,14922.1683197358|6.52308363656977|8359.33168026417|18.1673819742489|23281.5,TODAY
03_marzo.xlsx,Daily,,,2024-03-31,3.20451599699843,3.20451599699843,False,False,11.6442983376792,9395,11.6442983376792|4.12218581349483|Avg.Spend BV / cover,9395|1.79616617777475|5266|5.00068217477318|14661,MONTH_TO_DATE
03_marzo.xlsx,Daily,,,2025-03-31,194.36364,194.36364,False,False,,3.19457435557391,,3.19457435557391|124.18182|1.80542564442609|70.18182|5,TODAY
03_marzo.xlsx,Daily,,,2025-03-31,310.42,310.42,False,False,194.36364,4.81297664594026,194.36364,4.81297664594026|198.962244263144|2.69620790294719|111.457755736856|7.50918454888745,TODAY
03_marzo.xlsx,Daily,,,2024-03-31,1285,1285.0,False,False,310.42,1.79377431906615,310.42|194.36364,1.79377431906615|461|3.20622568093385|824|5,MONTH_TO_DATE
03_marzo.xlsx,Daily,,,2025-03-31,15454.156708,15454.156708,False,False,TOTAL BER REV,4.12218581349483,TOTAL BER REV|1285|310.42,4.12218581349483|12131.974998|1.12880634167739|3322.18171|5.25099215517223,TODAY
03_marzo.xlsx,Daily,,,2025-03-31,23281.5,23281.5,False,False,15454.156708,11.6442983376792,15454.156708|TOTAL BER REV|1285,11.6442983376792|14922.1683197358|6.52308363656977|8359.33168026417|18.1673819742489,TODAY
03_marzo.xlsx,Daily,,,2024-03-31,14661,14661.0,False,False,23281.5,3.20451599699843,23281.5|15454.156708|TOTAL BER REV,3.20451599699843|9395|1.79616617777475|5266|5.00068217477318,MONTH_TO_DATE
03_marzo.xlsx,Daily,,,2025-03-31,0,0.0,False,False,,194.36364,,194.36364|3.19457435557391|124.18182|1.80542564442609|70.18182,TODAY
03_marzo.xlsx,Daily,,,2025-03-31,7.74193548387097,7.74193548387097,False,False,0,310.42,0,310.42|4.81297664594026|198.962244263144|2.69620790294719|111.457755736856,TODAY
03_marzo.xlsx,Daily,,,2024-03-31,0,0.0,False,False,7.74193548387097,1285,7.74193548387097|0,1285|1.79377431906615|461|3.20622568093385|824,MONTH_TO_DATE
03_marzo.xlsx,Daily,,,2025-03-31,54,54.0,False,False,Total Pax,15454.156708,Total Pax|0|7.74193548387097,15454.156708|4.12218581349483|12131.974998|1.12880634167739|3322.18171,TODAY
03_marzo.xlsx,Daily,,,2025-03-31,240,240.0,False,False,54,23281.5,54|Total Pax|0,23281.5|11.6442983376792|14922.1683197358|6.52308363656977|8359.33168026417,TODAY
03_marzo.xlsx,Daily,,,2024-03-31,47,47.0,False,False,240,14661,240|54|Total Pax,14661|3.20451599699843|9395|1.79616617777475|5266,MONTH_TO_DATE
03_marzo.xlsx,Daily,,,2025-03-31,0,0.0,False,False,,0,,0|194.36364|3.19457435557391|124.18182|1.80542564442609,TODAY
03_marzo.xlsx,Daily,,,2025-03-31,0.0645161290322581,0.0645161290322581,False,False,0,7.74193548387097,0,7.74193548387097|310.42|4.81297664594026|198.962244263144|2.69620790294719,TODAY
03_marzo.xlsx,Daily,,,2024-03-31,0,0.0,False,False,0.0645161290322581,0,0.0645161290322581|0,0|1285|1.79377431906615|461|3.20622568093385,MONTH_TO_DATE
03_marzo.xlsx,Daily,,,2025-03-31,2,2.0,False,False,# Events,54,# Events|0|0.0645161290322581,54|15454.156708|4.12218581349483|12131.974998|1.12880634167739,TODAY
03_marzo.xlsx,Daily,,,2025-03-31,2,2.0,False,False,2,240,2|# Events|0,240|23281.5|11.6442983376792|14922.1683197358|6.52308363656977,TODAY
03_marzo.xlsx,Daily,,,2024-03-31,9,9.0,False,False,2,47,2|2|# Events,47|14661|3.20451599699843|9395|1.79616617777475,MONTH_TO_DATE
03_marzo.xlsx,Daily,,,2025-03-31,17.272728,17.272728,False,False,,0,,0|0|194.36364|3.19457435557391|124.18182,TODAY
03_marzo.xlsx,Daily,,,2025-03-31,1080,1080.0,False,False,17.272728,0.0645161290322581,17.272728,0.0645161290322581|7.74193548387097|310.42|4.81297664594026|198.962244263144,TODAY
03_marzo.xlsx,Daily,,,2024-03-31,0,0.0,False,False,1080,0,1080|17.272728,0|0|1285|1.79377431906615|461,MONTH_TO_DATE
03_marzo.xlsx,Daily,,,2025-03-31,7815.369395,7815.369395,False,False,Total Revenue F&B,2,Total Revenue F&B|0|1080,2|54|15454.156708|4.12218581349483|12131.974998,TODAY
03_marzo.xlsx,Daily,,,2025-03-31,33480,33480.0,False,False,7815.369395,2,7815.369395|Total Revenue F&B|0,2|240|23281.5|11.6442983376792|14922.1683197358,TODAY
03_marzo.xlsx,Daily,,,2024-03-31,2235,2235.0,False,False,33480,9,33480|7815.369395|Total Revenue F&B,9|47|14661|3.20451599699843|9395,MONTH_TO_DATE
03_marzo.xlsx,Daily,,,2025-03-31,0,0.0,False,False,,17.272728,,17.272728|0|0|194.36364|3.19457435557391,TODAY
03_marzo.xlsx,Daily,,,2025-03-31,139.5,139.5,False,False,0,1080,0,1080|0.0645161290322581|7.74193548387097|310.42|4.81297664594026,TODAY
03_marzo.xlsx,Daily,,,2024-03-31,0,0.0,False,False,139.5,0,139.5|0,0|0|0|1285|1.79377431906615,MONTH_TO_DATE
03_marzo.xlsx,Daily,,,2025-03-31,144.72906287037,144.72906287037,False,False,Avg.pax,7815.369395,Avg.pax|0|139.5,7815.369395|2|54|15454.156708|4.12218581349483,TODAY
03_marzo.xlsx,Daily,,,2025-03-31,139.5,139.5,False,False,144.72906287037,33480,144.72906287037|Avg.pax|0,33480|2|240|23281.5|11.6442983376792,TODAY
03_marzo.xlsx,Daily,,,2024-03-31,0,0.0,False,False,139.5,2235,139.5|144.72906287037|Avg.pax,2235|9|47|14661|3.20451599699843,MONTH_TO_DATE
03_marzo.xlsx,Daily,,,2025-03-31,0,0.0,False,False,,0,,0|17.272728|0|0|194.36364,TODAY
03_marzo.xlsx,Daily,,,2025-03-31,0,0.0,False,False,0,139.5,0,139.5|1080|0.0645161290322581|7.74193548387097|310.42,TODAY
03_marzo.xlsx,Daily,,,2024-03-31,0,0.0,False,False,0,0,0|0,0|0|0|0|1285,MONTH_TO_DATE
03_marzo.xlsx,Daily,,,2025-03-31,0,0.0,False,False,Room Rental,144.72906287037,Room Rental|0|0,144.72906287037|7815.369395|2|54|15454.156708,TODAY
03_marzo.xlsx,Daily,,,2025-03-31,0,0.0,False,False,0,139.5,0|Room Rental|0,139.5|33480|2|240|23281.5,TODAY
03_marzo.xlsx,Daily,,,2024-03-31,0,0.0,False,False,0,0,0|0|Room Rental,0|2235|9|47|14661,MONTH_TO_DATE
03_marzo.xlsx,Daily,,,2025-03-31,0,0.0,False,False,,0,,0|0|17.272728|0|0,TODAY
03_marzo.xlsx,Daily,,,2025-03-31,0,0.0,False,False,0,0,0,0|139.5|1080|0.0645161290322581|7.74193548387097,TODAY
03_marzo.xlsx,Daily,,,2025-03-31,289.2564,289.2564,False,False,Other Revenue,0,Other Revenue|0|0,0|144.72906287037|7815.369395|2|54,TODAY
03_marzo.xlsx,Daily,,,2025-03-31,0,0.0,False,False,289.2564,0,289.2564|Other Revenue|0,0|139.5|33480|2|240,TODAY
03_marzo.xlsx,Daily,,,2024-03-31,0,0.0,False,False,0,0,0|289.2564|Other Revenue,0|0|2235|9|47,MONTH_TO_DATE
03_marzo.xlsx,Daily,,,2025-03-31,17.272728,17.272728,False,False,,0,,0|0|0|17.272728|0,TODAY
03_marzo.xlsx,Daily,,,2025-03-31,1080,1080.0,False,False,17.272728,0,17.272728,0|0|139.5|1080|0.0645161290322581,TODAY
03_marzo.xlsx,Daily,,,2024-03-31,0,0.0,False,False,1080,0,1080|17.272728,0|0|0|0|0,MONTH_TO_DATE
03_marzo.xlsx,Daily,,,2025-03-31,8104.625795,8104.625795,False,False,Total Weddings Rev.,289.2564,Total Weddings Rev.|0|1080,289.2564|0|144.72906287037|7815.369395|2,TODAY
03_marzo.xlsx,Daily,,,2025-03-31,33480,33480.0,False,False,8104.625795,0,8104.625795|Total Weddings Rev.|0,0|0|139.5|33480|2,TODAY
03_marzo.xlsx,Daily,,,2024-03-31,2235,2235.0,False,False,33480,0,33480|8104.625795|Total Weddings Rev.,0|0|0|2235|9,MONTH_TO_DATE
03_marzo.xlsx,Daily,,,2025-03-31,119,119.0,False,False,,17.272728,,17.272728|0|0|0|17.272728,TODAY
03_marzo.xlsx,Daily,,,2025-03-31,28.41935484,28.41935484,False,False,119,1080,119,1080|0|0|139.5|1080,TODAY
03_marzo.xlsx,Daily,,,2024-03-31,0,0.0,False,False,28.41935484,0,28.41935484|119,0|0|0|0|0,MONTH_TO_DATE
03_marzo.xlsx,Daily,,,2025-03-31,728,728.0,False,False,Total Pax,8104.625795,Total Pax|0|28.41935484,8104.625795|289.2564|0|144.72906287037|7815.369395,TODAY
03_marzo.xlsx,Daily,,,2025-03-31,881,881.0,False,False,728,33480,728|Total Pax|0,33480|0|0|139.5|33480,TODAY
03_marzo.xlsx,Daily,,,2024-03-31,575,575.0,False,False,881,2235,881|728|Total Pax,2235|0|0|0|2235,MONTH_TO_DATE
03_marzo.xlsx,Daily,,,2025-03-31,3,3.0,False,False,,119,,119|17.272728|0|0|0,TODAY
03_marzo.xlsx,Daily,,,2024-03-31,0,0.0,False,False,3,0,3,0|0|0|0|0,MONTH_TO_DATE
03_marzo.xlsx,Daily,,,2025-03-31,14,14.0,False,False,# Events,728,# Events|0|3,728|8104.625795|289.2564|0|144.72906287037,TODAY
03_marzo.xlsx,Daily,,,2025-03-31,23,23.0,False,False,14,881,14|# Events|0,881|33480|0|0|139.5,TODAY
03_marzo.xlsx,Daily,,,2024-03-31,6,6.0,False,False,23,575,23|14|# Events,575|2235|0|0|0,MONTH_TO_DATE
03_marzo.xlsx,Daily,,,2025-03-31,6053.6363,6053.6363,False,False,,3,,3|119|17.272728|0|0,TODAY
03_marzo.xlsx,Daily,,,2025-03-31,1392.064516,1392.064516,False,False,6053.6363,28.41935484,6053.6363,28.41935484|1080|0|0|139.5,TODAY
03_marzo.xlsx,Daily,,,2024-03-31,0,0.0,False,False,1392.064516,0,1392.064516|6053.6363,0|0|0|0|0,MONTH_TO_DATE
03_marzo.xlsx,Daily,,,2025-03-31,34943.318515,34943.318515,False,False,Total Revenue F&B,14,Total Revenue F&B|0|1392.064516,14|728|8104.625795|289.2564|0,TODAY
03_marzo.xlsx,Daily,,,2025-03-31,43154,43154.0,False,False,34943.318515,23,34943.318515|Total Revenue F&B|0,23|881|33480|0|0,TODAY
03_marzo.xlsx,Daily,,,2024-03-31,32772,32772.0,False,False,43154,6,43154|34943.318515|Total Revenue F&B,6|575|2235|0|0,MONTH_TO_DATE
03_marzo.xlsx,Daily,,,2025-03-31,50.8708932773109,50.8708932773109,False,False,,6053.6363,,6053.6363|3|119|17.272728|0,TODAY
03_marzo.xlsx,Daily,,,2025-03-31,48.9829738865388,48.9829738865388,False,False,50.8708932773109,1392.064516,50.8708932773109,1392.064516|28.41935484|1080|0|0,TODAY
03_marzo.xlsx,Daily,,,2024-03-31,0,0.0,False,False,48.9829738865388,0,48.9829738865388|50.8708932773109,0|0|0|0|0,MONTH_TO_DATE
03_marzo.xlsx,Daily,,,2025-03-31,47.9990638942308,47.9990638942308,False,False,Avg.pax,34943.318515,Avg.pax|0|48.9829738865388,34943.318515|14|728|8104.625795|289.2564,TODAY
03_marzo.xlsx,Daily,,,2025-03-31,48.9829738933031,48.9829738933031,False,False,47.9990638942308,43154,47.9990638942308|Avg.pax|0,43154|23|881|33480|0,TODAY
03_marzo.xlsx,Daily,,,2024-03-31,56.99478261,56.99478261,False,False,48.9829738933031,32772,48.9829738933031|47.9990638942308|Avg.pax,32772|6|575|2235|0,MONTH_TO_DATE
03_marzo.xlsx,Daily,,,2025-03-31,0,0.0,False,False,,50.8708932773109,,50.8708932773109|6053.6363|3|119|17.272728,TODAY
03_marzo.xlsx,Daily,,,2025-03-31,58.0645161290323,58.0645161290323,False,False,0,48.9829738865388,0,48.9829738865388|1392.064516|28.41935484|1080|0,TODAY
03_marzo.xlsx,Daily,,,2024-03-31,0,0.0,False,False,58.0645161290323,0,58.0645161290323|0,0|0|0|0|0,MONTH_TO_DATE
03_marzo.xlsx,Daily,,,2025-03-31,0,0.0,False,False,Room Rental,47.9990638942308,Room Rental|0|58.0645161290323,47.9990638942308|34943.318515|14|728|8104.625795,TODAY
03_marzo.xlsx,Daily,,,2025-03-31,1800,1800.0,False,False,0,48.9829738933031,0|Room Rental|0,48.9829738933031|43154|23|881|33480,TODAY
03_marzo.xlsx,Daily,,,2024-03-31,0,0.0,False,False,1800,56.99478261,1800|0|Room Rental,56.99478261|32772|6|575|2235,MONTH_TO_DATE
03_marzo.xlsx,Daily,,,2025-03-31,0,0.0,False,False,,0,,0|50.8708932773109|6053.6363|3|119,TODAY
03_marzo.xlsx,Daily,,,2025-03-31,16.1290322580645,16.1290322580645,False,False,0,58.0645161290323,0,58.0645161290323|48.9829738865388|1392.064516|28.41935484|1080,TODAY
03_marzo.xlsx,Daily,,,2025-03-31,0,0.0,False,False,Other Revenue,0,Other Revenue|16.1290322580645|0,0|47.9990638942308|34943.318515|14|728,TODAY
03_marzo.xlsx,Daily,,,2025-03-31,500,500.0,False,False,0,1800,0|Other Revenue|16.1290322580645,1800|48.9829738933031|43154|23|881,TODAY
03_marzo.xlsx,Daily,,,2024-03-31,0,0.0,False,False,500,0,500|0|Other Revenue,0|56.99478261|32772|6|575,MONTH_TO_DATE
03_marzo.xlsx,Daily,,,2025-03-31,6053.6363,6053.6363,False,False,,0,,0|0|50.8708932773109|6053.6363|3,TODAY
03_marzo.xlsx,Daily,,,2025-03-31,1466.2580643871,1466.2580643871,False,False,6053.6363,16.1290322580645,6053.6363,16.1290322580645|58.0645161290323|48.9829738865388|1392.064516|28.41935484,TODAY
03_marzo.xlsx,Daily,,,2024-03-31,0,0.0,False,False,1466.2580643871,0,1466.2580643871|6053.6363,0|0|0|0|0,MONTH_TO_DATE
03_marzo.xlsx,Daily,,,2025-03-31,34943.318515,34943.318515,False,False,Total MICE Rev.,0,Total MICE Rev.|0|1466.2580643871,0|0|47.9990638942308|34943.318515|14,TODAY
03_marzo.xlsx,Daily,,,2025-03-31,45454,45454.0,False,False,34943.318515,500,34943.318515|Total MICE Rev.|0,500|1800|48.9829738933031|43154|23,TODAY
03_marzo.xlsx,Daily,,,2024-03-31,32772,32772.0,False,False,45454,0,45454|34943.318515|Total MICE Rev.,0|0|56.99478261|32772|6,MONTH_TO_DATE
03_marzo.xlsx,Daily,,,2025-03-31,0,0.0,False,False,,6053.6363,,6053.6363|0|0|50.8708932773109|6053.6363,TODAY
03_marzo.xlsx,Daily,,,2025-03-31,19.6129032258065,19.6129032258065,False,False,0,1466.2580643871,0,1466.2580643871|16.1290322580645|58.0645161290323|48.9829738865388|1392.064516,TODAY
03_marzo.xlsx,Daily,,,2024-03-31,0,0.0,False,False,19.6129032258065,0,19.6129032258065|0,0|0|0|0|0,MONTH_TO_DATE
03_marzo.xlsx,Daily,,,2025-03-31,375,375.0,False,False,Total Pax,34943.318515,Total Pax|0|19.6129032258065,34943.318515|0|0|47.9990638942308|34943.318515,TODAY
03_marzo.xlsx,Daily,,,2025-03-31,608,608.0,False,False,375,45454,375|Total Pax|0,45454|500|1800|48.9829738933031|43154,TODAY
03_marzo.xlsx,Daily,,,2024-03-31,419,419.0,False,False,608,32772,608|375|Total Pax,32772|0|0|56.99478261|32772,MONTH_TO_DATE
03_marzo.xlsx,Daily,,,2025-03-31,0,0.0,False,False,,0,,0|6053.6363|0|0|50.8708932773109,TODAY
03_marzo.xlsx,Daily,,,2025-03-31,0.548387096774194,0.548387096774194,False,False,0,19.6129032258065,0,19.6129032258065|1466.2580643871|16.1290322580645|58.0645161290323|48.9829738865388,TODAY
03_marzo.xlsx,Daily,,,2024-03-31,0,0.0,False,False,0.548387096774194,0,0.548387096774194|0,0|0|0|0|0,MONTH_TO_DATE
03_marzo.xlsx,Daily,,,2025-03-31,29,29.0,False,False,# Events,375,# Events|0|0.548387096774194,375|34943.318515|0|0|47.9990638942308,TODAY
03_marzo.xlsx,Daily,,,2025-03-31,17,17.0,False,False,29,608,29|# Events|0,608|45454|500|1800|48.9829738933031,TODAY
03_marzo.xlsx,Daily,,,2024-03-31,34,34.0,False,False,17,419,17|29|# Events,419|32772|0|0|56.99478261,MONTH_TO_DATE
03_marzo.xlsx,Daily,,,2025-03-31,0,0.0,False,False,,0,,0|0|6053.6363|0|0,TODAY
03_marzo.xlsx,Daily,,,2025-03-31,1047.74193548387,1047.74193548387,False,False,0,0.548387096774194,0,0.548387096774194|19.6129032258065|1466.2580643871|16.1290322580645|58.0645161290323,TODAY
03_marzo.xlsx,Daily,,,2024-03-31,0,0.0,False,False,1047.74193548387,0,1047.74193548387|0,0|0|0|0|0,MONTH_TO_DATE
03_marzo.xlsx,Daily,,,2025-03-31,17877.85051,17877.85051,False,False,Total Revenue F&B,29,Total Revenue F&B|0|1047.74193548387,29|375|34943.318515|0|0,TODAY
03_marzo.xlsx,Daily,,,2025-03-31,32480,32480.0,False,False,17877.85051,17,17877.85051|Total Revenue F&B|0,17|608|45454|500|1800,TODAY
03_marzo.xlsx,Daily,,,2024-03-31,22598,22598.0,False,False,32480,34,32480|17877.85051|Total Revenue F&B,34|419|32772|0|0,MONTH_TO_DATE
03_marzo.xlsx,Daily,,,2025-03-31,0,0.0,False,False,,0,,0|0|0|6053.6363|0,TODAY
03_marzo.xlsx,Daily,,,2025-03-31,53.4210526315789,53.4210526315789,False,False,0,1047.74193548387,0,1047.74193548387|0.548387096774194|19.6129032258065|1466.2580643871|16.1290322580645,TODAY
03_marzo.xlsx,Daily,,,2024-03-31,0,0.0,False,False,53.4210526315789,0,53.4210526315789|0,0|0|0|0|0,MONTH_TO_DATE
03_marzo.xlsx,Daily,,,2025-03-31,47.6742680266667,47.6742680266667,False,False,Avg.pax,17877.85051,Avg.pax|0|53.4210526315789,17877.85051|29|375|34943.318515|0,TODAY
03_marzo.xlsx,Daily,,,2025-03-31,53.4210526315789,53.4210526315789,False,False,47.6742680266667,32480,47.6742680266667|Avg.pax|0,32480|17|608|45454|500,TODAY
03_marzo.xlsx,Daily,,,2024-03-31,43.4072771,43.4072771,False,False,53.4210526315789,22598,53.4210526315789|47.6742680266667|Avg.pax,22598|34|419|32772|0,MONTH_TO_DATE
03_marzo.xlsx,Daily,,,2025-03-31,0,0.0,False,False,,0,,0|0|0|0|6053.6363,TODAY
03_marzo.xlsx,Daily,,,2025-03-31,0,0.0,False,False,0,53.4210526315789,0,53.4210526315789|1047.74193548387|0.548387096774194|19.6129032258065|1466.2580643871,TODAY
03_marzo.xlsx,Daily,,,2024-03-31,0,0.0,False,False,0,0,0|0,0|0|0|0|0,MONTH_TO_DATE
03_marzo.xlsx,Daily,,,2025-03-31,0,0.0,False,False,Room Rental,47.6742680266667,Room Rental|0|0,47.6742680266667|17877.85051|29|375|34943.318515,TODAY
03_marzo.xlsx,Daily,,,2025-03-31,0,0.0,False,False,0,53.4210526315789,0|Room Rental|0,53.4210526315789|32480|17|608|45454,TODAY
03_marzo.xlsx,Daily,,,2024-03-31,0,0.0,False,False,0,43.4072771,0|0|Room Rental,43.4072771|22598|34|419|32772,MONTH_TO_DATE
03_marzo.xlsx,Daily,,,2025-03-31,0,0.0,False,False,,0,,0|0|0|0|0,TODAY
03_marzo.xlsx,Daily,,,2025-03-31,0,0.0,False,False,0,0,0,0|53.4210526315789|1047.74193548387|0.548387096774194|19.6129032258065,TODAY
03_marzo.xlsx,Daily,,,2025-03-31,0,0.0,False,False,Other Revenue,0,Other Revenue|0|0,0|47.6742680266667|17877.85051|29|375,TODAY
03_marzo.xlsx,Daily,,,2025-03-31,0,0.0,False,False,0,0,0|Other Revenue|0,0|53.4210526315789|32480|17|608,TODAY
03_marzo.xlsx,Daily,,,2024-03-31,0,0.0,False,False,0,0,0|0|Other Revenue,0|43.4072771|22598|34|419,MONTH_TO_DATE
03_marzo.xlsx,Daily,,,2025-03-31,0,0.0,False,False,,0,,0|0|0|0|0,TODAY
03_marzo.xlsx,Daily,,,2025-03-31,1047.74193548387,1047.74193548387,False,False,0,0,0,0|0|53.4210526315789|1047.74193548387|0.548387096774194,TODAY
03_marzo.xlsx,Daily,,,2024-03-31,0,0.0,False,False,1047.74193548387,0,1047.74193548387|0,0|0|0|0|0,MONTH_TO_DATE
03_marzo.xlsx,Daily,,,2025-03-31,17877.85051,17877.85051,False,False,Total Individuals Rev.,0,Total Individuals Rev.|0|1047.74193548387,0|0|47.6742680266667|17877.85051|29,TODAY
03_marzo.xlsx,Daily,,,2025-03-31,32480,32480.0,False,False,17877.85051,0,17877.85051|Total Individuals Rev.|0,0|0|53.4210526315789|32480|17,TODAY
03_marzo.xlsx,Daily,,,2024-03-31,22598,22598.0,False,False,32480,0,32480|17877.85051|Total Individuals Rev.,0|0|43.4072771|22598|34,MONTH_TO_DATE
03_marzo.xlsx,Daily,,,2025-03-31,6070.909028,6070.909028,False,False,,0,,0|0|0|0|0,TODAY
03_marzo.xlsx,Daily,,,2025-03-31,3593.99999987097,3593.99999987097,False,False,6070.909028,1047.74193548387,6070.909028,1047.74193548387|0|0|53.4210526315789|1047.74193548387,TODAY
03_marzo.xlsx,Daily,,,2024-03-31,0,0.0,False,False,3593.99999987097,0,3593.99999987097|6070.909028,0|0|0|0|0,MONTH_TO_DATE
03_marzo.xlsx,Daily,,,2025-03-31,60925.79482,60925.79482,False,False,TOTAL BANQUETING,17877.85051,TOTAL BANQUETING|0|3593.99999987097,17877.85051|0|0|47.6742680266667|17877.85051,TODAY
03_marzo.xlsx,Daily,,,2024-03-31,57605,57605.0,False,False,111414,22598,111414|60925.79482|TOTAL BANQUETING,22598|0|0|43.4072771|22598,MONTH_TO_DATE
03_marzo.xlsx,Daily,,,2025-03-31,7941.09082,7941.09082,False,False,,6070.909028,,6070.909028|0|0|0|0,TODAY
03_marzo.xlsx,Daily,,,2025-03-31,5356.65169287097,5356.65169287097,False,False,7941.09082,3593.99999987097,7941.09082,3593.99999987097|1047.74193548387|0|0|53.4210526315789,TODAY
03_marzo.xlsx,Daily,,,2024-03-31,8035,8035.0,False,False,5356.65169287097,0,5356.65169287097|7941.09082,0|0|0|0|0,MONTH_TO_DATE
03_marzo.xlsx,Daily,,,2025-03-31,202344.923798,202344.923798,False,False,TOTAL F&B,60925.79482,TOTAL F&B|8035|5356.65169287097,60925.79482|17877.85051|0|0|47.6742680266667,TODAY
03_marzo.xlsx,Daily,,,2025-03-31,273745.280264892,273745.280264892,False,False,202344.923798,111414,202344.923798|TOTAL F&B|8035,111414|32480|0|0|53.4210526315789,TODAY
03_marzo.xlsx,Daily,,,2024-03-31,196773,196773.0,False,False,273745.280264892,57605,273745.280264892|202344.923798|TOTAL F&B,57605|22598|0|0|43.4072771,MONTH_TO_DATE
03_marzo.xlsx,Daily,,,2025-03-31,11.43802,11.43802,False,False,,7941.09082,,7941.09082|6070.909028|0|0|0,TODAY
03_marzo.xlsx,Daily,,,2025-03-31,79.0488135401754,79.0488135401754,False,False,11.43802,5356.65169287097,11.43802,5356.65169287097|3593.99999987097|1047.74193548387|0|0,TODAY
03_marzo.xlsx,Daily,,,2024-03-31,154,154.0,False,False,79.0488135401754,8035,79.0488135401754|11.43802,8035|0|0|0|0,MONTH_TO_DATE
03_marzo.xlsx,Daily,,,2025-03-31,4624.228084,4624.228084,False,False,Wine Revenue,202344.923798,Wine Revenue|154|79.0488135401754,202344.923798|60925.79482|17877.85051|0|0,TODAY
03_marzo.xlsx,Daily,,,2025-03-31,2450.51321974544,2450.51321974544,False,False,4624.228084,273745.280264892,4624.228084|Wine Revenue|154,273745.280264892|111414|32480|0|0,TODAY
03_marzo.xlsx,Daily,,,2024-03-31,2186,2186.0,False,False,2450.51321974544,196773,2450.51321974544|4624.228084|Wine Revenue,196773|57605|22598|0|0,MONTH_TO_DATE
03_marzo.xlsx,Daily,,,2025-03-31,292.839671,292.839671,False,False,,11.43802,,11.43802|7941.09082|6070.909028|0|0,TODAY
03_marzo.xlsx,Daily,,,2025-03-31,349.04302807401,349.04302807401,False,False,292.839671,79.0488135401754,292.839671,79.0488135401754|5356.65169287097|3593.99999987097|1047.74193548387|0,TODAY
03_marzo.xlsx,Daily,,,2024-03-31,441,441.0,False,False,349.04302807401,154,349.04302807401|292.839671,154|8035|0|0|0,MONTH_TO_DATE
03_marzo.xlsx,Daily,,,2025-03-31,13485.093403,13485.093403,False,False,Spirits Revenue,4624.228084,Spirits Revenue|441|349.04302807401,4624.228084|202344.923798|60925.79482|17877.85051|0,TODAY
03_marzo.xlsx,Daily,,,2025-03-31,10820.3338702943,10820.3338702943,False,False,13485.093403,2450.51321974544,13485.093403|Spirits Revenue|441,2450.51321974544|273745.280264892|111414|32480|0,TODAY
03_marzo.xlsx,Daily,,,2024-03-31,9180,9180.0,False,False,10820.3338702943,2186,10820.3338702943|13485.093403|Spirits Revenue,2186|196773|57605|22598|0,MONTH_TO_DATE
03_marzo.xlsx,Daily,,,2025-03-31,20.173549,20.173549,False,False,,292.839671,,292.839671|11.43802|7941.09082|6070.909028|0,TODAY
03_marzo.xlsx,Daily,,,2025-03-31,39.5559003212989,39.5559003212989,False,False,20.173549,349.04302807401,20.173549,349.04302807401|79.0488135401754|5356.65169287097|3593.99999987097|1047.74193548387,TODAY
03_marzo.xlsx,Daily,,,2024-03-31,98,98.0,False,False,39.5559003212989,441,39.5559003212989|20.173549,441|154|8035|0|0,MONTH_TO_DATE
03_marzo.xlsx,Daily,,,2025-03-31,3548.875982,3548.875982,False,False,Merchandising Revenue,13485.093403,Merchandising Revenue|98|39.5559003212989,13485.093403|4624.228084|202344.923798|60925.79482|17877.85051,TODAY
03_marzo.xlsx,Daily,,,2025-03-31,1226.23290996027,1226.23290996027,False,False,3548.875982,10820.3338702943,3548.875982|Merchandising Revenue|98,10820.3338702943|2450.51321974544|273745.280264892|111414|32480,TODAY
03_marzo.xlsx,Daily,,,2024-03-31,1168,1168.0,False,False,1226.23290996027,9180,1226.23290996027|3548.875982|Merchandising Revenue,9180|2186|196773|57605|22598,MONTH_TO_DATE
03_marzo.xlsx,Daily,,,2025-03-31,324.45124,324.45124,False,False,,20.173549,,20.173549|292.839671|11.43802|7941.09082|6070.909028,TODAY
03_marzo.xlsx,Daily,,,2025-03-31,467.647741935484,467.647741935484,False,False,324.45124,39.5559003212989,324.45124,39.5559003212989|349.04302807401|79.0488135401754|5356.65169287097|3593.99999987097,TODAY
03_marzo.xlsx,Daily,,,2024-03-31,693,693.0,False,False,467.647741935484,98,467.647741935484|324.45124,98|441|154|8035|0,MONTH_TO_DATE
03_marzo.xlsx,Daily,,,2025-03-31,21658.197469,21658.197469,False,False,TOTAL SHOP,3548.875982,TOTAL SHOP|693|467.647741935484,3548.875982|13485.093403|4624.228084|202344.923798|60925.79482,TODAY
03_marzo.xlsx,Daily,,,2025-03-31,14497.08,14497.08,False,False,21658.197469,1226.23290996027,21658.197469|TOTAL SHOP|693,1226.23290996027|10820.3338702943|2450.51321974544|273745.280264892|111414,TODAY
03_marzo.xlsx,Daily,,,2024-03-31,12534,12534.0,False,False,14497.08,1168,14497.08|21658.197469|TOTAL SHOP,1168|9180|2186|196773|57605,MONTH_TO_DATE
03_marzo.xlsx,Daily,,,2025-03-31,1675.818152,1675.818152,False,False,,324.45124,,324.45124|20.173549|292.839671|11.43802|7941.09082,TODAY
03_marzo.xlsx,Daily,,,2025-03-31,1452.231693,1452.231693,False,False,1675.818152,467.647741935484,1675.818152,467.647741935484|39.5559003212989|349.04302807401|79.0488135401754|5356.65169287097,TODAY
03_marzo.xlsx,Daily,,,2024-03-31,6750,6750.0,False,False,1452.231693,693,1452.231693|1675.818152,693|98|441|154|8035,MONTH_TO_DATE
03_marzo.xlsx,Daily,,,2025-03-31,125964.97227,125964.97227,False,False,Revenue Restaurant,21658.197469,Revenue Restaurant|6750|1452.231693,21658.197469|3548.875982|13485.093403|4624.228084|202344.923798,TODAY
03_marzo.xlsx,Daily,,,2025-03-31,139049.780264892,139049.780264892,False,False,125964.97227,14497.08,125964.97227|Revenue Restaurant|6750,14497.08|1226.23290996027|10820.3338702943|2450.51321974544|273745.280264892,TODAY
03_marzo.xlsx,Daily,,,2024-03-31,124507,124507.0,False,False,139049.780264892,12534,139049.780264892|125964.97227|Revenue Restaurant,12534|1168|9180|2186|196773,MONTH_TO_DATE
03_marzo.xlsx,Daily,,,2025-03-31,194.36364,194.36364,False,False,,1675.818152,,1675.818152|324.45124|20.173549|292.839671|11.43802,TODAY
03_marzo.xlsx,Daily,,,2025-03-31,310.42,310.42,False,False,194.36364,1452.231693,194.36364,1452.231693|467.647741935484|39.5559003212989|349.04302807401|79.0488135401754,TODAY
03_marzo.xlsx,Daily,,,2024-03-31,1285,1285.0,False,False,310.42,6750,310.42|194.36364,6750|693|98|441|154,MONTH_TO_DATE
03_marzo.xlsx,Daily,,,2025-03-31,15454.156708,15454.156708,False,False,Revenue Bar,125964.97227,Revenue Bar|1285|310.42,125964.97227|21658.197469|3548.875982|13485.093403|4624.228084,TODAY
03_marzo.xlsx,Daily,,,2025-03-31,23281.5,23281.5,False,False,15454.156708,139049.780264892,15454.156708|Revenue Bar|1285,139049.780264892|14497.08|1226.23290996027|10820.3338702943|2450.51321974544,TODAY
03_marzo.xlsx,Daily,,,2024-03-31,14661,14661.0,False,False,23281.5,124507,23281.5|15454.156708|Revenue Bar,124507|12534|1168|9180|2186,MONTH_TO_DATE
03_marzo.xlsx,Daily,,,2025-03-31,6070.909028,6070.909028,False,False,,194.36364,,194.36364|1675.818152|324.45124|20.173549|292.839671,TODAY
03_marzo.xlsx,Daily,,,2025-03-31,3593.99999987097,3593.99999987097,False,False,6070.909028,310.42,6070.909028,310.42|1452.231693|467.647741935484|39.5559003212989|349.04302807401,TODAY
03_marzo.xlsx,Daily,,,2024-03-31,0,0.0,False,False,3593.99999987097,1285,3593.99999987097|6070.909028,1285|6750|693|98|441,MONTH_TO_DATE
03_marzo.xlsx,Daily,,,2025-03-31,60925.79482,60925.79482,False,False,Revenue Banqueting,15454.156708,Revenue Banqueting|0|3593.99999987097,15454.156708|125964.97227|21658.197469|3548.875982|13485.093403,TODAY
03_marzo.xlsx,Daily,,,2024-03-31,57605,57605.0,False,False,111414,14661,111414|60925.79482|Revenue Banqueting,14661|124507|12534|1168|9180,MONTH_TO_DATE
03_marzo.xlsx,Daily,,,2025-03-31,324.45124,324.45124,False,False,,6070.909028,,6070.909028|194.36364|1675.818152|324.45124|20.173549,TODAY
03_marzo.xlsx,Daily,,,2025-03-31,467.647741935484,467.647741935484,False,False,324.45124,3593.99999987097,324.45124,3593.99999987097|310.42|1452.231693|467.647741935484|39.5559003212989,TODAY
03_marzo.xlsx,Daily,,,2024-03-31,693,693.0,False,False,467.647741935484,0,467.647741935484|324.45124,0|1285|6750|693|98,MONTH_TO_DATE
03_marzo.xlsx,Daily,,,2025-03-31,21658.197469,21658.197469,False,False,Revenue Shop,60925.79482,Revenue Shop|693|467.647741935484,60925.79482|15454.156708|125964.97227|21658.197469|3548.875982,TODAY
03_marzo.xlsx,Daily,,,2025-03-31,14497.08,14497.08,False,False,21658.197469,111414,21658.197469|Revenue Shop|693,111414|23281.5|139049.780264892|14497.08|1226.23290996027,TODAY
03_marzo.xlsx,Daily,,,2024-03-31,12534,12534.0,False,False,14497.08,57605,14497.08|21658.197469|Revenue Shop,57605|14661|124507|12534|1168,MONTH_TO_DATE
03_marzo.xlsx,Daily,,,2025-03-31,8265.54206,8265.54206,False,False,,324.45124,,324.45124|6070.909028|194.36364|1675.818152|324.45124,TODAY
03_marzo.xlsx,Daily,,,2025-03-31,5824.29943480645,5824.29943480645,False,False,8265.54206,467.647741935484,8265.54206,467.647741935484|3593.99999987097|310.42|1452.231693|467.647741935484,TODAY
03_marzo.xlsx,Daily,,,2024-03-31,8728,8728.0,False,False,5824.29943480645,693,5824.29943480645|8265.54206,693|0|1285|6750|693,MONTH_TO_DATE
03_marzo.xlsx,Daily,,,2025-03-31,224003.121267,224003.121267,False,False,TOTAL,21658.197469,TOTAL|8728|5824.29943480645,21658.197469|60925.79482|15454.156708|125964.97227|21658.197469,TODAY
03_marzo.xlsx,Daily,,,2025-03-31,288242.360264892,288242.360264892,False,False,224003.121267,14497.08,224003.121267|TOTAL|8728,14497.08|111414|23281.5|139049.780264892|14497.08,TODAY
03_marzo.xlsx,Daily,,,2024-03-31,209307,209307.0,False,False,288242.360264892,12534,288242.360264892|224003.121267|TOTAL,12534|57605|14661|124507|12534,MONTH_TO_DATE
03_marzo.xlsx,Daily,,,2025-03-31,0,0.0,False,False,,8265.54206,,8265.54206|324.45124|6070.909028|194.36364|1675.818152,TODAY
03_marzo.xlsx,Daily,,,2025-03-31,0.494690909333333,0.494690909333333,False,False,Occupancy,224003.121267,Occupancy|0,224003.121267|21658.197469|60925.79482|15454.156708|125964.97227,TODAY
03_marzo.xlsx,Daily,,,2025-03-31,0,0.0,False,False,,0,,0|8265.54206|324.45124|6070.909028|194.36364,TODAY
03_marzo.xlsx,Daily,,,2025-03-31,445.2218184,445.2218184,False,False,Total Covers,0.494690909333333,Total Covers|0,0.494690909333333|224003.121267|21658.197469|60925.79482|15454.156708,TODAY
03_marzo.xlsx,Daily,,,2025-03-31,0,0.0,False,False,,0,,0|0|8265.54206|324.45124|6070.909028,TODAY
03_marzo.xlsx,Daily,,,2025-03-31,0,0.0,False,False,,0,,0|0|0|8265.54206|324.45124,TODAY
03_marzo.xlsx,Daily,,,2025-03-31,0,0.0,False,False,0,5824.29943480645,0,5824.29943480645|467.647741935484|3593.99999987097|310.42|1452.231693,TODAY
03_marzo.xlsx,Daily,,,2024-03-31,0,0.0,False,False,0,8728,0|0,8728|693|0|1285|6750,MONTH_TO_DATE
03_marzo.xlsx,Daily,,,2025-03-31,4.70283965759931,4.70283965759931,False,False,Avg.cover,2093.806824,Avg.cover|0|0,2093.806824|445.2218184|0.494690909333333|224003.121267|21658.197469,TODAY
03_marzo.xlsx,Daily,,,2025-03-31,0,0.0,False,False,4.70283965759931,288242.360264892,4.70283965759931|Avg.cover|0,288242.360264892|14497.08|111414|23281.5|139049.780264892,TODAY
03_marzo.xlsx,Daily,,,2024-03-31,0,0.0,False,False,0,209307,0|4.70283965759931|Avg.cover,209307|12534|57605|14661|124507,MONTH_TO_DATE
03_marzo.xlsx,Daily,,,2025-03-31,0,0.0,False,False,,0,,0|0|0|0|8265.54206,TODAY
03_marzo.xlsx,Daily,,,2025-03-31,99.909091,99.909091,False,False,Food Revenue,4.70283965759931,Food Revenue|0,4.70283965759931|2093.806824|445.2218184|0.494690909333333|224003.121267,TODAY
03_marzo.xlsx,Daily,,,2025-03-31,0,0.0,False,False,,0,,0|0|0|0|0,TODAY
03_marzo.xlsx,Daily,,,2025-03-31,0,0.0,False,False,0,0,0,0|5824.29943480645|467.647741935484|3593.99999987097|310.42,TODAY
03_marzo.xlsx,Daily,,,2024-03-31,0,0.0,False,False,0,0,0|0,0|8728|693|0|1285,MONTH_TO_DATE
03_marzo.xlsx,Daily,,,2025-03-31,0.224402953473944,0.224402953473944,False,False,Avg.Spend FD / cover,99.909091,Avg.Spend FD / cover|0|0,99.909091|4.70283965759931|2093.806824|445.2218184|0.494690909333333,TODAY
03_marzo.xlsx,Daily,,,2025-03-31,0,0.0,False,False,0.224402953473944,0,0.224402953473944|Avg.Spend FD / cover|0,0|288242.360264892|14497.08|111414|23281.5,TODAY
03_marzo.xlsx,Daily,,,2024-03-31,0,0.0,False,False,0,0,0|0.224402953473944|Avg.Spend FD / cover,0|209307|12534|57605|14661,MONTH_TO_DATE
03_marzo.xlsx,Daily,,,2025-03-31,0,0.0,False,False,,0,,0|0|0|0|0,TODAY
03_marzo.xlsx,Daily,,,2025-03-31,0,0.0,False,False,,0,,0|0|0|0|0,TODAY
03_marzo.xlsx,Daily,,,2025-03-31,0,0.0,False,False,0,0,0,0|0|5824.29943480645|467.647741935484|3593.99999987097,TODAY
03_marzo.xlsx,Daily,,,2024-03-31,0,0.0,False,False,0,0,0|0,0|0|8728|693|0,MONTH_TO_DATE
03_marzo.xlsx,Daily,,,2025-03-31,4.47843670412537,4.47843670412537,False,False,Avg.Spend BV / cover,1993.897733,Avg.Spend BV / cover|0|0,1993.897733|0.224402953473944|99.909091|4.70283965759931|2093.806824,TODAY
03_marzo.xlsx,Daily,,,2025-03-31,0,0.0,False,False,4.47843670412537,0,4.47843670412537|Avg.Spend BV / cover|0,0|0|288242.360264892|14497.08|111414,TODAY
03_marzo.xlsx,Daily,,,2024-03-31,0,0.0,False,False,0,0,0|4.47843670412537|Avg.Spend BV / cover,0|0|209307|12534|57605,MONTH_TO_DATE
03_marzo.xlsx,Daily,,,2025-03-31,0,0.0,False,False,,0,,0|0|0|0|0,TODAY
03_marzo.xlsx,Daily,,,2025-03-31,0,0.0,False,False,0,0,0,0|0|0|5824.29943480645|467.647741935484,TODAY
03_marzo.xlsx,Daily,,,2024-03-31,0,0.0,False,False,0,0,0|0,0|0|0|8728|693,MONTH_TO_DATE
03_marzo.xlsx,Daily,,,2025-03-31,0,0.0,False,False,2093.806824,0,2093.806824|TOTAL BER REV|0,0|0|0|288242.360264892|14497.08,TODAY
03_marzo.xlsx,Daily,,,2024-03-31,0,0.0,False,False,0,0,0|2093.806824|TOTAL BER REV,0|0|0|209307|12534,MONTH_TO_DATE
03_marzo.xlsx,Daily,,,2025-03-31,81.476031,81.476031,False,False,,0,,0|0|0|0|0,TODAY
03_marzo.xlsx,Daily,,,2024-03-31,0.251119493332804,0.251119493332804,False,False,81.476031,0,81.476031,0|0|0|0|8728,MONTH_TO_DATE
03_marzo.xlsx,Daily,,,2025-03-31,2991.443857,2991.443857,False,False,10% del del Restaurante,2093.806824,10% del del Restaurante|0.251119493332804|81.476031,2093.806824|4.47843670412537|1993.897733|0.224402953473944|99.909091,TODAY
03_marzo.xlsx,Daily,,,2024-03-31,0.138120628980401,0.138120628980401,False,False,2991.443857,0,2991.443857|10% del del Restaurante|0.251119493332804,0|0|0|0|209307,MONTH_TO_DATE
03_marzo.xlsx,Daily,,,2025-03-31,0,0.0,False,False,,#REF!,,#REF!|81.476031|0|0|0,TODAY
03_marzo.xlsx,Daily,,,2025-03-31,0,0.0,False,False,In marketing,#REF!,In marketing|0,#REF!|2991.443857|2093.806824|4.47843670412537|1993.897733,TODAY
03_marzo.xlsx,Daily,,,2025-03-31,0,0.0,False,False,,0,,0|#REF!|81.476031|0|0,TODAY
03_marzo.xlsx,Daily,,,2025-03-31,0,0.0,False,False,Factura Intercompany,0,Factura Intercompany|0,0|#REF!|2991.443857|2093.806824|4.47843670412537,TODAY
03_marzo.xlsx,Daily,,,2025-03-31,0,0.0,False,False,,0,,0|0|#REF!|81.476031|0,TODAY
03_marzo.xlsx,Daily,,,2025-03-31,0,0.0,False,False,# Cruises,0,# Cruises|0,0|0|#REF!|2991.443857|2093.806824,TODAY
03_marzo.xlsx,Daily,,,2025-03-31,0,0.0,False,False,,0,,0|0|0|#REF!|81.476031,TODAY
03_marzo.xlsx,Daily,,,2025-03-31,0,0.0,False,False,Total Pax Cruises,0,Total Pax Cruises|0,0|0|0|#REF!|2991.443857,TODAY
03_marzo.xlsx,Daily,,,2025-03-31,0,0.0,False,False,,0,,0|0|0|0|#REF!,TODAY
03_marzo.xlsx,Daily,,,2025-03-31,0,0.0,False,False,# L43 Mini,0,# L43 Mini|0,0|0|0|0|#REF!,TODAY
03_marzo.xlsx,Daily,,,2025-03-31,0,0.0,False,False,,0,,0|0|0|0|0,TODAY
03_marzo.xlsx,Daily,,,2025-03-31,0,0.0,False,False,Rev from L43,0,Rev from L43|0,0|0|0|0|0,TODAY
03_marzo.xlsx,Daily,,,2025-03-31,0,0.0,False,False,,0,,0|0|0|0|0,TODAY
03_marzo.xlsx,Daily,,,2025-03-31,438,438.0,False,False,# Tasting L43,0,# Tasting L43|0,0|0|0|0|0,TODAY
03_marzo.xlsx,Daily,,,2025-03-31,0,0.0,False,False,,0,,0|0|0|0|0,TODAY
03_marzo.xlsx,Daily,,,2025-03-31,243.425432,243.425432,False,False,Coste,438,Coste|0,438|0|0|0|0,TODAY
03_marzo.xlsx,Daily,,,2025-03-31,0,0.0,False,False,,0,,0|0|0|0|0,TODAY
03_marzo.xlsx,Daily,,,2025-03-31,0.018051445750153,0.018051445750153,False,False,% de venta,243.425432,% de venta|0,243.425432|438|0|0|0,TODAY
03_marzo.xlsx,Daily,,,2025-03-31,0,0.0,False,False,,0,,0|0|0|0|0,TODAY
03_marzo.xlsx,Daily,,,2025-03-31,7.74193548387097,7.74193548387097,False,False,0,0,0,0|0|0|0|5824.29943480645,TODAY
03_marzo.xlsx,Daily,,,2024-03-31,0,0.0,False,False,7.74193548387097,0.251119493332804,7.74193548387097|0,0.251119493332804|0|0|0|0,MONTH_TO_DATE
03_marzo.xlsx,Daily,,,2025-03-31,51,51.0,False,False,Total Pax,0.018051445750153,Total Pax|0|7.74193548387097,0.018051445750153|243.425432|438|0|0,TODAY
03_marzo.xlsx,Daily,,,2025-03-31,240,240.0,False,False,51,0,51|Total Pax|0,0|0|0|0|288242.360264892,TODAY
03_marzo.xlsx,Daily,,,2024-03-31,0,0.0,False,False,240,0.138120628980401,240|51|Total Pax,0.138120628980401|0|0|0|0,MONTH_TO_DATE
03_marzo.xlsx,Daily,,,2025-03-31,0,0.0,False,False,,0,,0|0|0|0|0,TODAY
03_marzo.xlsx,Daily,,,2025-03-31,0.0645161290322581,0.0645161290322581,False,False,0,7.74193548387097,0,7.74193548387097|0|0|0|0,TODAY
03_marzo.xlsx,Daily,,,2024-03-31,0,0.0,False,False,0.0645161290322581,0,0.0645161290322581|0,0|0.251119493332804|0|0|0,MONTH_TO_DATE
03_marzo.xlsx,Daily,,,2025-03-31,1,1.0,False,False,# Events,51,# Events|0|0.0645161290322581,51|0.018051445750153|243.425432|438|0,TODAY
03_marzo.xlsx,Daily,,,2025-03-31,2,2.0,False,False,1,240,1|# Events|0,240|0|0|0|0,TODAY
03_marzo.xlsx,Daily,,,2024-03-31,0,0.0,False,False,2,0,2|1|# Events,0|0.138120628980401|0|0|0,MONTH_TO_DATE
03_marzo.xlsx,Daily,,,2025-03-31,0,0.0,False,False,,0,,0|0|0|0|0,TODAY
03_marzo.xlsx,Daily,,,2025-03-31,1080,1080.0,False,False,0,0.0645161290322581,0,0.0645161290322581|7.74193548387097|0|0|0,TODAY
03_marzo.xlsx,Daily,,,2024-03-31,0,0.0,False,False,1080,0,1080|0,0|0|0.251119493332804|0|0,MONTH_TO_DATE
03_marzo.xlsx,Daily,,,2025-03-31,7363,7363.0,False,False,Total Revenue F&B,1,Total Revenue F&B|0|1080,1|51|0.018051445750153|243.425432|438,TODAY
03_marzo.xlsx,Daily,,,2025-03-31,33480,33480.0,False,False,7363,2,7363|Total Revenue F&B|0,2|240|0|0|0,TODAY
03_marzo.xlsx,Daily,,,2024-03-31,0,0.0,False,False,33480,0,33480|7363|Total Revenue F&B,0|0|0.138120628980401|0|0,MONTH_TO_DATE
03_marzo.xlsx,Daily,,,2025-03-31,0,0.0,False,False,,0,,0|0|0|0|0,TODAY
03_marzo.xlsx,Daily,,,2025-03-31,139.5,139.5,False,False,0,1080,0,1080|0.0645161290322581|7.74193548387097|0|0,TODAY
03_marzo.xlsx,Daily,,,2024-03-31,0,0.0,False,False,139.5,0,139.5|0,0|0|0|0.251119493332804|0,MONTH_TO_DATE
03_marzo.xlsx,Daily,,,2025-03-31,144.372549019608,144.372549019608,False,False,Avg.pax,7363,Avg.pax|0|139.5,7363|1|51|0.018051445750153|243.425432,TODAY
03_marzo.xlsx,Daily,,,2025-03-31,139.5,139.5,False,False,144.372549019608,33480,144.372549019608|Avg.pax|0,33480|2|240|0|0,TODAY
03_marzo.xlsx,Daily,,,2024-03-31,0,0.0,False,False,139.5,0,139.5|144.372549019608|Avg.pax,0|0|0|0.138120628980401|0,MONTH_TO_DATE
03_marzo.xlsx,Daily,,,2025-03-31,0,0.0,False,False,,0,,0|0|0|0|0,TODAY
03_marzo.xlsx,Daily,,,2025-03-31,0,0.0,False,False,0,139.5,0,139.5|1080|0.0645161290322581|7.74193548387097|0,TODAY
03_marzo.xlsx,Daily,,,2024-03-31,0,0.0,False,False,0,0,0|0,0|0|0|0|0.251119493332804,MONTH_TO_DATE
03_marzo.xlsx,Daily,,,2025-03-31,0,0.0,False,False,Room Rental,144.372549019608,Room Rental|0|0,144.372549019608|7363|1|51|0.018051445750153,TODAY
03_marzo.xlsx,Daily,,,2025-03-31,0,0.0,False,False,0,139.5,0|Room Rental|0,139.5|33480|2|240|0,TODAY
03_marzo.xlsx,Daily,,,2024-03-31,0,0.0,False,False,0,0,0|0|Room Rental,0|0|0|0|0.138120628980401,MONTH_TO_DATE
03_marzo.xlsx,Daily,,,2025-03-31,0,0.0,False,False,,0,,0|0|0|0|0,TODAY
03_marzo.xlsx,Daily,,,2025-03-31,0,0.0,False,False,0,0,0,0|139.5|1080|0.0645161290322581|7.74193548387097,TODAY
03_marzo.xlsx,Daily,,,2024-03-31,0,0.0,False,False,0,0,0|0,0|0|0|0|0,MONTH_TO_DATE
03_marzo.xlsx,Daily,,,2025-03-31,289,289.0,False,False,Other Revenue,0,Other Revenue|0|0,0|144.372549019608|7363|1|51,TODAY
03_marzo.xlsx,Daily,,,2025-03-31,0,0.0,False,False,289,0,289|Other Revenue|0,0|139.5|33480|2|240,TODAY
03_marzo.xlsx,Daily,,,2024-03-31,0,0.0,False,False,0,0,0|289|Other Revenue,0|0|0|0|0,MONTH_TO_DATE
03_marzo.xlsx,Daily,,,2025-03-31,0,0.0,False,False,,0,,0|0|0|0|0,TODAY
03_marzo.xlsx,Daily,,,2025-03-31,1080,1080.0,False,False,0,0,0,0|0|139.5|1080|0.0645161290322581,TODAY
03_marzo.xlsx,Daily,,,2024-03-31,0,0.0,False,False,1080,0,1080|0,0|0|0|0|0,MONTH_TO_DATE
03_marzo.xlsx,Daily,,,2025-03-31,7652,7652.0,False,False,Total Weddings Rev.,289,Total Weddings Rev.|0|1080,289|0|144.372549019608|7363|1,TODAY
03_marzo.xlsx,Daily,,,2025-03-31,33480,33480.0,False,False,7652,0,7652|Total Weddings Rev.|0,0|0|139.5|33480|2,TODAY
03_marzo.xlsx,Daily,,,2024-03-31,0,0.0,False,False,33480,0,33480|7652|Total Weddings Rev.,0|0|0|0|0,MONTH_TO_DATE
03_marzo.xlsx,Daily,,,2025-03-31,0,0.0,False,False,,0,,0|0|0|0|0,TODAY
03_marzo.xlsx,Daily,,,2025-03-31,20.4516129,20.4516129,False,False,0,1080,0,1080|0|0|139.5|1080,TODAY
03_marzo.xlsx,Daily,,,2024-03-31,0,0.0,False,False,20.4516129,0,20.4516129|0,0|0|0|0|0,MONTH_TO_DATE
03_marzo.xlsx,Daily,,,2025-03-31,0,0.0,False,False,Total Pax,7652,Total Pax|0|20.4516129,7652|289|0|144.372549019608|7363,TODAY
03_marzo.xlsx,Daily,,,2025-03-31,634,634.0,False,False,0,33480,0|Total Pax|0,33480|0|0|139.5|33480,TODAY
03_marzo.xlsx,Daily,,,2024-03-31,0,0.0,False,False,634,0,634|0|Total Pax,0|0|0|0|0,MONTH_TO_DATE
03_marzo.xlsx,Daily,,,2025-03-31,0,0.0,False,False,,0,,0|0|0|0|0,TODAY
03_marzo.xlsx,Daily,,,2025-03-31,0.5483870968,0.5483870968,False,False,0,20.4516129,0,20.4516129|1080|0|0|139.5,TODAY
03_marzo.xlsx,Daily,,,2024-03-31,0,0.0,False,False,0.5483870968,0,0.5483870968|0,0|0|0|0|0,MONTH_TO_DATE
03_marzo.xlsx,Daily,,,2025-03-31,0,0.0,False,False,# Events,0,# Events|0|0.5483870968,0|7652|289|0|144.372549019608,TODAY
03_marzo.xlsx,Daily,,,2025-03-31,17,17.0,False,False,0,634,0|# Events|0,634|33480|0|0|139.5,TODAY
03_marzo.xlsx,Daily,,,2024-03-31,0,0.0,False,False,17,0,17|0|# Events,0|0|0|0|0,MONTH_TO_DATE
03_marzo.xlsx,Daily,,,2025-03-31,0,0.0,False,False,,0,,0|0|0|0|0,TODAY
03_marzo.xlsx,Daily,,,2025-03-31,1002.387097,1002.387097,False,False,0,0.5483870968,0,0.5483870968|20.4516129|1080|0|0,TODAY
03_marzo.xlsx,Daily,,,2024-03-31,0,0.0,False,False,1002.387097,0,1002.387097|0,0|0|0|0|0,MONTH_TO_DATE
03_marzo.xlsx,Daily,,,2025-03-31,0,0.0,False,False,Total Revenue F&B,0,Total Revenue F&B|0|1002.387097,0|0|7652|289|0,TODAY
03_marzo.xlsx,Daily,,,2025-03-31,31074,31074.0,False,False,0,17,0|Total Revenue F&B|0,17|634|33480|0|0,TODAY
03_marzo.xlsx,Daily,,,2024-03-31,0,0.0,False,False,31074,0,31074|0|Total Revenue F&B,0|0|0|0|0,MONTH_TO_DATE
03_marzo.xlsx,Daily,,,2025-03-31,0,0.0,False,False,,0,,0|0|0|0|0,TODAY
03_marzo.xlsx,Daily,,,2025-03-31,49.0126183153017,49.0126183153017,False,False,0,1002.387097,0,1002.387097|0.5483870968|20.4516129|1080|0,TODAY
03_marzo.xlsx,Daily,,,2024-03-31,0,0.0,False,False,49.0126183153017,0,49.0126183153017|0,0|0|0|0|0,MONTH_TO_DATE
03_marzo.xlsx,Daily,,,2025-03-31,0,0.0,False,False,Avg.pax,0,Avg.pax|0|49.0126183153017,0|0|0|7652|289,TODAY
03_marzo.xlsx,Daily,,,2025-03-31,49.01261829653,49.01261829653,False,False,0,31074,0|Avg.pax|0,31074|17|634|33480|0,TODAY
03_marzo.xlsx,Daily,,,2024-03-31,0,0.0,False,False,49.01261829653,0,49.01261829653|0|Avg.pax,0|0|0|0|0,MONTH_TO_DATE
03_marzo.xlsx,Daily,,,2025-03-31,0,0.0,False,False,,0,,0|0|0|0|0,TODAY
03_marzo.xlsx,Daily,,,2025-03-31,58.0645161290323,58.0645161290323,False,False,0,49.0126183153017,0,49.0126183153017|1002.387097|0.5483870968|20.4516129|1080,TODAY
03_marzo.xlsx,Daily,,,2024-03-31,0,0.0,False,False,58.0645161290323,0,58.0645161290323|0,0|0|0|0|0,MONTH_TO_DATE
03_marzo.xlsx,Daily,,,2025-03-31,0,0.0,False,False,Room Rental,0,Room Rental|0|58.0645161290323,0|0|0|0|7652,TODAY
03_marzo.xlsx,Daily,,,2025-03-31,1800,1800.0,False,False,0,49.01261829653,0|Room Rental|0,49.01261829653|31074|17|634|33480,TODAY
03_marzo.xlsx,Daily,,,2024-03-31,0,0.0,False,False,1800,0,1800|0|Room Rental,0|0|0|0|0,MONTH_TO_DATE
03_marzo.xlsx,Daily,,,2025-03-31,0,0.0,False,False,,0,,0|0|0|0|0,TODAY
03_marzo.xlsx,Daily,,,2025-03-31,16.1290322580645,16.1290322580645,False,False,0,58.0645161290323,0,58.0645161290323|49.0126183153017|1002.387097|0.5483870968|20.4516129,TODAY
03_marzo.xlsx,Daily,,,2024-03-31,0,0.0,False,False,16.1290322580645,0,16.1290322580645|0,0|0|0|0|0,MONTH_TO_DATE
03_marzo.xlsx,Daily,,,2025-03-31,0,0.0,False,False,Other Revenue,0,Other Revenue|0|16.1290322580645,0|0|0|0|0,TODAY
03_marzo.xlsx,Daily,,,2025-03-31,500,500.0,False,False,0,1800,0|Other Revenue|0,1800|49.01261829653|31074|17|634,TODAY
03_marzo.xlsx,Daily,,,2024-03-31,0,0.0,False,False,500,0,500|0|Other Revenue,0|0|0|0|0,MONTH_TO_DATE
03_marzo.xlsx,Daily,,,2025-03-31,0,0.0,False,False,,0,,0|0|0|0|0,TODAY
03_marzo.xlsx,Daily,,,2025-03-31,1076.5806453871,1076.5806453871,False,False,0,16.1290322580645,0,16.1290322580645|58.0645161290323|49.0126183153017|1002.387097|0.5483870968,TODAY
03_marzo.xlsx,Daily,,,2024-03-31,0,0.0,False,False,1076.5806453871,0,1076.5806453871|0,0|0|0|0|0,MONTH_TO_DATE
03_marzo.xlsx,Daily,,,2025-03-31,0,0.0,False,False,Total MICE Rev.,0,Total MICE Rev.|0|1076.5806453871,0|0|0|0|0,TODAY
03_marzo.xlsx,Daily,,,2025-03-31,33374,33374.0,False,False,0,500,0|Total MICE Rev.|0,500|1800|49.01261829653|31074|17,TODAY
03_marzo.xlsx,Daily,,,2024-03-31,0,0.0,False,False,33374,0,33374|0|Total MICE Rev.,0|0|0|0|0,MONTH_TO_DATE
03_marzo.xlsx,Daily,,,2025-03-31,0,0.0,False,False,,0,,0|0|0|0|0,TODAY
03_marzo.xlsx,Daily,,,2025-03-31,6.7741935483871,6.7741935483871,False,False,0,1076.5806453871,0,1076.5806453871|16.1290322580645|58.0645161290323|49.0126183153017|1002.387097,TODAY
03_marzo.xlsx,Daily,,,2024-03-31,16.3870967741935,16.3870967741935,False,False,6.7741935483871,0,6.7741935483871|0,0|0|0|0|0,MONTH_TO_DATE
03_marzo.xlsx,Daily,,,2025-03-31,0,0.0,False,False,Total Pax,0,Total Pax|16.3870967741935|6.7741935483871,0|0|0|0|0,TODAY
03_marzo.xlsx,Daily,,,2025-03-31,210,210.0,False,False,0,33374,0|Total Pax|16.3870967741935,33374|500|1800|49.01261829653|31074,TODAY
03_marzo.xlsx,Daily,,,2024-03-31,508,508.0,False,False,210,0,210|0|Total Pax,0|0|0|0|0,MONTH_TO_DATE
03_marzo.xlsx,Daily,,,2025-03-31,0,0.0,False,False,,0,,0|0|0|0|0,TODAY
03_marzo.xlsx,Daily,,,2025-03-31,0.548387096774194,0.548387096774194,False,False,0,6.7741935483871,0,6.7741935483871|1076.5806453871|16.1290322580645|58.0645161290323|49.0126183153017,TODAY
03_marzo.xlsx,Daily,,,2024-03-31,0.0645161290322581,0.0645161290322581,False,False,0.548387096774194,16.3870967741935,0.548387096774194|0,16.3870967741935|0|0|0|0,MONTH_TO_DATE
03_marzo.xlsx,Daily,,,2025-03-31,0,0.0,False,False,# Events,0,# Events|0.0645161290322581|0.548387096774194,0|0|0|0|0,TODAY
03_marzo.xlsx,Daily,,,2025-03-31,17,17.0,False,False,0,210,0|# Events|0.0645161290322581,210|33374|500|1800|49.01261829653,TODAY
03_marzo.xlsx,Daily,,,2024-03-31,2,2.0,False,False,17,508,17|0|# Events,508|0|0|0|0,MONTH_TO_DATE
03_marzo.xlsx,Daily,,,2025-03-31,0,0.0,False,False,,0,,0|0|0|0|0,TODAY
03_marzo.xlsx,Daily,,,2025-03-31,361.290322580645,361.290322580645,False,False,0,0.548387096774194,0,0.548387096774194|6.7741935483871|1076.5806453871|16.1290322580645|58.0645161290323,TODAY
03_marzo.xlsx,Daily,,,2024-03-31,945.451612903226,945.451612903226,False,False,361.290322580645,0.0645161290322581,361.290322580645|0,0.0645161290322581|16.3870967741935|0|0|0,MONTH_TO_DATE
03_marzo.xlsx,Daily,,,2025-03-31,0,0.0,False,False,Total Revenue F&B,0,Total Revenue F&B|945.451612903226|361.290322580645,0|0|0|0|0,TODAY
03_marzo.xlsx,Daily,,,2025-03-31,11200,11200.0,False,False,0,17,0|Total Revenue F&B|945.451612903226,17|210|33374|500|1800,TODAY
03_marzo.xlsx,Daily,,,2024-03-31,29309,29309.0,False,False,11200,2,11200|0|Total Revenue F&B,2|508|0|0|0,MONTH_TO_DATE
03_marzo.xlsx,Daily,,,2025-03-31,0,0.0,False,False,,0,,0|0|0|0|0,TODAY
03_marzo.xlsx,Daily,,,2025-03-31,53.3333333333333,53.3333333333333,False,False,0,361.290322580645,0,361.290322580645|0.548387096774194|6.7741935483871|1076.5806453871|16.1290322580645,TODAY
03_marzo.xlsx,Daily,,,2024-03-31,1.86112522225044,1.86112522225044,False,False,53.3333333333333,945.451612903226,53.3333333333333|0,945.451612903226|0.0645161290322581|16.3870967741935|0|0,MONTH_TO_DATE
03_marzo.xlsx,Daily,,,2025-03-31,0,0.0,False,False,Avg.pax,0,Avg.pax|1.86112522225044|53.3333333333333,0|0|0|0|0,TODAY
03_marzo.xlsx,Daily,,,2025-03-31,53.3333333333333,53.3333333333333,False,False,0,11200,0|Avg.pax|1.86112522225044,11200|17|210|33374|500,TODAY
03_marzo.xlsx,Daily,,,2024-03-31,57.6948818897638,57.6948818897638,False,False,53.3333333333333,29309,53.3333333333333|0|Avg.pax,29309|2|508|0|0,MONTH_TO_DATE
03_marzo.xlsx,Daily,,,2025-03-31,0,0.0,False,False,,0,,0|0|0|0|0,TODAY
03_marzo.xlsx,Daily,,,2025-03-31,0,0.0,False,False,0,53.3333333333333,0,53.3333333333333|361.290322580645|0.548387096774194|6.7741935483871|1076.5806453871,TODAY
03_marzo.xlsx,Daily,,,2024-03-31,0,0.0,False,False,0,1.86112522225044,0|0,1.86112522225044|945.451612903226|0.0645161290322581|16.3870967741935|0,MONTH_TO_DATE
03_marzo.xlsx,Daily,,,2025-03-31,0,0.0,False,False,Room Rental,0,Room Rental|0|0,0|0|0|0|0,TODAY
03_marzo.xlsx,Daily,,,2025-03-31,0,0.0,False,False,0,53.3333333333333,0|Room Rental|0,53.3333333333333|11200|17|210|33374,TODAY
03_marzo.xlsx,Daily,,,2024-03-31,0,0.0,False,False,0,57.6948818897638,0|0|Room Rental,57.6948818897638|29309|2|508|0,MONTH_TO_DATE
03_marzo.xlsx,Daily,,,2025-03-31,0,0.0,False,False,,0,,0|0|0|0|0,TODAY
03_marzo.xlsx,Daily,,,2025-03-31,0,0.0,False,False,0,0,0,0|53.3333333333333|361.290322580645|0.548387096774194|6.7741935483871,TODAY
03_marzo.xlsx,Daily,,,2024-03-31,0,0.0,False,False,0,0,0|0,0|1.86112522225044|945.451612903226|0.0645161290322581|16.3870967741935,MONTH_TO_DATE
03_marzo.xlsx,Daily,,,2025-03-31,0,0.0,False,False,Other Revenue,0,Other Revenue|0|0,0|0|0|0|0,TODAY
03_marzo.xlsx,Daily,,,2025-03-31,0,0.0,False,False,0,0,0|Other Revenue|0,0|53.3333333333333|11200|17|210,TODAY
03_marzo.xlsx,Daily,,,2024-03-31,0,0.0,False,False,0,0,0|0|Other Revenue,0|57.6948818897638|29309|2|508,MONTH_TO_DATE
03_marzo.xlsx,Daily,,,2025-03-31,0,0.0,False,False,,0,,0|0|0|0|0,TODAY
03_marzo.xlsx,Daily,,,2025-03-31,361.290322580645,361.290322580645,False,False,0,0,0,0|0|53.3333333333333|361.290322580645|0.548387096774194,TODAY
03_marzo.xlsx,Daily,,,2024-03-31,945.4516129,945.4516129,False,False,361.290322580645,0,361.290322580645|0,0|0|1.86112522225044|945.451612903226|0.0645161290322581,MONTH_TO_DATE
03_marzo.xlsx,Daily,,,2025-03-31,0,0.0,False,False,Total Individuals Rev.,0,Total Individuals Rev.|945.4516129|361.290322580645,0|0|0|0|0,TODAY
03_marzo.xlsx,Daily,,,2025-03-31,11200,11200.0,False,False,0,0,0|Total Individuals Rev.|945.4516129,0|0|53.3333333333333|11200|17,TODAY
03_marzo.xlsx,Daily,,,2024-03-31,29309,29309.0,False,False,11200,0,11200|0|Total Individuals Rev.,0|0|57.6948818897638|29309|2,MONTH_TO_DATE
03_marzo.xlsx,Daily,,,2025-03-31,0,0.0,False,False,,0,,0|0|0|0|0,TODAY
03_marzo.xlsx,Daily,,,2025-03-31,2517.87096796774,2517.87096796774,False,False,0,361.290322580645,0,361.290322580645|0|0|53.3333333333333|361.290322580645,TODAY
03_marzo.xlsx,Daily,,,2024-03-31,945.4516129,945.4516129,False,False,2517.87096796774,945.4516129,2517.87096796774|0,945.4516129|0|0|1.86112522225044|945.451612903226,MONTH_TO_DATE
03_marzo.xlsx,Daily,,,2025-03-31,7652,7652.0,False,False,TOTAL BQ I planta,0,TOTAL BQ I planta|945.4516129|2517.87096796774,0|0|0|0|0,TODAY
03_marzo.xlsx,Daily,,,2025-03-31,78054,78054.0,False,False,7652,11200,7652|TOTAL BQ I planta|945.4516129,11200|0|0|53.3333333333333|11200,TODAY
03_marzo.xlsx,Daily,,,2024-03-31,29309,29309.0,False,False,78054,29309,78054|7652|TOTAL BQ I planta,29309|0|0|57.6948818897638|29309,MONTH_TO_DATE
04_abril.xlsx,Sheet12,,,2025-04-30,0.322222222222222,0.322222222222222,False,False,,2025,,2025|TODAY|DAILY REVENUE REPORT,TODAY
04_abril.xlsx,Sheet12,,,2025-04-30,0.288653846153846,0.288653846153846,False,False,0.322222222222222,Budget,0.322222222222222,Budget,TODAY
04_abril.xlsx,Sheet12,,,2024-04-30,0.486666666666667,0.486666666666667,False,False,0.288653846153846,2024,0.288653846153846|0.322222222222222,2024,MONTH_TO_DATE
04_abril.xlsx,Sheet12,,,2025-04-30,0.605357142857143,0.605357142857143,False,False,Occupancy,2025,Occupancy|0.486666666666667|0.288653846153846,2025|MONTH TO DATE,TODAY
04_abril.xlsx,Sheet12,,,2025-04-30,0.6004,0.6004,False,False,0.605357142857143,Budget,0.605357142857143|Occupancy|0.486666666666667,Budget,TODAY
04_abril.xlsx,Sheet12,,,2024-04-30,0.5244444444,0.5244444444,False,False,0.6004,2024,0.6004|0.605357142857143|Occupancy,2024,MONTH_TO_DATE
04_abril.xlsx,Sheet12,,,2025-04-30,58,58.0,False,False,,0.322222222222222,,0.322222222222222|2025|TODAY|DAILY REVENUE REPORT,TODAY
04_abril.xlsx,Sheet12,,,2025-04-30,51.9576923076923,51.9576923076923,False,False,58,0.288653846153846,58,0.288653846153846|Budget,TODAY
04_abril.xlsx,Sheet12,,,2024-04-30,73,73.0,False,False,51.9576923076923,0.486666666666667,51.9576923076923|58,0.486666666666667|2024,MONTH_TO_DATE
04_abril.xlsx,Sheet12,,,2025-04-30,3051,3051.0,False,False,Total Covers,0.605357142857143,Total Covers|73|51.9576923076923,0.605357142857143|2025|MONTH TO DATE,TODAY
04_abril.xlsx,Sheet12,,,2025-04-30,2701.8,2701.8,False,False,3051,0.6004,3051|Total Covers|73,0.6004|Budget,TODAY
04_abril.xlsx,Sheet12,,,2024-04-30,1888,1888.0,False,False,2701.8,0.5244444444,2701.8|3051|Total Covers,0.5244444444|2024,MONTH_TO_DATE
04_abril.xlsx,Sheet12,,,2025-04-30,2825.727469,2825.727469,False,False,,58,,58|0.322222222222222|2025|TODAY|DAILY REVENUE REPORT,TODAY
04_abril.xlsx,Sheet12,,,2025-04-30,2398.88665384615,2398.88665384615,False,False,2825.727469,51.9576923076923,2825.727469,51.9576923076923|0.288653846153846|Budget,TODAY
04_abril.xlsx,Sheet12,,,2024-04-30,3805,3805.0,False,False,2398.88665384615,73,2398.88665384615|2825.727469,73|0.486666666666667|2024,MONTH_TO_DATE
04_abril.xlsx,Sheet12,,,2025-04-30,123887.0541621,123887.0541621,False,False,Total Revenue,3051,Total Revenue|3805|2398.88665384615,3051|0.605357142857143|2025|MONTH TO DATE,TODAY
04_abril.xlsx,Sheet12,,,2025-04-30,124742.106,124742.106,False,False,123887.0541621,2701.8,123887.0541621|Total Revenue|3805,2701.8|0.6004|Budget,TODAY
04_abril.xlsx,Sheet12,,,2024-04-30,83455,83455.0,False,False,124742.106,1888,124742.106|123887.0541621|Total Revenue,1888|0.5244444444|2024,MONTH_TO_DATE
04_abril.xlsx,Sheet12,,,2025-04-30,48.7194391206897,48.7194391206897,False,False,,2825.727469,,2825.727469|58|0.322222222222222|2025|TODAY,TODAY
04_abril.xlsx,Sheet12,,,2025-04-30,46.17,46.17,False,False,48.7194391206897,2398.88665384615,48.7194391206897,2398.88665384615|51.9576923076923|0.288653846153846|Budget,TODAY
04_abril.xlsx,Sheet12,,,2024-04-30,52.1232876712329,52.1232876712329,False,False,46.17,3805,46.17|48.7194391206897,3805|73|0.486666666666667|2024,MONTH_TO_DATE
04_abril.xlsx,Sheet12,,,2025-04-30,40.6053930390364,40.6053930390364,False,False,Avg.cover,123887.0541621,Avg.cover|52.1232876712329|46.17,123887.0541621|3051|0.605357142857143|2025|MONTH TO DATE,TODAY
04_abril.xlsx,Sheet12,,,2025-04-30,46.17,46.17,False,False,40.6053930390364,124742.106,40.6053930390364|Avg.cover|52.1232876712329,124742.106|2701.8|0.6004|Budget,TODAY
04_abril.xlsx,Sheet12,,,2024-04-30,44.2028601694915,44.2028601694915,False,False,46.17,83455,46.17|40.6053930390364|Avg.cover,83455|1888|0.5244444444|2024,MONTH_TO_DATE
04_abril.xlsx,Sheet12,,,2025-04-30,2214.636265,2214.636265,False,False,,48.7194391206897,,48.7194391206897|2825.727469|58|0.322222222222222|2025,TODAY
04_abril.xlsx,Sheet12,,,2025-04-30,1874.3925028842,1874.3925028842,False,False,2214.636265,46.17,2214.636265,46.17|2398.88665384615|51.9576923076923|0.288653846153846|Budget,TODAY
04_abril.xlsx,Sheet12,,,2024-04-30,2932,2932.0,False,False,1874.3925028842,52.1232876712329,1874.3925028842|2214.636265,52.1232876712329|3805|73|0.486666666666667|2024,MONTH_TO_DATE
04_abril.xlsx,Sheet12,,,2025-04-30,97921.8786,97921.8786,False,False,Food Revenue,40.6053930390364,Food Revenue|2932|1874.3925028842,40.6053930390364|123887.0541621|3051|0.605357142857143|2025,TODAY
04_abril.xlsx,Sheet12,,,2025-04-30,97468.4101499784,97468.4101499784,False,False,97921.8786,46.17,97921.8786|Food Revenue|2932,46.17|124742.106|2701.8|0.6004|Budget,TODAY
04_abril.xlsx,Sheet12,,,2024-04-30,65207,65207.0,False,False,97468.4101499784,44.2028601694915,97468.4101499784|97921.8786|Food Revenue,44.2028601694915|83455|1888|0.5244444444|2024,MONTH_TO_DATE
04_abril.xlsx,Sheet12,,,2025-04-30,38.1833838793104,38.1833838793104,False,False,,2214.636265,,2214.636265|48.7194391206897|2825.727469|58|0.322222222222222,TODAY
04_abril.xlsx,Sheet12,,,2025-04-30,36.0753609260413,36.0753609260413,False,False,38.1833838793104,1874.3925028842,38.1833838793104,1874.3925028842|46.17|2398.88665384615|51.9576923076923|0.288653846153846,TODAY
04_abril.xlsx,Sheet12,,,2024-04-30,40.1643835616438,40.1643835616438,False,False,36.0753609260413,2932,36.0753609260413|38.1833838793104,2932|52.1232876712329|3805|73|0.486666666666667,MONTH_TO_DATE
04_abril.xlsx,Sheet12,,,2025-04-30,32.0950110127827,32.0950110127827,False,False,Avg.Spend FD / cover,97921.8786,Avg.Spend FD / cover|40.1643835616438|36.0753609260413,97921.8786|40.6053930390364|123887.0541621|3051|0.605357142857143,TODAY
04_abril.xlsx,Sheet12,,,2025-04-30,36.0753609260413,36.0753609260413,False,False,32.0950110127827,97468.4101499784,32.0950110127827|Avg.Spend FD / cover|40.1643835616438,97468.4101499784|46.17|124742.106|2701.8|0.6004,TODAY
04_abril.xlsx,Sheet12,,,2024-04-30,34.5376059322034,34.5376059322034,False,False,36.0753609260413,65207,36.0753609260413|32.0950110127827|Avg.Spend FD / cover,65207|44.2028601694915|83455|1888|0.5244444444,MONTH_TO_DATE
04_abril.xlsx,Sheet12,,,2025-04-30,611.091204,611.091204,False,False,,38.1833838793104,,38.1833838793104|2214.636265|48.7194391206897|2825.727469|58,TODAY
04_abril.xlsx,Sheet12,,,2025-04-30,524.494150961953,524.494150961953,False,False,611.091204,36.0753609260413,611.091204,36.0753609260413|1874.3925028842|46.17|2398.88665384615|51.9576923076923,TODAY
04_abril.xlsx,Sheet12,,,2024-04-30,873,873.0,False,False,524.494150961953,40.1643835616438,524.494150961953|611.091204,40.1643835616438|2932|52.1232876712329|3805|73,MONTH_TO_DATE
04_abril.xlsx,Sheet12,,,2025-04-30,25965.1755621,25965.1755621,False,False,Beverage Revenue,32.0950110127827,Beverage Revenue|873|524.494150961953,32.0950110127827|97921.8786|40.6053930390364|123887.0541621|3051,TODAY
04_abril.xlsx,Sheet12,,,2025-04-30,27273.6958500216,27273.6958500216,False,False,25965.1755621,36.0753609260413,25965.1755621|Beverage Revenue|873,36.0753609260413|97468.4101499784|46.17|124742.106|2701.8,TODAY
04_abril.xlsx,Sheet12,,,2024-04-30,18248,18248.0,False,False,27273.6958500216,34.5376059322034,27273.6958500216|25965.1755621|Beverage Revenue,34.5376059322034|65207|44.2028601694915|83455|1888,MONTH_TO_DATE
04_abril.xlsx,Sheet12,,,2025-04-30,10.5360552413793,10.5360552413793,False,False,,611.091204,,611.091204|38.1833838793104|2214.636265|48.7194391206897|2825.727469,TODAY
04_abril.xlsx,Sheet12,,,2025-04-30,10.0946390739587,10.0946390739587,False,False,10.5360552413793,524.494150961953,10.5360552413793,524.494150961953|36.0753609260413|1874.3925028842|46.17|2398.88665384615,TODAY
04_abril.xlsx,Sheet12,,,2024-04-30,11.958904109589,11.958904109589,False,False,10.0946390739587,873,10.0946390739587|10.5360552413793,873|40.1643835616438|2932|52.1232876712329|3805,MONTH_TO_DATE
04_abril.xlsx,Sheet12,,,2025-04-30,8.51038202625369,8.51038202625369,False,False,Avg.Spend BV / cover,25965.1755621,Avg.Spend BV / cover|11.958904109589|10.0946390739587,25965.1755621|32.0950110127827|97921.8786|40.6053930390364|123887.0541621,TODAY
04_abril.xlsx,Sheet12,,,2025-04-30,10.0946390739587,10.0946390739587,False,False,8.51038202625369,27273.6958500216,8.51038202625369|Avg.Spend BV / cover|11.958904109589,27273.6958500216|36.0753609260413|97468.4101499784|46.17|124742.106,TODAY
04_abril.xlsx,Sheet12,,,2024-04-30,9.66525423728814,9.66525423728814,False,False,10.0946390739587,18248,10.0946390739587|8.51038202625369|Avg.Spend BV / cover,18248|34.5376059322034|65207|44.2028601694915|83455,MONTH_TO_DATE
04_abril.xlsx,Sheet12,,,2025-04-30,0,0.0,False,False,,10.5360552413793,,10.5360552413793|611.091204|38.1833838793104|2214.636265|48.7194391206897,TODAY
04_abril.xlsx,Sheet12,,,2025-04-30,0,0.0,False,False,0,10.0946390739587,0,10.0946390739587|524.494150961953|36.0753609260413|1874.3925028842|46.17,TODAY
04_abril.xlsx,Sheet12,,,2024-04-30,0,0.0,False,False,0,11.958904109589,0|0,11.958904109589|873|40.1643835616438|2932|52.1232876712329,MONTH_TO_DATE
04_abril.xlsx,Sheet12,,,2025-04-30,0.215811965811966,0.215811965811966,False,False,Occupancy,8.51038202625369,Occupancy|0|0,8.51038202625369|25965.1755621|32.0950110127827|97921.8786|40.6053930390364,TODAY
04_abril.xlsx,Sheet12,,,2025-04-30,0.6004,0.6004,False,False,0.215811965811966,10.0946390739587,0.215811965811966|Occupancy|0,10.0946390739587|27273.6958500216|36.0753609260413|97468.4101499784|46.17,TODAY
04_abril.xlsx,Sheet12,,,2024-04-30,0.3111111111,0.3111111111,False,False,0.6004,9.66525423728814,0.6004|0.215811965811966|Occupancy,9.66525423728814|18248|34.5376059322034|65207|44.2028601694915,MONTH_TO_DATE
04_abril.xlsx,Sheet12,,,2025-04-30,0,0.0,False,False,,0,,0|10.5360552413793|611.091204|38.1833838793104|2214.636265,TODAY
04_abril.xlsx,Sheet12,,,2025-04-30,0,0.0,False,False,0,0,0,0|10.0946390739587|524.494150961953|36.0753609260413|1874.3925028842,TODAY
04_abril.xlsx,Sheet12,,,2024-04-30,0,0.0,False,False,0,0,0|0,0|11.958904109589|873|40.1643835616438|2932,MONTH_TO_DATE
04_abril.xlsx,Sheet12,,,2025-04-30,505,505.0,False,False,Total Covers,0.215811965811966,Total Covers|0|0,0.215811965811966|8.51038202625369|25965.1755621|32.0950110127827|97921.8786,TODAY
04_abril.xlsx,Sheet12,,,2025-04-30,640.299835820513,640.299835820513,False,False,505,0.6004,505|Total Covers|0,0.6004|10.0946390739587|27273.6958500216|36.0753609260413|97468.4101499784,TODAY
04_abril.xlsx,Sheet12,,,2024-04-30,560,560.0,False,False,640.299835820513,0.3111111111,640.299835820513|505|Total Covers,0.3111111111|9.66525423728814|18248|34.5376059322034|65207,MONTH_TO_DATE
04_abril.xlsx,Sheet12,,,2025-04-30,0,0.0,False,False,,0,,0|0|10.5360552413793|611.091204|38.1833838793104,TODAY
04_abril.xlsx,Sheet12,,,2025-04-30,0,0.0,False,False,0,0,0,0|0|10.0946390739587|524.494150961953|36.0753609260413,TODAY
04_abril.xlsx,Sheet12,,,2024-04-30,0,0.0,False,False,0,0,0|0,0|0|11.958904109589|873|40.1643835616438,MONTH_TO_DATE
04_abril.xlsx,Sheet12,,,2025-04-30,24368.3629518,24368.3629518,False,False,Total Revenue,505,Total Revenue|0|0,505|0.215811965811966|8.51038202625369|25965.1755621|32.0950110127827,TODAY
04_abril.xlsx,Sheet12,,,2025-04-30,29562.6434198331,29562.6434198331,False,False,24368.3629518,640.299835820513,24368.3629518|Total Revenue|0,640.299835820513|0.6004|10.0946390739587|27273.6958500216|36.0753609260413,TODAY
04_abril.xlsx,Sheet12,,,2024-04-30,27075,27075.0,False,False,29562.6434198331,560,29562.6434198331|24368.3629518|Total Revenue,560|0.3111111111|9.66525423728814|18248|34.5376059322034,MONTH_TO_DATE
04_abril.xlsx,Sheet12,,,2025-04-30,0,0.0,False,False,,0,,0|0|0|10.5360552413793|611.091204,TODAY
04_abril.xlsx,Sheet12,,,2025-04-30,0,0.0,False,False,0,0,0,0|0|0|10.0946390739587|524.494150961953,TODAY
04_abril.xlsx,Sheet12,,,2024-04-30,0,0.0,False,False,0,0,0|0,0|0|0|11.958904109589|873,MONTH_TO_DATE
04_abril.xlsx,Sheet12,,,2025-04-30,48.2541840629703,48.2541840629703,False,False,Avg.cover,24368.3629518,Avg.cover|0|0,24368.3629518|505|0.215811965811966|8.51038202625369|25965.1755621,TODAY
04_abril.xlsx,Sheet12,,,2025-04-30,46.17,46.17,False,False,48.2541840629703,29562.6434198331,48.2541840629703|Avg.cover|0,29562.6434198331|640.299835820513|0.6004|10.0946390739587|27273.6958500216,TODAY
04_abril.xlsx,Sheet12,,,2024-04-30,48.3482142857143,48.3482142857143,False,False,46.17,27075,46.17|48.2541840629703|Avg.cover,27075|560|0.3111111111|9.66525423728814|18248,MONTH_TO_DATE
04_abril.xlsx,Sheet12,,,2025-04-30,0,0.0,False,False,,0,,0|0|0|0|10.5360552413793,TODAY
04_abril.xlsx,Sheet12,,,2025-04-30,0,0.0,False,False,0,0,0,0|0|0|0|10.0946390739587,TODAY
04_abril.xlsx,Sheet12,,,2024-04-30,0,0.0,False,False,0,0,0|0,0|0|0|0|11.958904109589,MONTH_TO_DATE
04_abril.xlsx,Sheet12,,,2025-04-30,18401.18116,18401.18116,False,False,Food Revenue,48.2541840629703,Food Revenue|0|0,48.2541840629703|24368.3629518|505|0.215811965811966|8.51038202625369,TODAY
04_abril.xlsx,Sheet12,,,2025-04-30,21883.7369649769,21883.7369649769,False,False,18401.18116,46.17,18401.18116|Food Revenue|0,46.17|29562.6434198331|640.299835820513|0.6004|10.0946390739587,TODAY
04_abril.xlsx,Sheet12,,,2024-04-30,20042,20042.0,False,False,21883.7369649769,48.3482142857143,21883.7369649769|18401.18116|Food Revenue,48.3482142857143|27075|560|0.3111111111|9.66525423728814,MONTH_TO_DATE
04_abril.xlsx,Sheet12,,,2025-04-30,0,0.0,False,False,,0,,0|0|0|0|0,TODAY
04_abril.xlsx,Sheet12,,,2025-04-30,0,0.0,False,False,0,0,0,0|0|0|0|0,TODAY
04_abril.xlsx,Sheet12,,,2024-04-30,0,0.0,False,False,0,0,0|0,0|0|0|0|0,MONTH_TO_DATE
04_abril.xlsx,Sheet12,,,2025-04-30,36.4379824950495,36.4379824950495,False,False,Avg.Spend FD / cover,18401.18116,Avg.Spend FD / cover|0|0,18401.18116|48.2541840629703|24368.3629518|505|0.215811965811966,TODAY
04_abril.xlsx,Sheet12,,,2025-04-30,34.1773271531984,34.1773271531984,False,False,36.4379824950495,21883.7369649769,36.4379824950495|Avg.Spend FD / cover|0,21883.7369649769|46.17|29562.6434198331|640.299835820513|0.6004,TODAY
04_abril.xlsx,Sheet12,,,2024-04-30,35.7892857142857,35.7892857142857,False,False,34.1773271531984,20042,34.1773271531984|36.4379824950495|Avg.Spend FD / cover,20042|48.3482142857143|27075|560|0.3111111111,MONTH_TO_DATE
04_abril.xlsx,Sheet12,,,2025-04-30,0,0.0,False,False,,0,,0|0|0|0|0,TODAY
04_abril.xlsx,Sheet12,,,2025-04-30,0,0.0,False,False,0,0,0,0|0|0|0|0,TODAY
04_abril.xlsx,Sheet12,,,2024-04-30,0,0.0,False,False,0,0,0|0,0|0|0|0|0,MONTH_TO_DATE
04_abril.xlsx,Sheet12,,,2025-04-30,5967.1817918,5967.1817918,False,False,Beverage Revenue,36.4379824950495,Beverage Revenue|0|0,36.4379824950495|18401.18116|48.2541840629703|24368.3629518|505,TODAY
04_abril.xlsx,Sheet12,,,2025-04-30,7678.90645485618,7678.90645485618,False,False,5967.1817918,34.1773271531984,5967.1817918|Beverage Revenue|0,34.1773271531984|21883.7369649769|46.17|29562.6434198331|640.299835820513,TODAY
04_abril.xlsx,Sheet12,,,2024-04-30,7033,7033.0,False,False,7678.90645485618,35.7892857142857,7678.90645485618|5967.1817918|Beverage Revenue,35.7892857142857|20042|48.3482142857143|27075|560,MONTH_TO_DATE
04_abril.xlsx,Sheet12,,,2025-04-30,0,0.0,False,False,,0,,0|0|0|0|0,TODAY
04_abril.xlsx,Sheet12,,,2025-04-30,0,0.0,False,False,0,0,0,0|0|0|0|0,TODAY
04_abril.xlsx,Sheet12,,,2024-04-30,0,0.0,False,False,0,0,0|0,0|0|0|0|0,MONTH_TO_DATE
04_abril.xlsx,Sheet12,,,2025-04-30,11.8162015679208,11.8162015679208,False,False,Avg.Spend BV / cover,5967.1817918,Avg.Spend BV / cover|0|0,5967.1817918|36.4379824950495|18401.18116|48.2541840629703|24368.3629518,TODAY
04_abril.xlsx,Sheet12,,,2025-04-30,11.9926728468016,11.9926728468016,False,False,11.8162015679208,7678.90645485618,11.8162015679208|Avg.Spend BV / cover|0,7678.90645485618|34.1773271531984|21883.7369649769|46.17|29562.6434198331,TODAY
04_abril.xlsx,Sheet12,,,2024-04-30,12.5589285714286,12.5589285714286,False,False,11.9926728468016,7033,11.9926728468016|11.8162015679208|Avg.Spend BV / cover,7033|35.7892857142857|20042|48.3482142857143|27075,MONTH_TO_DATE
04_abril.xlsx,Sheet12,,,2025-04-30,2825.727469,2825.727469,False,False,,0,,0|0|0|0|0,TODAY
04_abril.xlsx,Sheet12,,,2025-04-30,2398.88665384615,2398.88665384615,False,False,2825.727469,0,2825.727469,0|0|0|0|0,TODAY
04_abril.xlsx,Sheet12,,,2024-04-30,3805,3805.0,False,False,2398.88665384615,0,2398.88665384615|2825.727469,0|0|0|0|0,MONTH_TO_DATE
04_abril.xlsx,Sheet12,,,2025-04-30,148255.4171139,148255.4171139,False,False,TOTAL RESTAURANT REV,11.8162015679208,TOTAL RESTAURANT REV|3805|2398.88665384615,11.8162015679208|5967.1817918|36.4379824950495|18401.18116|48.2541840629703,TODAY
04_abril.xlsx,Sheet12,,,2025-04-30,154304.749419833,154304.749419833,False,False,148255.4171139,11.9926728468016,148255.4171139|TOTAL RESTAURANT REV|3805,11.9926728468016|7678.90645485618|34.1773271531984|21883.7369649769|46.17,TODAY
04_abril.xlsx,Sheet12,,,2025-04-30,48.7194391206897,48.7194391206897,False,False,,2825.727469,,2825.727469|0|0|0|0,TODAY
04_abril.xlsx,Sheet12,,,2025-04-30,46.17,46.17,False,False,48.7194391206897,2398.88665384615,48.7194391206897,2398.88665384615|0|0|0|0,TODAY
04_abril.xlsx,Sheet12,,,2024-04-30,52.1232876712329,52.1232876712329,False,False,46.17,3805,46.17|48.7194391206897,3805|0|0|0|0,MONTH_TO_DATE
04_abril.xlsx,Sheet12,,,2025-04-30,41.6916246102081,41.6916246102081,False,False,52.1232876712329,148255.4171139,52.1232876712329|46.17|48.7194391206897,148255.4171139|11.8162015679208|5967.1817918|36.4379824950495|18401.18116,TODAY
04_abril.xlsx,Sheet12,,,2025-04-30,46.17,46.17,False,False,41.6916246102081,154304.749419833,41.6916246102081|52.1232876712329|46.17,154304.749419833|11.9926728468016|7678.90645485618|34.1773271531984|21883.7369649769,TODAY
04_abril.xlsx,Sheet12,,,2024-04-30,45.1511437908497,45.1511437908497,False,False,46.17,110530,46.17|41.6916246102081|52.1232876712329,110530|12.5589285714286|7033|35.7892857142857|20042,MONTH_TO_DATE
04_abril.xlsx,Sheet12,,,2025-04-30,0.315656556666667,0.315656556666667,False,False,,48.7194391206897,,48.7194391206897|2825.727469|0|0|0,TODAY
04_abril.xlsx,Sheet12,,,2025-04-30,0.237314814833333,0.237314814833333,False,False,0.315656556666667,46.17,0.315656556666667,46.17|2398.88665384615|0|0|0,TODAY
04_abril.xlsx,Sheet12,,,2024-04-30,0.171111111111111,0.171111111111111,False,False,0.237314814833333,52.1232876712329,0.237314814833333|0.315656556666667,52.1232876712329|3805|0|0|0,MONTH_TO_DATE
04_abril.xlsx,Sheet12,,,2025-04-30,0.873716830851852,0.873716830851852,False,False,Occupancy,41.6916246102081,Occupancy|0.171111111111111|0.237314814833333,41.6916246102081|148255.4171139|11.8162015679208|5967.1817918|36.4379824950495,TODAY
04_abril.xlsx,Sheet12,,,2025-04-30,0.6004,0.6004,False,False,0.873716830851852,46.17,0.873716830851852|Occupancy|0.171111111111111,46.17|154304.749419833|11.9926728468016|7678.90645485618|34.1773271531984,TODAY
04_abril.xlsx,Sheet12,,,2024-04-30,0.6882222222,0.6882222222,False,False,0.6004,45.1511437908497,0.6004|0.873716830851852|Occupancy,45.1511437908497|110530|12.5589285714286|7033|35.7892857142857,MONTH_TO_DATE
04_abril.xlsx,Sheet12,,,2025-04-30,56.8181802,56.8181802,False,False,,0.315656556666667,,0.315656556666667|48.7194391206897|2825.727469|0|0,TODAY
04_abril.xlsx,Sheet12,,,2025-04-30,42.71666667,42.71666667,False,False,56.8181802,0.237314814833333,56.8181802,0.237314814833333|46.17|2398.88665384615|0|0,TODAY
04_abril.xlsx,Sheet12,,,2024-04-30,30.8,30.8,False,False,42.71666667,0.171111111111111,42.71666667|56.8181802,0.171111111111111|52.1232876712329|3805|0|0,MONTH_TO_DATE
04_abril.xlsx,Sheet12,,,2025-04-30,4712.9799772,4712.9799772,False,False,Total Covers,0.873716830851852,Total Covers|30.8|42.71666667,0.873716830851852|41.6916246102081|148255.4171139|11.8162015679208|5967.1817918,TODAY
04_abril.xlsx,Sheet12,,,2025-04-30,1281.5,1281.5,False,False,4712.9799772,0.6004,4712.9799772|Total Covers|30.8,0.6004|46.17|154304.749419833|11.9926728468016|7678.90645485618,TODAY
04_abril.xlsx,Sheet12,,,2024-04-30,2477.6,2477.6,False,False,1281.5,0.6882222222,1281.5|4712.9799772|Total Covers,0.6882222222|45.1511437908497|110530|12.5589285714286|7033,MONTH_TO_DATE
04_abril.xlsx,Sheet12,,,2025-04-30,284.090901,284.090901,False,False,,56.8181802,,56.8181802|0.315656556666667|48.7194391206897|2825.727469|0,TODAY
04_abril.xlsx,Sheet12,,,2025-04-30,447.615384615385,447.615384615385,False,False,284.090901,42.71666667,284.090901,42.71666667|0.237314814833333|46.17|2398.88665384615|0,TODAY
04_abril.xlsx,Sheet12,,,2024-04-30,154,154.0,False,False,447.615384615385,30.8,447.615384615385|284.090901,30.8|0.171111111111111|52.1232876712329|3805|0,MONTH_TO_DATE
04_abril.xlsx,Sheet12,,,2025-04-30,23564.899886,23564.899886,False,False,Total Revenue,4712.9799772,Total Revenue|154|447.615384615385,4712.9799772|0.873716830851852|41.6916246102081|148255.4171139|11.8162015679208,TODAY
04_abril.xlsx,Sheet12,,,2025-04-30,23276,23276.0,False,False,23564.899886,1281.5,23564.899886|Total Revenue|154,1281.5|0.6004|46.17|154304.749419833|11.9926728468016,TODAY
04_abril.xlsx,Sheet12,,,2024-04-30,12385,12385.0,False,False,23276,2477.6,23276|23564.899886|Total Revenue,2477.6|0.6882222222|45.1511437908497|110530|12.5589285714286,MONTH_TO_DATE
04_abril.xlsx,Sheet12,,,2025-04-30,5,5.0,False,False,,284.090901,,284.090901|56.8181802|0.315656556666667|48.7194391206897|2825.727469,TODAY
04_abril.xlsx,Sheet12,,,2025-04-30,10.478705842695,10.478705842695,False,False,5,447.615384615385,5,447.615384615385|42.71666667|0.237314814833333|46.17|2398.88665384615,TODAY
04_abril.xlsx,Sheet12,,,2024-04-30,5,5.0,False,False,10.478705842695,154,10.478705842695|5,154|30.8|0.171111111111111|52.1232876712329|3805,MONTH_TO_DATE
04_abril.xlsx,Sheet12,,,2025-04-30,5,5.0,False,False,Avg.cover,23564.899886,Avg.cover|5|10.478705842695,23564.899886|4712.9799772|0.873716830851852|41.6916246102081|148255.4171139,TODAY
04_abril.xlsx,Sheet12,,,2025-04-30,18.1630901287554,18.1630901287554,False,False,5,23276,5|Avg.cover|5,23276|1281.5|0.6004|46.17|154304.749419833,TODAY
04_abril.xlsx,Sheet12,,,2024-04-30,4.99878915079109,4.99878915079109,False,False,18.1630901287554,12385,18.1630901287554|5|Avg.cover,12385|2477.6|0.6882222222|45.1511437908497|110530,MONTH_TO_DATE
04_abril.xlsx,Sheet12,,,2025-04-30,74.272723,74.272723,False,False,,5,,5|284.090901|56.8181802|0.315656556666667|48.7194391206897,TODAY
04_abril.xlsx,Sheet12,,,2025-04-30,141.182958560774,141.182958560774,False,False,74.272723,10.478705842695,74.272723,10.478705842695|447.615384615385|42.71666667|0.237314814833333|46.17,TODAY
04_abril.xlsx,Sheet12,,,2024-04-30,44,44.0,False,False,141.182958560774,5,141.182958560774|74.272723,5|154|30.8|0.171111111111111|52.1232876712329,MONTH_TO_DATE
04_abril.xlsx,Sheet12,,,2025-04-30,5964.9044544,5964.9044544,False,False,Food Revenue,5,Food Revenue|44|141.182958560774,5|23564.899886|4712.9799772|0.873716830851852|41.6916246102081,TODAY
04_abril.xlsx,Sheet12,,,2025-04-30,7341.51384516025,7341.51384516025,False,False,5964.9044544,18.1630901287554,5964.9044544|Food Revenue|44,18.1630901287554|23276|1281.5|0.6004|46.17,TODAY
04_abril.xlsx,Sheet12,,,2024-04-30,3906,3906.0,False,False,7341.51384516025,4.99878915079109,7341.51384516025|5964.9044544|Food Revenue,4.99878915079109|12385|2477.6|0.6882222222|45.1511437908497,MONTH_TO_DATE
04_abril.xlsx,Sheet12,,,2025-04-30,1.30719996202906,1.30719996202906,False,False,,74.272723,,74.272723|5|284.090901|56.8181802|0.315656556666667,TODAY
04_abril.xlsx,Sheet12,,,2025-04-30,3.30510242410668,3.30510242410668,False,False,1.30719996202906,141.182958560774,1.30719996202906,141.182958560774|10.478705842695|447.615384615385|42.71666667|0.237314814833333,TODAY
04_abril.xlsx,Sheet12,,,2024-04-30,1.42857142857143,1.42857142857143,False,False,3.30510242410668,44,3.30510242410668|1.30719996202906,44|5|154|30.8|0.171111111111111,MONTH_TO_DATE
04_abril.xlsx,Sheet12,,,2025-04-30,1.2656333112503,1.2656333112503,False,False,Avg.Spend FD / cover,5964.9044544,Avg.Spend FD / cover|1.42857142857143|3.30510242410668,5964.9044544|5|23564.899886|4712.9799772|0.873716830851852,TODAY
04_abril.xlsx,Sheet12,,,2025-04-30,5.72884420223195,5.72884420223195,False,False,1.2656333112503,7341.51384516025,1.2656333112503|Avg.Spend FD / cover|1.42857142857143,7341.51384516025|18.1630901287554|23276|1281.5|0.6004,TODAY
04_abril.xlsx,Sheet12,,,2024-04-30,1.57652567000323,1.57652567000323,False,False,5.72884420223195,3906,5.72884420223195|1.2656333112503|Avg.Spend FD / cover,3906|4.99878915079109|12385|2477.6|0.6882222222,MONTH_TO_DATE
04_abril.xlsx,Sheet12,,,2025-04-30,209.818178,209.818178,False,False,,1.30719996202906,,1.30719996202906|74.272723|5|284.090901|56.8181802,TODAY
04_abril.xlsx,Sheet12,,,2025-04-30,306.432426054611,306.432426054611,False,False,209.818178,3.30510242410668,209.818178,3.30510242410668|141.182958560774|10.478705842695|447.615384615385|42.71666667,TODAY
04_abril.xlsx,Sheet12,,,2024-04-30,110,110.0,False,False,306.432426054611,1.42857142857143,306.432426054611|209.818178,1.42857142857143|44|5|154|30.8,MONTH_TO_DATE
04_abril.xlsx,Sheet12,,,2025-04-30,17599.9954316,17599.9954316,False,False,Beverage Revenue,1.2656333112503,Beverage Revenue|110|306.432426054611,1.2656333112503|5964.9044544|5|23564.899886|4712.9799772,TODAY
04_abril.xlsx,Sheet12,,,2025-04-30,15934.4861548398,15934.4861548398,False,False,17599.9954316,5.72884420223195,17599.9954316|Beverage Revenue|110,5.72884420223195|7341.51384516025|18.1630901287554|23276|1281.5,TODAY
04_abril.xlsx,Sheet12,,,2024-04-30,8479,8479.0,False,False,15934.4861548398,1.57652567000323,15934.4861548398|17599.9954316|Beverage Revenue,1.57652567000323|3906|4.99878915079109|12385|2477.6,MONTH_TO_DATE
04_abril.xlsx,Sheet12,,,2025-04-30,3.69280003797095,3.69280003797095,False,False,,209.818178,,209.818178|1.30719996202906|74.272723|5|284.090901,TODAY
04_abril.xlsx,Sheet12,,,2025-04-30,7.17360341858834,7.17360341858834,False,False,3.69280003797095,306.432426054611,3.69280003797095,306.432426054611|3.30510242410668|141.182958560774|10.478705842695|447.615384615385,TODAY
04_abril.xlsx,Sheet12,,,2024-04-30,3.57142857142857,3.57142857142857,False,False,7.17360341858834,110,7.17360341858834|3.69280003797095,110|1.42857142857143|44|5|154,MONTH_TO_DATE
04_abril.xlsx,Sheet12,,,2025-04-30,3.7343666887497,3.7343666887497,False,False,Avg.Spend BV / cover,17599.9954316,Avg.Spend BV / cover|3.57142857142857|7.17360341858834,17599.9954316|1.2656333112503|5964.9044544|5|23564.899886,TODAY
04_abril.xlsx,Sheet12,,,2025-04-30,12.4342459265234,12.4342459265234,False,False,3.7343666887497,15934.4861548398,3.7343666887497|Avg.Spend BV / cover|3.57142857142857,15934.4861548398|5.72884420223195|7341.51384516025|18.1630901287554|23276,TODAY
04_abril.xlsx,Sheet12,,,2024-04-30,3.42226348078786,3.42226348078786,False,False,12.4342459265234,8479,12.4342459265234|3.7343666887497|Avg.Spend BV / cover,8479|1.57652567000323|3906|4.99878915079109|12385,MONTH_TO_DATE
04_abril.xlsx,Sheet12,,,2025-04-30,284.090901,284.090901,False,False,,3.69280003797095,,3.69280003797095|209.818178|1.30719996202906|74.272723|5,TODAY
04_abril.xlsx,Sheet12,,,2025-04-30,447.615384615385,447.615384615385,False,False,284.090901,7.17360341858834,284.090901,7.17360341858834|306.432426054611|3.30510242410668|141.182958560774|10.478705842695,TODAY
04_abril.xlsx,Sheet12,,,2024-04-30,154,154.0,False,False,447.615384615385,3.57142857142857,447.615384615385|284.090901,3.57142857142857|110|1.42857142857143|44|5,MONTH_TO_DATE
04_abril.xlsx,Sheet12,,,2025-04-30,23564.899886,23564.899886,False,False,TOTAL BER REV,3.7343666887497,TOTAL BER REV|154|447.615384615385,3.7343666887497|17599.9954316|1.2656333112503|5964.9044544|5,TODAY
04_abril.xlsx,Sheet12,,,2025-04-30,23276,23276.0,False,False,23564.899886,12.4342459265234,23564.899886|TOTAL BER REV|154,12.4342459265234|15934.4861548398|5.72884420223195|7341.51384516025|18.1630901287554,TODAY
04_abril.xlsx,Sheet12,,,2024-04-30,12385,12385.0,False,False,23276,3.42226348078786,23276|23564.899886|TOTAL BER REV,3.42226348078786|8479|1.57652567000323|3906|4.99878915079109,MONTH_TO_DATE
04_abril.xlsx,Sheet12,,,2025-04-30,0,0.0,False,False,,284.090901,,284.090901|3.69280003797095|209.818178|1.30719996202906|74.272723,TODAY
04_abril.xlsx,Sheet12,,,2025-04-30,8.33333333333333,8.33333333333333,False,False,0,447.615384615385,0,447.615384615385|7.17360341858834|306.432426054611|3.30510242410668|141.182958560774,TODAY
04_abril.xlsx,Sheet12,,,2024-04-30,0,0.0,False,False,8.33333333333333,154,8.33333333333333|0,154|3.57142857142857|110|1.42857142857143|44,MONTH_TO_DATE
04_abril.xlsx,Sheet12,,,2025-04-30,110,110.0,False,False,Total Pax,23564.899886,Total Pax|0|8.33333333333333,23564.899886|3.7343666887497|17599.9954316|1.2656333112503|5964.9044544,TODAY
04_abril.xlsx,Sheet12,,,2025-04-30,250,250.0,False,False,110,23276,110|Total Pax|0,23276|12.4342459265234|15934.4861548398|5.72884420223195|7341.51384516025,TODAY
04_abril.xlsx,Sheet12,,,2024-04-30,9,9.0,False,False,250,12385,250|110|Total Pax,12385|3.42226348078786|8479|1.57652567000323|3906,MONTH_TO_DATE
04_abril.xlsx,Sheet12,,,2025-04-30,0,0.0,False,False,,0,,0|284.090901|3.69280003797095|209.818178|1.30719996202906,TODAY
04_abril.xlsx,Sheet12,,,2025-04-30,0.0666666666666667,0.0666666666666667,False,False,0,8.33333333333333,0,8.33333333333333|447.615384615385|7.17360341858834|306.432426054611|3.30510242410668,TODAY
04_abril.xlsx,Sheet12,,,2024-04-30,0,0.0,False,False,0.0666666666666667,0,0.0666666666666667|0,0|154|3.57142857142857|110|1.42857142857143,MONTH_TO_DATE
04_abril.xlsx,Sheet12,,,2025-04-30,1,1.0,False,False,# Events,110,# Events|0|0.0666666666666667,110|23564.899886|3.7343666887497|17599.9954316|1.2656333112503,TODAY
04_abril.xlsx,Sheet12,,,2025-04-30,2,2.0,False,False,1,250,1|# Events|0,250|23276|12.4342459265234|15934.4861548398|5.72884420223195,TODAY
04_abril.xlsx,Sheet12,,,2024-04-30,2,2.0,False,False,2,9,2|1|# Events,9|12385|3.42226348078786|8479|1.57652567000323,MONTH_TO_DATE
04_abril.xlsx,Sheet12,,,2025-04-30,0,0.0,False,False,,0,,0|0|284.090901|3.69280003797095|209.818178,TODAY
04_abril.xlsx,Sheet12,,,2025-04-30,1213.33333333333,1213.33333333333,False,False,0,0.0666666666666667,0,0.0666666666666667|8.33333333333333|447.615384615385|7.17360341858834|306.432426054611,TODAY
04_abril.xlsx,Sheet12,,,2024-04-30,0,0.0,False,False,1213.33333333333,0,1213.33333333333|0,0|0|154|3.57142857142857|110,MONTH_TO_DATE
04_abril.xlsx,Sheet12,,,2025-04-30,12881.454659,12881.454659,False,False,Total Revenue F&B,1,Total Revenue F&B|0|1213.33333333333,1|110|23564.899886|3.7343666887497|17599.9954316,TODAY
04_abril.xlsx,Sheet12,,,2025-04-30,36400,36400.0,False,False,12881.454659,2,12881.454659|Total Revenue F&B|0,2|250|23276|12.4342459265234|15934.4861548398,TODAY
04_abril.xlsx,Sheet12,,,2024-04-30,437,437.0,False,False,36400,2,36400|12881.454659|Total Revenue F&B,2|9|12385|3.42226348078786|8479,MONTH_TO_DATE
04_abril.xlsx,Sheet12,,,2025-04-30,0,0.0,False,False,,0,,0|0|0|284.090901|3.69280003797095,TODAY
04_abril.xlsx,Sheet12,,,2025-04-30,145.6,145.6,False,False,0,1213.33333333333,0,1213.33333333333|0.0666666666666667|8.33333333333333|447.615384615385|7.17360341858834,TODAY
04_abril.xlsx,Sheet12,,,2024-04-30,0,0.0,False,False,145.6,0,145.6|0,0|0|0|154|3.57142857142857,MONTH_TO_DATE
04_abril.xlsx,Sheet12,,,2025-04-30,117.104133263636,117.104133263636,False,False,Avg.pax,12881.454659,Avg.pax|0|145.6,12881.454659|1|110|23564.899886|3.7343666887497,TODAY
04_abril.xlsx,Sheet12,,,2025-04-30,145.6,145.6,False,False,117.104133263636,36400,117.104133263636|Avg.pax|0,36400|2|250|23276|12.4342459265234,TODAY
04_abril.xlsx,Sheet12,,,2024-04-30,0,0.0,False,False,145.6,437,145.6|117.104133263636|Avg.pax,437|2|9|12385|3.42226348078786,MONTH_TO_DATE
04_abril.xlsx,Sheet12,,,2025-04-30,0,0.0,False,False,,0,,0|0|0|0|284.090901,TODAY
04_abril.xlsx,Sheet12,,,2025-04-30,0,0.0,False,False,0,145.6,0,145.6|1213.33333333333|0.0666666666666667|8.33333333333333|447.615384615385,TODAY
04_abril.xlsx,Sheet12,,,2024-04-30,0,0.0,False,False,0,0,0|0,0|0|0|0|154,MONTH_TO_DATE
04_abril.xlsx,Sheet12,,,2025-04-30,0,0.0,False,False,Room Rental,117.104133263636,Room Rental|0|0,117.104133263636|12881.454659|1|110|23564.899886,TODAY
04_abril.xlsx,Sheet12,,,2025-04-30,0,0.0,False,False,0,145.6,0|Room Rental|0,145.6|36400|2|250|23276,TODAY
04_abril.xlsx,Sheet12,,,2024-04-30,0,0.0,False,False,0,0,0|0|Room Rental,0|437|2|9|12385,MONTH_TO_DATE
04_abril.xlsx,Sheet12,,,2025-04-30,0,0.0,False,False,,0,,0|0|0|0|0,TODAY
04_abril.xlsx,Sheet12,,,2025-04-30,0,0.0,False,False,0,0,0,0|145.6|1213.33333333333|0.0666666666666667|8.33333333333333,TODAY
04_abril.xlsx,Sheet12,,,2025-04-30,0,0.0,False,False,Other Revenue,0,Other Revenue|0|0,0|117.104133263636|12881.454659|1|110,TODAY
04_abril.xlsx,Sheet12,,,2025-04-30,0,0.0,False,False,0,0,0|Other Revenue|0,0|145.6|36400|2|250,TODAY
04_abril.xlsx,Sheet12,,,2024-04-30,0,0.0,False,False,0,0,0|0|Other Revenue,0|0|437|2|9,MONTH_TO_DATE
04_abril.xlsx,Sheet12,,,2025-04-30,0,0.0,False,False,,0,,0|0|0|0|0,TODAY
04_abril.xlsx,Sheet12,,,2025-04-30,1213.33333333333,1213.33333333333,False,False,0,0,0,0|0|145.6|1213.33333333333|0.0666666666666667,TODAY
04_abril.xlsx,Sheet12,,,2024-04-30,0,0.0,False,False,1213.33333333333,0,1213.33333333333|0,0|0|0|0|0,MONTH_TO_DATE
04_abril.xlsx,Sheet12,,,2025-04-30,12881.454659,12881.454659,False,False,Total Weddings Rev.,0,Total Weddings Rev.|0|1213.33333333333,0|0|117.104133263636|12881.454659|1,TODAY
04_abril.xlsx,Sheet12,,,2025-04-30,36400,36400.0,False,False,12881.454659,0,12881.454659|Total Weddings Rev.|0,0|0|145.6|36400|2,TODAY
04_abril.xlsx,Sheet12,,,2024-04-30,437,437.0,False,False,36400,0,36400|12881.454659|Total Weddings Rev.,0|0|0|437|2,MONTH_TO_DATE
04_abril.xlsx,Sheet12,,,2025-04-30,70,70.0,False,False,,0,,0|0|0|0|0,TODAY
04_abril.xlsx,Sheet12,,,2025-04-30,33.43333333,33.43333333,False,False,70,1213.33333333333,70,1213.33333333333|0|0|145.6|1213.33333333333,TODAY
04_abril.xlsx,Sheet12,,,2024-04-30,0,0.0,False,False,33.43333333,0,33.43333333|70,0|0|0|0|0,MONTH_TO_DATE
04_abril.xlsx,Sheet12,,,2025-04-30,1066,1066.0,False,False,Total Pax,12881.454659,Total Pax|0|33.43333333,12881.454659|0|0|117.104133263636|12881.454659,TODAY
04_abril.xlsx,Sheet12,,,2025-04-30,1003,1003.0,False,False,1066,36400,1066|Total Pax|0,36400|0|0|145.6|36400,TODAY
04_abril.xlsx,Sheet12,,,2024-04-30,537,537.0,False,False,1003,437,1003|1066|Total Pax,437|0|0|0|437,MONTH_TO_DATE
04_abril.xlsx,Sheet12,,,2025-04-30,1,1.0,False,False,,70,,70|0|0|0|0,TODAY
04_abril.xlsx,Sheet12,,,2024-04-30,0,0.0,False,False,1,0,1,0|0|0|0|0,MONTH_TO_DATE
04_abril.xlsx,Sheet12,,,2025-04-30,12,12.0,False,False,# Events,1066,# Events|0|1,1066|12881.454659|0|0|117.104133263636,TODAY
04_abril.xlsx,Sheet12,,,2025-04-30,26,26.0,False,False,12,1003,12|# Events|0,1003|36400|0|0|145.6,TODAY
04_abril.xlsx,Sheet12,,,2024-04-30,6,6.0,False,False,26,537,26|12|# Events,537|437|0|0|0,MONTH_TO_DATE
04_abril.xlsx,Sheet12,,,2025-04-30,927.3719,927.3719,False,False,,1,,1|70|0|0|0,TODAY
04_abril.xlsx,Sheet12,,,2025-04-30,1716.866667,1716.866667,False,False,927.3719,33.43333333,927.3719,33.43333333|1213.33333333333|0|0|145.6,TODAY
04_abril.xlsx,Sheet12,,,2024-04-30,0,0.0,False,False,1716.866667,0,1716.866667|927.3719,0|0|0|0|0,MONTH_TO_DATE
04_abril.xlsx,Sheet12,,,2025-04-30,46728.459447,46728.459447,False,False,Total Revenue F&B,12,Total Revenue F&B|0|1716.866667,12|1066|12881.454659|0|0,TODAY
04_abril.xlsx,Sheet12,,,2025-04-30,51506,51506.0,False,False,46728.459447,26,46728.459447|Total Revenue F&B|0,26|1003|36400|0|0,TODAY
04_abril.xlsx,Sheet12,,,2024-04-30,29278,29278.0,False,False,51506,6,51506|46728.459447|Total Revenue F&B,6|537|437|0|0,MONTH_TO_DATE
04_abril.xlsx,Sheet12,,,2025-04-30,13.24817,13.24817,False,False,,927.3719,,927.3719|1|70|0|0,TODAY
04_abril.xlsx,Sheet12,,,2025-04-30,51.3519441825874,51.3519441825874,False,False,13.24817,1716.866667,13.24817,1716.866667|33.43333333|1213.33333333333|0|0,TODAY
04_abril.xlsx,Sheet12,,,2024-04-30,0,0.0,False,False,51.3519441825874,0,51.3519441825874|13.24817,0|0|0|0|0,MONTH_TO_DATE
04_abril.xlsx,Sheet12,,,2025-04-30,43.8353278114447,43.8353278114447,False,False,Avg.pax,46728.459447,Avg.pax|0|51.3519441825874,46728.459447|12|1066|12881.454659|0,TODAY
04_abril.xlsx,Sheet12,,,2025-04-30,51.3519441674975,51.3519441674975,False,False,43.8353278114447,51506,43.8353278114447|Avg.pax|0,51506|26|1003|36400|0,TODAY
04_abril.xlsx,Sheet12,,,2024-04-30,54.5214152700186,54.5214152700186,False,False,51.3519441674975,29278,51.3519441674975|43.8353278114447|Avg.pax,29278|6|537|437|0,MONTH_TO_DATE
04_abril.xlsx,Sheet12,,,2025-04-30,0,0.0,False,False,,13.24817,,13.24817|927.3719|1|70|0,TODAY
04_abril.xlsx,Sheet12,,,2025-04-30,60,60.0,False,False,0,51.3519441825874,0,51.3519441825874|1716.866667|33.43333333|1213.33333333333|0,TODAY
04_abril.xlsx,Sheet12,,,2024-04-30,0,0.0,False,False,60,0,60|0,0|0|0|0|0,MONTH_TO_DATE
04_abril.xlsx,Sheet12,,,2025-04-30,5200,5200.0,False,False,Room Rental,43.8353278114447,Room Rental|0|60,43.8353278114447|46728.459447|12|1066|12881.454659,TODAY
04_abril.xlsx,Sheet12,,,2025-04-30,1800,1800.0,False,False,5200,51.3519441674975,5200|Room Rental|0,51.3519441674975|51506|26|1003|36400,TODAY
04_abril.xlsx,Sheet12,,,2024-04-30,0,0.0,False,False,1800,54.5214152700186,1800|5200|Room Rental,54.5214152700186|29278|6|537|437,MONTH_TO_DATE
04_abril.xlsx,Sheet12,,,2025-04-30,0,0.0,False,False,,0,,0|13.24817|927.3719|1|70,TODAY
04_abril.xlsx,Sheet12,,,2025-04-30,16.6666666666667,16.6666666666667,False,False,0,60,0,60|51.3519441825874|1716.866667|33.43333333|1213.33333333333,TODAY
04_abril.xlsx,Sheet12,,,2025-04-30,0,0.0,False,False,Other Revenue,5200,Other Revenue|16.6666666666667|0,5200|43.8353278114447|46728.459447|12|1066,TODAY
04_abril.xlsx,Sheet12,,,2025-04-30,500,500.0,False,False,0,1800,0|Other Revenue|16.6666666666667,1800|51.3519441674975|51506|26|1003,TODAY
04_abril.xlsx,Sheet12,,,2024-04-30,0,0.0,False,False,500,0,500|0|Other Revenue,0|54.5214152700186|29278|6|537,MONTH_TO_DATE
04_abril.xlsx,Sheet12,,,2025-04-30,927.3719,927.3719,False,False,,0,,0|0|13.24817|927.3719|1,TODAY
04_abril.xlsx,Sheet12,,,2025-04-30,1793.53333366667,1793.53333366667,False,False,927.3719,16.6666666666667,927.3719,16.6666666666667|60|51.3519441825874|1716.866667|33.43333333,TODAY
04_abril.xlsx,Sheet12,,,2024-04-30,0,0.0,False,False,1793.53333366667,0,1793.53333366667|927.3719,0|0|0|0|0,MONTH_TO_DATE
04_abril.xlsx,Sheet12,,,2025-04-30,51928.459447,51928.459447,False,False,Total MICE Rev.,0,Total MICE Rev.|0|1793.53333366667,0|5200|43.8353278114447|46728.459447|12,TODAY
04_abril.xlsx,Sheet12,,,2025-04-30,53806,53806.0,False,False,51928.459447,500,51928.459447|Total MICE Rev.|0,500|1800|51.3519441674975|51506|26,TODAY
04_abril.xlsx,Sheet12,,,2024-04-30,29278,29278.0,False,False,53806,0,53806|51928.459447|Total MICE Rev.,0|0|54.5214152700186|29278|6,MONTH_TO_DATE
04_abril.xlsx,Sheet12,,,2025-04-30,0,0.0,False,False,,927.3719,,927.3719|0|0|13.24817|927.3719,TODAY
04_abril.xlsx,Sheet12,,,2025-04-30,23.9,23.9,False,False,0,1793.53333366667,0,1793.53333366667|16.6666666666667|60|51.3519441825874|1716.866667,TODAY
04_abril.xlsx,Sheet12,,,2024-04-30,0,0.0,False,False,23.9,0,23.9|0,0|0|0|0|0,MONTH_TO_DATE
04_abril.xlsx,Sheet12,,,2025-04-30,340,340.0,False,False,Total Pax,51928.459447,Total Pax|0|23.9,51928.459447|0|5200|43.8353278114447|46728.459447,TODAY
04_abril.xlsx,Sheet12,,,2025-04-30,717,717.0,False,False,340,53806,340|Total Pax|0,53806|500|1800|51.3519441674975|51506,TODAY
04_abril.xlsx,Sheet12,,,2024-04-30,233,233.0,False,False,717,29278,717|340|Total Pax,29278|0|0|54.5214152700186|29278,MONTH_TO_DATE
04_abril.xlsx,Sheet12,,,2025-04-30,0,0.0,False,False,,0,,0|927.3719|0|0|13.24817,TODAY
04_abril.xlsx,Sheet12,,,2025-04-30,0.766666666666667,0.766666666666667,False,False,0,23.9,0,23.9|1793.53333366667|16.6666666666667|60|51.3519441825874,TODAY
04_abril.xlsx,Sheet12,,,2024-04-30,0,0.0,False,False,0.766666666666667,0,0.766666666666667|0,0|0|0|0|0,MONTH_TO_DATE
04_abril.xlsx,Sheet12,,,2025-04-30,19,19.0,False,False,# Events,340,# Events|0|0.766666666666667,340|51928.459447|0|5200|43.8353278114447,TODAY
04_abril.xlsx,Sheet12,,,2025-04-30,23,23.0,False,False,19,717,19|# Events|0,717|53806|500|1800|51.3519441674975,TODAY
04_abril.xlsx,Sheet12,,,2024-04-30,12,12.0,False,False,23,233,23|19|# Events,233|29278|0|0|54.5214152700186,MONTH_TO_DATE
04_abril.xlsx,Sheet12,,,2025-04-30,0,0.0,False,False,,0,,0|0|927.3719|0|0,TODAY
04_abril.xlsx,Sheet12,,,2025-04-30,1241.1,1241.1,False,False,0,0.766666666666667,0,0.766666666666667|23.9|1793.53333366667|16.6666666666667|60,TODAY
04_abril.xlsx,Sheet12,,,2024-04-30,0,0.0,False,False,1241.1,0,1241.1|0,0|0|0|0|0,MONTH_TO_DATE
04_abril.xlsx,Sheet12,,,2025-04-30,13764.090826,13764.090826,False,False,Total Revenue F&B,19,Total Revenue F&B|0|1241.1,19|340|51928.459447|0|5200,TODAY
04_abril.xlsx,Sheet12,,,2025-04-30,37233,37233.0,False,False,13764.090826,23,13764.090826|Total Revenue F&B|0,23|717|53806|500|1800,TODAY
04_abril.xlsx,Sheet12,,,2024-04-30,16458,16458.0,False,False,37233,12,37233|13764.090826|Total Revenue F&B,12|233|29278|0|0,MONTH_TO_DATE
04_abril.xlsx,Sheet12,,,2025-04-30,0,0.0,False,False,,0,,0|0|0|927.3719|0,TODAY
04_abril.xlsx,Sheet12,,,2025-04-30,51.928870292887,51.928870292887,False,False,0,1241.1,0,1241.1|0.766666666666667|23.9|1793.53333366667|16.6666666666667,TODAY
04_abril.xlsx,Sheet12,,,2024-04-30,0,0.0,False,False,51.928870292887,0,51.928870292887|0,0|0|0|0|0,MONTH_TO_DATE
04_abril.xlsx,Sheet12,,,2025-04-30,40.4826200764706,40.4826200764706,False,False,Avg.pax,13764.090826,Avg.pax|0|51.928870292887,13764.090826|19|340|51928.459447|0,TODAY
04_abril.xlsx,Sheet12,,,2025-04-30,51.928870292887,51.928870292887,False,False,40.4826200764706,37233,40.4826200764706|Avg.pax|0,37233|23|717|53806|500,TODAY
04_abril.xlsx,Sheet12,,,2024-04-30,43.4072771,43.4072771,False,False,51.928870292887,16458,51.928870292887|40.4826200764706|Avg.pax,16458|12|233|29278|0,MONTH_TO_DATE
04_abril.xlsx,Sheet12,,,2025-04-30,0,0.0,False,False,,0,,0|0|0|0|927.3719,TODAY
04_abril.xlsx,Sheet12,,,2025-04-30,0,0.0,False,False,0,51.928870292887,0,51.928870292887|1241.1|0.766666666666667|23.9|1793.53333366667,TODAY
04_abril.xlsx,Sheet12,,,2024-04-30,0,0.0,False,False,0,0,0|0,0|0|0|0|0,MONTH_TO_DATE
04_abril.xlsx,Sheet12,,,2025-04-30,0,0.0,False,False,Room Rental,40.4826200764706,Room Rental|0|0,40.4826200764706|13764.090826|19|340|51928.459447,TODAY
04_abril.xlsx,Sheet12,,,2025-04-30,0,0.0,False,False,0,51.928870292887,0|Room Rental|0,51.928870292887|37233|23|717|53806,TODAY
04_abril.xlsx,Sheet12,,,2024-04-30,0,0.0,False,False,0,43.4072771,0|0|Room Rental,43.4072771|16458|12|233|29278,MONTH_TO_DATE
04_abril.xlsx,Sheet12,,,2025-04-30,0,0.0,False,False,,0,,0|0|0|0|0,TODAY
04_abril.xlsx,Sheet12,,,2025-04-30,0,0.0,False,False,0,0,0,0|51.928870292887|1241.1|0.766666666666667|23.9,TODAY
04_abril.xlsx,Sheet12,,,2025-04-30,0,0.0,False,False,Other Revenue,0,Other Revenue|0|0,0|40.4826200764706|13764.090826|19|340,TODAY
04_abril.xlsx,Sheet12,,,2025-04-30,0,0.0,False,False,0,0,0|Other Revenue|0,0|51.928870292887|37233|23|717,TODAY
04_abril.xlsx,Sheet12,,,2024-04-30,0,0.0,False,False,0,0,0|0|Other Revenue,0|43.4072771|16458|12|233,MONTH_TO_DATE
04_abril.xlsx,Sheet12,,,2025-04-30,0,0.0,False,False,,0,,0|0|0|0|0,TODAY
04_abril.xlsx,Sheet12,,,2025-04-30,1241.1,1241.1,False,False,0,0,0,0|0|51.928870292887|1241.1|0.766666666666667,TODAY
04_abril.xlsx,Sheet12,,,2024-04-30,0,0.0,False,False,1241.1,0,1241.1|0,0|0|0|0|0,MONTH_TO_DATE
04_abril.xlsx,Sheet12,,,2025-04-30,13764.090826,13764.090826,False,False,Total Individuals Rev.,0,Total Individuals Rev.|0|1241.1,0|0|40.4826200764706|13764.090826|19,TODAY
04_abril.xlsx,Sheet12,,,2025-04-30,37233,37233.0,False,False,13764.090826,0,13764.090826|Total Individuals Rev.|0,0|0|51.928870292887|37233|23,TODAY
04_abril.xlsx,Sheet12,,,2024-04-30,16458,16458.0,False,False,37233,0,37233|13764.090826|Total Individuals Rev.,0|0|43.4072771|16458|12,MONTH_TO_DATE
04_abril.xlsx,Sheet12,,,2025-04-30,927.3719,927.3719,False,False,,0,,0|0|0|0|0,TODAY
04_abril.xlsx,Sheet12,,,2025-04-30,4247.966667,4247.966667,False,False,927.3719,1241.1,927.3719,1241.1|0|0|51.928870292887|1241.1,TODAY
04_abril.xlsx,Sheet12,,,2024-04-30,0,0.0,False,False,4247.966667,0,4247.966667|927.3719,0|0|0|0|0,MONTH_TO_DATE
04_abril.xlsx,Sheet12,,,2025-04-30,78574.004932,78574.004932,False,False,TOTAL BANQUETING,13764.090826,TOTAL BANQUETING|0|4247.966667,13764.090826|0|0|40.4826200764706|13764.090826,TODAY
04_abril.xlsx,Sheet12,,,2025-04-30,127439,127439.0,False,False,78574.004932,37233,78574.004932|TOTAL BANQUETING|0,37233|0|0|51.928870292887|37233,TODAY
04_abril.xlsx,Sheet12,,,2024-04-30,46173,46173.0,False,False,127439,16458,127439|78574.004932|TOTAL BANQUETING,16458|0|0|43.4072771|16458,MONTH_TO_DATE
04_abril.xlsx,Sheet12,,,2025-04-30,4037.19027,4037.19027,False,False,,927.3719,,927.3719|0|0|0|0,TODAY
04_abril.xlsx,Sheet12,,,2025-04-30,7094.46870546154,7094.46870546154,False,False,4037.19027,4247.966667,4037.19027,4247.966667|1241.1|0|0|51.928870292887,TODAY
04_abril.xlsx,Sheet12,,,2024-04-30,3959,3959.0,False,False,7094.46870546154,0,7094.46870546154|4037.19027,0|0|0|0|0,MONTH_TO_DATE
04_abril.xlsx,Sheet12,,,2025-04-30,250394.3219319,250394.3219319,False,False,TOTAL F&B,78574.004932,TOTAL F&B|3959|7094.46870546154,78574.004932|13764.090826|0|0|40.4826200764706,TODAY
04_abril.xlsx,Sheet12,,,2025-04-30,305019.749419833,305019.749419833,False,False,250394.3219319,127439,250394.3219319|TOTAL F&B|3959,127439|37233|0|0|51.928870292887,TODAY
04_abril.xlsx,Sheet12,,,2024-04-30,169088,169088.0,False,False,305019.749419833,46173,305019.749419833|250394.3219319|TOTAL F&B,46173|16458|0|0|43.4072771,MONTH_TO_DATE
04_abril.xlsx,Sheet12,,,2025-04-30,78.896635,78.896635,False,False,,4037.19027,,4037.19027|927.3719|0|0|0,TODAY
04_abril.xlsx,Sheet12,,,2025-04-30,53.9252823810271,53.9252823810271,False,False,78.896635,7094.46870546154,78.896635,7094.46870546154|4247.966667|1241.1|0|0,TODAY
04_abril.xlsx,Sheet12,,,2024-04-30,0,0.0,False,False,53.9252823810271,3959,53.9252823810271|78.896635,3959|0|0|0|0,MONTH_TO_DATE
04_abril.xlsx,Sheet12,,,2025-04-30,2753.050492152,2753.050492152,False,False,Wine Revenue,250394.3219319,Wine Revenue|0|53.9252823810271,250394.3219319|78574.004932|13764.090826|0|0,TODAY
04_abril.xlsx,Sheet12,,,2025-04-30,1617.75847143081,1617.75847143081,False,False,2753.050492152,305019.749419833,2753.050492152|Wine Revenue|0,305019.749419833|127439|37233|0|0,TODAY
04_abril.xlsx,Sheet12,,,2024-04-30,2510,2510.0,False,False,1617.75847143081,169088,1617.75847143081|2753.050492152|Wine Revenue,169088|46173|16458|0|0,MONTH_TO_DATE
04_abril.xlsx,Sheet12,,,2025-04-30,260.28181,260.28181,False,False,,78.896635,,78.896635|4037.19027|927.3719|0|0,TODAY
04_abril.xlsx,Sheet12,,,2025-04-30,503.291807186297,503.291807186297,False,False,260.28181,53.9252823810271,260.28181,53.9252823810271|7094.46870546154|4247.966667|1241.1|0,TODAY
04_abril.xlsx,Sheet12,,,2024-04-30,300,300.0,False,False,503.291807186297,0,503.291807186297|260.28181,0|3959|0|0|0,MONTH_TO_DATE
04_abril.xlsx,Sheet12,,,2025-04-30,16025.6848675,16025.6848675,False,False,Spirits Revenue,2753.050492152,Spirits Revenue|300|503.291807186297,2753.050492152|250394.3219319|78574.004932|13764.090826|0,TODAY
04_abril.xlsx,Sheet12,,,2025-04-30,15098.7542155889,15098.7542155889,False,False,16025.6848675,1617.75847143081,16025.6848675|Spirits Revenue|300,1617.75847143081|305019.749419833|127439|37233|0,TODAY
04_abril.xlsx,Sheet12,,,2024-04-30,11083,11083.0,False,False,15098.7542155889,2510,15098.7542155889|16025.6848675|Spirits Revenue,2510|169088|46173|16458|0,MONTH_TO_DATE
04_abril.xlsx,Sheet12,,,2025-04-30,24.793393,24.793393,False,False,,260.28181,,260.28181|78.896635|4037.19027|927.3719|0,TODAY
04_abril.xlsx,Sheet12,,,2025-04-30,64.1905770993431,64.1905770993431,False,False,24.793393,503.291807186297,24.793393,503.291807186297|53.9252823810271|7094.46870546154|4247.966667|1241.1,TODAY
04_abril.xlsx,Sheet12,,,2024-04-30,667,667.0,False,False,64.1905770993431,300,64.1905770993431|24.793393,300|0|3959|0|0,MONTH_TO_DATE
04_abril.xlsx,Sheet12,,,2025-04-30,5852.75997397,5852.75997397,False,False,Merchandising Revenue,16025.6848675,Merchandising Revenue|667|64.1905770993431,16025.6848675|2753.050492152|250394.3219319|78574.004932|13764.090826,TODAY
04_abril.xlsx,Sheet12,,,2024-04-30,1257,1257.0,False,False,1925.71731298029,11083,1925.71731298029|5852.75997397|Merchandising Revenue,11083|2510|169088|46173|16458,MONTH_TO_DATE
04_abril.xlsx,Sheet12,,,2025-04-30,363.971838,363.971838,False,False,,24.793393,,24.793393|260.28181|78.896635|4037.19027|927.3719,TODAY
04_abril.xlsx,Sheet12,,,2025-04-30,621.407666666667,621.407666666667,False,False,363.971838,64.1905770993431,363.971838,64.1905770993431|503.291807186297|53.9252823810271|7094.46870546154|4247.966667,TODAY
04_abril.xlsx,Sheet12,,,2024-04-30,967,967.0,False,False,621.407666666667,667,621.407666666667|363.971838,667|300|0|3959|0,MONTH_TO_DATE
04_abril.xlsx,Sheet12,,,2025-04-30,24631.495333622,24631.495333622,False,False,TOTAL SHOP,5852.75997397,TOTAL SHOP|967|621.407666666667,5852.75997397|16025.6848675|2753.050492152|250394.3219319|78574.004932,TODAY
04_abril.xlsx,Sheet12,,,2025-04-30,18642.23,18642.23,False,False,24631.495333622,1925.71731298029,24631.495333622|TOTAL SHOP|967,1925.71731298029|15098.7542155889|1617.75847143081|305019.749419833|127439,TODAY
04_abril.xlsx,Sheet12,,,2024-04-30,14850,14850.0,False,False,18642.23,1257,18642.23|24631.495333622|TOTAL SHOP,1257|11083|2510|169088|46173,MONTH_TO_DATE
04_abril.xlsx,Sheet12,,,2025-04-30,2825.727469,2825.727469,False,False,,363.971838,,363.971838|24.793393|260.28181|78.896635|4037.19027,TODAY
04_abril.xlsx,Sheet12,,,2025-04-30,2398.88665384615,2398.88665384615,False,False,2825.727469,621.407666666667,2825.727469,621.407666666667|64.1905770993431|503.291807186297|53.9252823810271|7094.46870546154,TODAY
04_abril.xlsx,Sheet12,,,2024-04-30,3805,3805.0,False,False,2398.88665384615,967,2398.88665384615|2825.727469,967|667|300|0|3959,MONTH_TO_DATE
04_abril.xlsx,Sheet12,,,2025-04-30,148255.4171139,148255.4171139,False,False,Revenue Restaurant,24631.495333622,Revenue Restaurant|3805|2398.88665384615,24631.495333622|5852.75997397|16025.6848675|2753.050492152|250394.3219319,TODAY
04_abril.xlsx,Sheet12,,,2025-04-30,154304.749419833,154304.749419833,False,False,148255.4171139,18642.23,148255.4171139|Revenue Restaurant|3805,18642.23|1925.71731298029|15098.7542155889|1617.75847143081|305019.749419833,TODAY
04_abril.xlsx,Sheet12,,,2025-04-30,284.090901,284.090901,False,False,,2825.727469,,2825.727469|363.971838|24.793393|260.28181|78.896635,TODAY
04_abril.xlsx,Sheet12,,,2025-04-30,447.615384615385,447.615384615385,False,False,284.090901,2398.88665384615,284.090901,2398.88665384615|621.407666666667|64.1905770993431|503.291807186297|53.9252823810271,TODAY
04_abril.xlsx,Sheet12,,,2024-04-30,154,154.0,False,False,447.615384615385,3805,447.615384615385|284.090901,3805|967|667|300|0,MONTH_TO_DATE
04_abril.xlsx,Sheet12,,,2025-04-30,23564.899886,23564.899886,False,False,Revenue Bar,148255.4171139,Revenue Bar|154|447.615384615385,148255.4171139|24631.495333622|5852.75997397|16025.6848675|2753.050492152,TODAY
04_abril.xlsx,Sheet12,,,2025-04-30,23276,23276.0,False,False,23564.899886,154304.749419833,23564.899886|Revenue Bar|154,154304.749419833|18642.23|1925.71731298029|15098.7542155889|1617.75847143081,TODAY
04_abril.xlsx,Sheet12,,,2024-04-30,12385,12385.0,False,False,23276,110530,23276|23564.899886|Revenue Bar,110530|14850|1257|11083|2510,MONTH_TO_DATE
04_abril.xlsx,Sheet12,,,2025-04-30,927.3719,927.3719,False,False,,284.090901,,284.090901|2825.727469|363.971838|24.793393|260.28181,TODAY
04_abril.xlsx,Sheet12,,,2025-04-30,4247.966667,4247.966667,False,False,927.3719,447.615384615385,927.3719,447.615384615385|2398.88665384615|621.407666666667|64.1905770993431|503.291807186297,TODAY
04_abril.xlsx,Sheet12,,,2024-04-30,0,0.0,False,False,4247.966667,154,4247.966667|927.3719,154|3805|967|667|300,MONTH_TO_DATE
04_abril.xlsx,Sheet12,,,2025-04-30,78574.004932,78574.004932,False,False,Revenue Banqueting,23564.899886,Revenue Banqueting|0|4247.966667,23564.899886|148255.4171139|24631.495333622|5852.75997397|16025.6848675,TODAY
04_abril.xlsx,Sheet12,,,2025-04-30,127439,127439.0,False,False,78574.004932,23276,78574.004932|Revenue Banqueting|0,23276|154304.749419833|18642.23|1925.71731298029|15098.7542155889,TODAY
04_abril.xlsx,Sheet12,,,2024-04-30,46173,46173.0,False,False,127439,12385,127439|78574.004932|Revenue Banqueting,12385|110530|14850|1257|11083,MONTH_TO_DATE
04_abril.xlsx,Sheet12,,,2025-04-30,363.971838,363.971838,False,False,,927.3719,,927.3719|284.090901|2825.727469|363.971838|24.793393,TODAY
04_abril.xlsx,Sheet12,,,2025-04-30,621.407666666667,621.407666666667,False,False,363.971838,4247.966667,363.971838,4247.966667|447.615384615385|2398.88665384615|621.407666666667|64.1905770993431,TODAY
04_abril.xlsx,Sheet12,,,2024-04-30,967,967.0,False,False,621.407666666667,0,621.407666666667|363.971838,0|154|3805|967|667,MONTH_TO_DATE
04_abril.xlsx,Sheet12,,,2025-04-30,24631.495333622,24631.495333622,False,False,Revenue Shop,78574.004932,Revenue Shop|967|621.407666666667,78574.004932|23564.899886|148255.4171139|24631.495333622|5852.75997397,TODAY
04_abril.xlsx,Sheet12,,,2025-04-30,18642.23,18642.23,False,False,24631.495333622,127439,24631.495333622|Revenue Shop|967,127439|23276|154304.749419833|18642.23|1925.71731298029,TODAY
04_abril.xlsx,Sheet12,,,2024-04-30,14850,14850.0,False,False,18642.23,46173,18642.23|24631.495333622|Revenue Shop,46173|12385|110530|14850|1257,MONTH_TO_DATE
04_abril.xlsx,Sheet12,,,2025-04-30,4401.162108,4401.162108,False,False,,363.971838,,363.971838|927.3719|284.090901|2825.727469|363.971838,TODAY
04_abril.xlsx,Sheet12,,,2025-04-30,7715.87637212821,7715.87637212821,False,False,4401.162108,621.407666666667,4401.162108,621.407666666667|4247.966667|447.615384615385|2398.88665384615|621.407666666667,TODAY
04_abril.xlsx,Sheet12,,,2024-04-30,4926,4926.0,False,False,7715.87637212821,967,7715.87637212821|4401.162108,967|0|154|3805|967,MONTH_TO_DATE
04_abril.xlsx,Sheet12,,,2025-04-30,275025.817265522,275025.817265522,False,False,TOTAL,24631.495333622,TOTAL|4926|7715.87637212821,24631.495333622|78574.004932|23564.899886|148255.4171139|24631.495333622,TODAY
04_abril.xlsx,Sheet12,,,2025-04-30,323661.979419833,323661.979419833,False,False,275025.817265522,18642.23,275025.817265522|TOTAL|4926,18642.23|127439|23276|154304.749419833|18642.23,TODAY
04_abril.xlsx,Sheet12,,,2024-04-30,183938,183938.0,False,False,323661.979419833,14850,323661.979419833|275025.817265522|TOTAL,14850|46173|12385|110530|14850,MONTH_TO_DATE
04_abril.xlsx,Sheet12,,,2025-04-30,0,0.0,False,False,,4401.162108,,4401.162108|363.971838|927.3719|284.090901|2825.727469,TODAY
04_abril.xlsx,Sheet12,,,2025-04-30,0.797230309319111,0.797230309319111,False,False,Occupancy,275025.817265522,Occupancy|0,275025.817265522|24631.495333622|78574.004932|23564.899886|148255.4171139,TODAY
04_abril.xlsx,Sheet12,,,2025-04-30,0,0.0,False,False,,0,,0|4401.162108|363.971838|927.3719|284.090901,TODAY
04_abril.xlsx,Sheet12,,,2025-04-30,717.5072783872,717.5072783872,False,False,Total Covers,0.797230309319111,Total Covers|0,0.797230309319111|275025.817265522|24631.495333622|78574.004932|23564.899886,TODAY
04_abril.xlsx,Sheet12,,,2025-04-30,0,0.0,False,False,,0,,0|0|4401.162108|363.971838|927.3719,TODAY
04_abril.xlsx,Sheet12,,,2025-04-30,3352.536391936,3352.536391936,False,False,Total Revenue,717.5072783872,Total Revenue|0,717.5072783872|0.797230309319111|275025.817265522|24631.495333622|78574.004932,TODAY
04_abril.xlsx,Sheet12,,,2025-04-30,0,0.0,False,False,,0,,0|0|0|4401.162108|363.971838,TODAY
04_abril.xlsx,Sheet12,,,2025-04-30,0,0.0,False,False,0,7715.87637212821,0,7715.87637212821|621.407666666667|4247.966667|447.615384615385|2398.88665384615,TODAY
04_abril.xlsx,Sheet12,,,2024-04-30,0,0.0,False,False,0,4926,0|0,4926|967|0|154|3805,MONTH_TO_DATE
04_abril.xlsx,Sheet12,,,2025-04-30,4.67247719001788,4.67247719001788,False,False,Avg.cover,3352.536391936,Avg.cover|0|0,3352.536391936|717.5072783872|0.797230309319111|275025.817265522|24631.495333622,TODAY
04_abril.xlsx,Sheet12,,,2025-04-30,0,0.0,False,False,4.67247719001788,323661.979419833,4.67247719001788|Avg.cover|0,323661.979419833|18642.23|127439|23276|154304.749419833,TODAY
04_abril.xlsx,Sheet12,,,2024-04-30,0,0.0,False,False,0,183938,0|4.67247719001788|Avg.cover,183938|14850|46173|12385|110530,MONTH_TO_DATE
04_abril.xlsx,Sheet12,,,2025-04-30,0,0.0,False,False,,0,,0|0|0|0|4401.162108,TODAY
04_abril.xlsx,Sheet12,,,2025-04-30,225.818183636,225.818183636,False,False,Food Revenue,4.67247719001788,Food Revenue|0,4.67247719001788|3352.536391936|717.5072783872|0.797230309319111|275025.817265522,TODAY
04_abril.xlsx,Sheet12,,,2025-04-30,0,0.0,False,False,,0,,0|0|0|0|0,TODAY
04_abril.xlsx,Sheet12,,,2025-04-30,0,0.0,False,False,0,0,0,0|7715.87637212821|621.407666666667|4247.966667|447.615384615385,TODAY
04_abril.xlsx,Sheet12,,,2024-04-30,0,0.0,False,False,0,0,0|0,0|4926|967|0|154,MONTH_TO_DATE
04_abril.xlsx,Sheet12,,,2025-04-30,0.314725983189453,0.314725983189453,False,False,Avg.Spend FD / cover,225.818183636,Avg.Spend FD / cover|0|0,225.818183636|4.67247719001788|3352.536391936|717.5072783872|0.797230309319111,TODAY
04_abril.xlsx,Sheet12,,,2025-04-30,0,0.0,False,False,0.314725983189453,0,0.314725983189453|Avg.Spend FD / cover|0,0|323661.979419833|18642.23|127439|23276,TODAY
04_abril.xlsx,Sheet12,,,2024-04-30,0,0.0,False,False,0,0,0|0.314725983189453|Avg.Spend FD / cover,0|183938|14850|46173|12385,MONTH_TO_DATE
04_abril.xlsx,Sheet12,,,2025-04-30,0,0.0,False,False,,0,,0|0|0|0|0,TODAY
04_abril.xlsx,Sheet12,,,2025-04-30,3126.7182083,3126.7182083,False,False,Beverage Revenue,0.314725983189453,Beverage Revenue|0,0.314725983189453|225.818183636|4.67247719001788|3352.536391936|717.5072783872,TODAY
04_abril.xlsx,Sheet12,,,2025-04-30,0,0.0,False,False,,0,,0|0|0|0|0,TODAY
04_abril.xlsx,Sheet12,,,2025-04-30,0,0.0,False,False,0,0,0,0|0|7715.87637212821|621.407666666667|4247.966667,TODAY
04_abril.xlsx,Sheet12,,,2024-04-30,0,0.0,False,False,0,0,0|0,0|0|4926|967|0,MONTH_TO_DATE
04_abril.xlsx,Sheet12,,,2025-04-30,4.35775120682843,4.35775120682843,False,False,Avg.Spend BV / cover,3126.7182083,Avg.Spend BV / cover|0|0,3126.7182083|0.314725983189453|225.818183636|4.67247719001788|3352.536391936,TODAY
04_abril.xlsx,Sheet12,,,2025-04-30,0,0.0,False,False,4.35775120682843,0,4.35775120682843|Avg.Spend BV / cover|0,0|0|323661.979419833|18642.23|127439,TODAY
04_abril.xlsx,Sheet12,,,2024-04-30,0,0.0,False,False,0,0,0|4.35775120682843|Avg.Spend BV / cover,0|0|183938|14850|46173,MONTH_TO_DATE
04_abril.xlsx,Sheet12,,,2025-04-30,0,0.0,False,False,,0,,0|0|0|0|0,TODAY
04_abril.xlsx,Sheet12,,,2025-04-30,0,0.0,False,False,0,0,0,0|0|0|7715.87637212821|621.407666666667,TODAY
04_abril.xlsx,Sheet12,,,2024-04-30,0,0.0,False,False,0,0,0|0,0|0|0|4926|967,MONTH_TO_DATE
04_abril.xlsx,Sheet12,,,2025-04-30,3352.536391936,3352.536391936,False,False,TOTAL BER REV,4.35775120682843,TOTAL BER REV|0|0,4.35775120682843|3126.7182083|0.314725983189453|225.818183636|4.67247719001788,TODAY
04_abril.xlsx,Sheet12,,,2025-04-30,0,0.0,False,False,3352.536391936,0,3352.536391936|TOTAL BER REV|0,0|0|0|323661.979419833|18642.23,TODAY
04_abril.xlsx,Sheet12,,,2024-04-30,0,0.0,False,False,0,0,0|3352.536391936|TOTAL BER REV,0|0|0|183938|14850,MONTH_TO_DATE
04_abril.xlsx,Sheet12,,,2025-04-30,71.88091,71.88091,False,False,,0,,0|0|0|0|0,TODAY
04_abril.xlsx,Sheet12,,,2024-04-30,0.197490306928637,0.197490306928637,False,False,71.88091,0,71.88091,0|0|0|0|4926,MONTH_TO_DATE
04_abril.xlsx,Sheet12,,,2025-04-30,2828.91563789,2828.91563789,False,False,10% del del Restaurante,3352.536391936,10% del del Restaurante|0.197490306928637|71.88091,3352.536391936|4.35775120682843|3126.7182083|0.314725983189453|225.818183636,TODAY
04_abril.xlsx,Sheet12,,,2024-04-30,0.114849529010467,0.114849529010467,False,False,2828.91563789,0,2828.91563789|10% del del Restaurante|0.197490306928637,0|0|0|0|183938,MONTH_TO_DATE
04_abril.xlsx,Sheet12,,,2025-04-30,23,23.0,False,False,,pax,,pax|71.88091|0|0|0,TODAY
04_abril.xlsx,Sheet12,,,2024-04-30,36,36.0,False,False,23,pax,23,pax|0.197490306928637|0|0|0,MONTH_TO_DATE
04_abril.xlsx,Sheet12,,,2025-04-30,1185,1185.0,False,False,1952,pax,1952|Online ES|36,pax|0|0|0|0,TODAY
04_abril.xlsx,Sheet12,,,2025-04-30,6,6.0,False,False,,23,,23|pax|71.88091|0|0,TODAY
04_abril.xlsx,Sheet12,,,2024-04-30,0,0.0,False,False,6,36,6,36|pax|0.197490306928637|0|0,MONTH_TO_DATE
04_abril.xlsx,Sheet12,,,2025-04-30,179,179.0,False,False,Online EN,1952,Online EN|0|6,1952|pax,TODAY
04_abril.xlsx,Sheet12,,,2025-04-30,108,108.0,False,False,179,1185,179|Online EN|0,1185|pax|0|0|0,TODAY
04_abril.xlsx,Sheet12,,,2025-04-30,29,29.0,False,False,,6,,6|23|pax|71.88091|0,TODAY
04_abril.xlsx,Sheet12,,,2025-04-30,0.5,0.5,False,False,29,%,29,%|0|0|0|0,TODAY
04_abril.xlsx,Sheet12,,,2024-04-30,36,36.0,False,False,0.5,0,0.5|29,0|36|pax|0.197490306928637|0,MONTH_TO_DATE
04_abril.xlsx,Sheet12,,,2025-04-30,0.5,0.5,False,False,36,%,36|0.5|29,%,TODAY
04_abril.xlsx,Sheet12,,,2025-04-30,2131,2131.0,False,False,Online,179,Online|0.5|36,179|1952|pax,TODAY
04_abril.xlsx,Sheet12,,,2025-04-30,0.549651792623162,0.549651792623162,False,False,2131,%,2131|Online|0.5,%|2828.91563789|3352.536391936|4.35775120682843|3126.7182083,TODAY
04_abril.xlsx,Sheet12,,,2025-04-30,1293,1293.0,False,False,0.549651792623162,108,0.549651792623162|2131|Online,108|1185|pax|0|0,TODAY
04_abril.xlsx,Sheet12,,,2024-04-30,0.395654834761322,0.395654834761322,False,False,1293,%,1293|0.549651792623162|2131,%|0.114849529010467|0|0|0,MONTH_TO_DATE
04_abril.xlsx,Sheet12,,,2025-04-30,12,12.0,False,False,,29,,29|6|23|pax|71.88091,TODAY
04_abril.xlsx,Sheet12,,,2025-04-30,0.2068965517,0.2068965517,False,False,12,0.5,12,0.5|%|0|0|0,TODAY
04_abril.xlsx,Sheet12,,,2024-04-30,34,34.0,False,False,0.2068965517,36,0.2068965517|12,36|0|36|pax|0.197490306928637,MONTH_TO_DATE
04_abril.xlsx,Sheet12,,,2025-04-30,0.472222222222222,0.472222222222222,False,False,34,0.5,34|0.2068965517|12,0.5|%,TODAY
04_abril.xlsx,Sheet12,,,2025-04-30,1136,1136.0,False,False,Telefono,2131,Telefono|0.472222222222222|34,2131|179|1952|pax,TODAY
04_abril.xlsx,Sheet12,,,2025-04-30,0.29301005932422,0.29301005932422,False,False,1136,0.549651792623162,1136|Telefono|0.472222222222222,0.549651792623162|%|2828.91563789|3352.536391936|4.35775120682843,TODAY
04_abril.xlsx,Sheet12,,,2025-04-30,1628,1628.0,False,False,0.29301005932422,1293,0.29301005932422|1136|Telefono,1293|108|1185|pax|0,TODAY
04_abril.xlsx,Sheet12,,,2024-04-30,0.498164014687883,0.498164014687883,False,False,1628,0.395654834761322,1628|0.29301005932422|1136,0.395654834761322|%|0.114849529010467|0|0,MONTH_TO_DATE
04_abril.xlsx,Sheet12,,,2025-04-30,17,17.0,False,False,,12,,12|29|6|23|pax,TODAY
04_abril.xlsx,Sheet12,,,2024-04-30,2,2.0,False,False,17,34,17,34|36|0|36|pax,MONTH_TO_DATE
04_abril.xlsx,Sheet12,,,2025-04-30,579,579.0,False,False,De paso ES,1136,De paso ES|2|17,1136|2131|179|1952|pax,TODAY
04_abril.xlsx,Sheet12,,,2025-04-30,347,347.0,False,False,579,1628,579|De paso ES|2,1628|1293|108|1185|pax,TODAY
04_abril.xlsx,Sheet12,,,2025-04-30,0,0.0,False,False,,17,,17|12|29|6|23,TODAY
04_abril.xlsx,Sheet12,,,2024-04-30,0,0.0,False,False,0,2,0,2|34|36|0|36,MONTH_TO_DATE
04_abril.xlsx,Sheet12,,,2025-04-30,0,0.0,False,False,De paso EN,579,De paso EN|0|0,579|1136|2131|179|1952,TODAY
04_abril.xlsx,Sheet12,,,2025-04-30,0,0.0,False,False,0,347,0|De paso EN|0,347|1628|1293|108|1185,TODAY
04_abril.xlsx,Sheet12,,,2025-04-30,17,17.0,False,False,,0,,0|17|12|29|6,TODAY
04_abril.xlsx,Sheet12,,,2025-04-30,0.2931034483,0.2931034483,False,False,17,0.2068965517,17,0.2068965517|0.5|%|0|0,TODAY
04_abril.xlsx,Sheet12,,,2024-04-30,2,2.0,False,False,0.2931034483,0,0.2931034483|17,0|2|34|36|0,MONTH_TO_DATE
04_abril.xlsx,Sheet12,,,2025-04-30,0.0277777777777778,0.0277777777777778,False,False,2,0.472222222222222,2|0.2931034483|17,0.472222222222222|0.5|%,TODAY
04_abril.xlsx,Sheet12,,,2025-04-30,579,579.0,False,False,De paso,0,De paso|0.0277777777777778|2,0|579|1136|2131|179,TODAY
04_abril.xlsx,Sheet12,,,2025-04-30,0.149342274954862,0.149342274954862,False,False,579,0.29301005932422,579|De paso|0.0277777777777778,0.29301005932422|0.549651792623162|%|2828.91563789|3352.536391936,TODAY
04_abril.xlsx,Sheet12,,,2025-04-30,347,347.0,False,False,0.149342274954862,0,0.149342274954862|579|De paso,0|347|1628|1293|108,TODAY
04_abril.xlsx,Sheet12,,,2024-04-30,0.106181150550796,0.106181150550796,False,False,347,0.498164014687883,347|0.149342274954862|579,0.498164014687883|0.395654834761322|%|0.114849529010467|0,MONTH_TO_DATE
04_abril.xlsx,Sheet12,,,2025-04-30,0,0.0,False,False,,17,,17|0|17|12|29,TODAY
04_abril.xlsx,Sheet12,,,2025-04-30,0,0.0,False,False,0,0.2931034483,0,0.2931034483|0.2068965517|0.5|%|0,TODAY
04_abril.xlsx,Sheet12,,,2024-04-30,0,0.0,False,False,0,2,0|0,2|0|2|34|36,MONTH_TO_DATE
04_abril.xlsx,Sheet12,,,2025-04-30,0,0.0,False,False,0,0.0277777777777778,0|0|0,0.0277777777777778|0.472222222222222|0.5|%,TODAY
04_abril.xlsx,Sheet12,,,2025-04-30,31,31.0,False,False,Experiencia,579,Experiencia|0|0,579|0|579|1136|2131,TODAY
04_abril.xlsx,Sheet12,,,2025-04-30,0.007995873097756,0.007995873097756,False,False,31,0.149342274954862,31|Experiencia|0,0.149342274954862|0.29301005932422|0.549651792623162|%|2828.91563789,TODAY
04_abril.xlsx,Sheet12,,,2025-04-30,0,0.0,False,False,0.007995873097756,347,0.007995873097756|31|Experiencia,347|0|347|1628|1293,TODAY
04_abril.xlsx,Sheet12,,,2024-04-30,0,0.0,False,False,0,0.106181150550796,0|0.007995873097756|31,0.106181150550796|0.498164014687883|0.395654834761322|%|0.114849529010467,MONTH_TO_DATE
04_abril.xlsx,Sheet12,,,2025-04-30,58,58.0,False,False,,0,,0|17|0|17|12,TODAY
04_abril.xlsx,Sheet12,,,2024-04-30,72,72.0,False,False,58,0,58,0|2|0|2|34,MONTH_TO_DATE
04_abril.xlsx,Sheet12,,,2025-04-30,3877,3877.0,False,False,72,31,72|58,31|579|0|579|1136,TODAY
04_abril.xlsx,Sheet12,,,2025-04-30,3268,3268.0,False,False,3877,0,3877|72|58,0|347|0|347|1628,TODAY
06_junio.xlsx,Daily,,,2025-06-30,0.166666666666667,0.166666666666667,False,False,,2025,,2025|TODAY|DAILY REVENUE REPORT,TODAY
06_junio.xlsx,Daily,,,2025-06-30,0.147874741766922,0.147874741766922,False,False,0.166666666666667,Budget,0.166666666666667,Budget,TODAY
06_junio.xlsx,Daily,,,2024-06-30,0.293333333333333,0.293333333333333,False,False,0.147874741766922,2024,0.147874741766922|0.166666666666667,2024,MONTH_TO_DATE
06_junio.xlsx,Daily,,,2025-06-30,0.31037037037037,0.31037037037037,False,False,Occupancy,2025,Occupancy|0.293333333333333|0.147874741766922,2025|MONTH TO DATE,TODAY
06_junio.xlsx,Daily,,,2025-06-30,0.4160209402,0.4160209402,False,False,0.31037037037037,Budget,0.31037037037037|Occupancy|0.293333333333333,Budget,TODAY
06_junio.xlsx,Daily,,,2024-06-30,0.3766666667,0.3766666667,False,False,0.4160209402,2024,0.4160209402|0.31037037037037|Occupancy,2024,MONTH_TO_DATE
06_junio.xlsx,Daily,,,2025-06-30,30,30.0,False,False,,0.166666666666667,,0.166666666666667|2025|TODAY|DAILY REVENUE REPORT,TODAY
06_junio.xlsx,Daily,,,2025-06-30,26.6174535180459,26.6174535180459,False,False,30,0.147874741766922,30,0.147874741766922|Budget,TODAY
06_junio.xlsx,Daily,,,2024-06-30,44,44.0,False,False,26.6174535180459,0.293333333333333,26.6174535180459|30,0.293333333333333|2024,MONTH_TO_DATE
06_junio.xlsx,Daily,,,2025-06-30,1676,1676.0,False,False,Total Covers,0.31037037037037,Total Covers|44|26.6174535180459,0.31037037037037|2025|MONTH TO DATE,TODAY
06_junio.xlsx,Daily,,,2025-06-30,1872.09423076923,1872.09423076923,False,False,1676,0.4160209402,1676|Total Covers|44,0.4160209402|Budget,TODAY
06_junio.xlsx,Daily,,,2024-06-30,1469,1469.0,False,False,1872.09423076923,0.3766666667,1872.09423076923|1676|Total Covers,0.3766666667|2024,MONTH_TO_DATE
06_junio.xlsx,Daily,,,2025-06-30,1162.636382,1162.636382,False,False,,30,,30|0.166666666666667|2025|TODAY|DAILY REVENUE REPORT,TODAY
06_junio.xlsx,Daily,,,2025-06-30,1228.92782892818,1228.92782892818,False,False,1162.636382,26.6174535180459,1162.636382,26.6174535180459|0.147874741766922|Budget,TODAY
06_junio.xlsx,Daily,,,2024-06-30,1804,1804.0,False,False,1228.92782892818,44,1228.92782892818|1162.636382,44|0.293333333333333|2024,MONTH_TO_DATE
06_junio.xlsx,Daily,,,2025-06-30,73966.911875,73966.911875,False,False,Total Revenue,1676,Total Revenue|1804|1228.92782892818,1676|0.31037037037037|2025|MONTH TO DATE,TODAY
06_junio.xlsx,Daily,,,2025-06-30,86434.5906346154,86434.5906346154,False,False,73966.911875,1872.09423076923,73966.911875|Total Revenue|1804,1872.09423076923|0.4160209402|Budget,TODAY
06_junio.xlsx,Daily,,,2024-06-30,61657,61657.0,False,False,86434.5906346154,1469,86434.5906346154|73966.911875|Total Revenue,1469|0.3766666667|2024,MONTH_TO_DATE
06_junio.xlsx,Daily,,,2025-06-30,38.7545460666667,38.7545460666667,False,False,,1162.636382,,1162.636382|30|0.166666666666667|2025|TODAY,TODAY
06_junio.xlsx,Daily,,,2025-06-30,46.17,46.17,False,False,38.7545460666667,1228.92782892818,38.7545460666667,1228.92782892818|26.6174535180459|0.147874741766922|Budget,TODAY
06_junio.xlsx,Daily,,,2024-06-30,41,41.0,False,False,46.17,1804,46.17|38.7545460666667,1804|44|0.293333333333333|2024,MONTH_TO_DATE
06_junio.xlsx,Daily,,,2025-06-30,44.1330023120525,44.1330023120525,False,False,Avg.cover,73966.911875,Avg.cover|41|46.17,73966.911875|1676|0.31037037037037|2025|MONTH TO DATE,TODAY
06_junio.xlsx,Daily,,,2025-06-30,46.17,46.17,False,False,44.1330023120525,86434.5906346154,44.1330023120525|Avg.cover|41,86434.5906346154|1872.09423076923|0.4160209402|Budget,TODAY
06_junio.xlsx,Daily,,,2024-06-30,41.9720898570456,41.9720898570456,False,False,46.17,61657,46.17|44.1330023120525|Avg.cover,61657|1469|0.3766666667|2024,MONTH_TO_DATE
06_junio.xlsx,Daily,,,2025-06-30,883.636378,883.636378,False,False,,38.7545460666667,,38.7545460666667|1162.636382|30|0.166666666666667|2025,TODAY
06_junio.xlsx,Daily,,,2025-06-30,860.249480249727,860.249480249727,False,False,883.636378,46.17,883.636378,46.17|1228.92782892818|26.6174535180459|0.147874741766922|Budget,TODAY
06_junio.xlsx,Daily,,,2024-06-30,1424,1424.0,False,False,860.249480249727,41,860.249480249727|883.636378,41|1804|44|0.293333333333333|2024,MONTH_TO_DATE
06_junio.xlsx,Daily,,,2025-06-30,58449.882573,58449.882573,False,False,Food Revenue,44.1330023120525,Food Revenue|1424|860.249480249727,44.1330023120525|73966.911875|1676|0.31037037037037|2025,TODAY
06_junio.xlsx,Daily,,,2025-06-30,60504.2134442308,60504.2134442308,False,False,58449.882573,46.17,58449.882573|Food Revenue|1424,46.17|86434.5906346154|1872.09423076923|0.4160209402|Budget,TODAY
06_junio.xlsx,Daily,,,2024-06-30,47591,47591.0,False,False,60504.2134442308,41.9720898570456,60504.2134442308|58449.882573|Food Revenue,41.9720898570456|61657|1469|0.3766666667|2024,MONTH_TO_DATE
06_junio.xlsx,Daily,,,2025-06-30,29.4545459333333,29.4545459333333,False,False,,883.636378,,883.636378|38.7545460666667|1162.636382|30|0.166666666666667,TODAY
06_junio.xlsx,Daily,,,2025-06-30,32.319,32.319,False,False,29.4545459333333,860.249480249727,29.4545459333333,860.249480249727|46.17|1228.92782892818|26.6174535180459|0.147874741766922,TODAY
06_junio.xlsx,Daily,,,2024-06-30,32.3636363636364,32.3636363636364,False,False,32.319,1424,32.319|29.4545459333333,1424|41|1804|44|0.293333333333333,MONTH_TO_DATE
06_junio.xlsx,Daily,,,2025-06-30,34.8746316068019,34.8746316068019,False,False,Avg.Spend FD / cover,58449.882573,Avg.Spend FD / cover|32.3636363636364|32.319,58449.882573|44.1330023120525|73966.911875|1676|0.31037037037037,TODAY
06_junio.xlsx,Daily,,,2025-06-30,32.319,32.319,False,False,34.8746316068019,60504.2134442308,34.8746316068019|Avg.Spend FD / cover|32.3636363636364,60504.2134442308|46.17|86434.5906346154|1872.09423076923|0.4160209402,TODAY
06_junio.xlsx,Daily,,,2024-06-30,32.3968686181076,32.3968686181076,False,False,32.319,47591,32.319|34.8746316068019|Avg.Spend FD / cover,47591|41.9720898570456|61657|1469|0.3766666667,MONTH_TO_DATE
06_junio.xlsx,Daily,,,2025-06-30,279.000004,279.000004,False,False,,29.4545459333333,,29.4545459333333|883.636378|38.7545460666667|1162.636382|30,TODAY
06_junio.xlsx,Daily,,,2025-06-30,368.678348678454,368.678348678454,False,False,279.000004,32.319,279.000004,32.319|860.249480249727|46.17|1228.92782892818|26.6174535180459,TODAY
06_junio.xlsx,Daily,,,2024-06-30,380,380.0,False,False,368.678348678454,32.3636363636364,368.678348678454|279.000004,32.3636363636364|1424|41|1804|44,MONTH_TO_DATE
06_junio.xlsx,Daily,,,2025-06-30,15517.029302,15517.029302,False,False,Beverage Revenue,34.8746316068019,Beverage Revenue|380|368.678348678454,34.8746316068019|58449.882573|44.1330023120525|73966.911875|1676,TODAY
06_junio.xlsx,Daily,,,2025-06-30,25930.3771903846,25930.3771903846,False,False,15517.029302,32.319,15517.029302|Beverage Revenue|380,32.319|60504.2134442308|46.17|86434.5906346154|1872.09423076923,TODAY
06_junio.xlsx,Daily,,,2024-06-30,14066,14066.0,False,False,25930.3771903846,32.3968686181076,25930.3771903846|15517.029302|Beverage Revenue,32.3968686181076|47591|41.9720898570456|61657|1469,MONTH_TO_DATE
06_junio.xlsx,Daily,,,2025-06-30,9.30000013333333,9.30000013333333,False,False,,279.000004,,279.000004|29.4545459333333|883.636378|38.7545460666667|1162.636382,TODAY
06_junio.xlsx,Daily,,,2025-06-30,13.851,13.851,False,False,9.30000013333333,368.678348678454,9.30000013333333,368.678348678454|32.319|860.249480249727|46.17|1228.92782892818,TODAY
06_junio.xlsx,Daily,,,2024-06-30,8.63636363636364,8.63636363636364,False,False,13.851,380,13.851|9.30000013333333,380|32.3636363636364|1424|41|1804,MONTH_TO_DATE
06_junio.xlsx,Daily,,,2025-06-30,9.2583707052506,9.2583707052506,False,False,Avg.Spend BV / cover,15517.029302,Avg.Spend BV / cover|8.63636363636364|13.851,15517.029302|34.8746316068019|58449.882573|44.1330023120525|73966.911875,TODAY
06_junio.xlsx,Daily,,,2025-06-30,13.851,13.851,False,False,9.2583707052506,25930.3771903846,9.2583707052506|Avg.Spend BV / cover|8.63636363636364,25930.3771903846|32.319|60504.2134442308|46.17|86434.5906346154,TODAY
06_junio.xlsx,Daily,,,2024-06-30,9.57522123893805,9.57522123893805,False,False,13.851,14066,13.851|9.2583707052506|Avg.Spend BV / cover,14066|32.3968686181076|47591|41.9720898570456|61657,MONTH_TO_DATE
06_junio.xlsx,Daily,,,2025-06-30,0,0.0,False,False,,9.30000013333333,,9.30000013333333|279.000004|29.4545459333333|883.636378|38.7545460666667,TODAY
06_junio.xlsx,Daily,,,2025-06-30,0,0.0,False,False,0,13.851,0,13.851|368.678348678454|32.319|860.249480249727|46.17,TODAY
06_junio.xlsx,Daily,,,2024-06-30,0,0.0,False,False,0,8.63636363636364,0|0,8.63636363636364|380|32.3636363636364|1424|41,MONTH_TO_DATE
06_junio.xlsx,Daily,,,2025-06-30,0,0.0,False,False,Occupancy,9.2583707052506,Occupancy|0|0,9.2583707052506|15517.029302|34.8746316068019|58449.882573|44.1330023120525,TODAY
06_junio.xlsx,Daily,,,2025-06-30,0.4160209402,0.4160209402,False,False,0,13.851,0|Occupancy|0,13.851|25930.3771903846|32.319|60504.2134442308|46.17,TODAY
06_junio.xlsx,Daily,,,2024-06-30,0.2758974359,0.2758974359,False,False,0.4160209402,9.57522123893805,0.4160209402|0|Occupancy,9.57522123893805|14066|32.3968686181076|47591|41.9720898570456,MONTH_TO_DATE
06_junio.xlsx,Daily,,,2025-06-30,0,0.0,False,False,,0,,0|9.30000013333333|279.000004|29.4545459333333|883.636378,TODAY
06_junio.xlsx,Daily,,,2025-06-30,0,0.0,False,False,0,0,0,0|13.851|368.678348678454|32.319|860.249480249727,TODAY
06_junio.xlsx,Daily,,,2024-06-30,0,0.0,False,False,0,0,0|0,0|8.63636363636364|380|32.3636363636364|1424,MONTH_TO_DATE
06_junio.xlsx,Daily,,,2025-06-30,415,415.0,False,False,Total Covers,0,Total Covers|0|0,0|9.2583707052506|15517.029302|34.8746316068019|58449.882573,TODAY
06_junio.xlsx,Daily,,,2025-06-30,517.752040389991,517.752040389991,False,False,415,0.4160209402,415|Total Covers|0,0.4160209402|13.851|25930.3771903846|32.319|60504.2134442308,TODAY
06_junio.xlsx,Daily,,,2024-06-30,538,538.0,False,False,517.752040389991,0.2758974359,517.752040389991|415|Total Covers,0.2758974359|9.57522123893805|14066|32.3968686181076|47591,MONTH_TO_DATE
06_junio.xlsx,Daily,,,2025-06-30,0,0.0,False,False,,0,,0|0|9.30000013333333|279.000004|29.4545459333333,TODAY
06_junio.xlsx,Daily,,,2025-06-30,0,0.0,False,False,0,0,0,0|0|13.851|368.678348678454|32.319,TODAY
06_junio.xlsx,Daily,,,2024-06-30,0,0.0,False,False,0,0,0|0,0|0|8.63636363636364|380|32.3636363636364,MONTH_TO_DATE
06_junio.xlsx,Daily,,,2025-06-30,18267.338675,18267.338675,False,False,Total Revenue,415,Total Revenue|0|0,415|0|9.2583707052506|15517.029302|34.8746316068019,TODAY
06_junio.xlsx,Daily,,,2025-06-30,23904.6117048059,23904.6117048059,False,False,18267.338675,517.752040389991,18267.338675|Total Revenue|0,517.752040389991|0.4160209402|13.851|25930.3771903846|32.319,TODAY
06_junio.xlsx,Daily,,,2024-06-30,23146,23146.0,False,False,23904.6117048059,538,23904.6117048059|18267.338675|Total Revenue,538|0.2758974359|9.57522123893805|14066|32.3968686181076,MONTH_TO_DATE
06_junio.xlsx,Daily,,,2025-06-30,0,0.0,False,False,,0,,0|0|0|9.30000013333333|279.000004,TODAY
06_junio.xlsx,Daily,,,2025-06-30,0,0.0,False,False,0,0,0,0|0|0|13.851|368.678348678454,TODAY
06_junio.xlsx,Daily,,,2024-06-30,0,0.0,False,False,0,0,0|0,0|0|0|8.63636363636364|380,MONTH_TO_DATE
06_junio.xlsx,Daily,,,2025-06-30,44.0176835542169,44.0176835542169,False,False,Avg.cover,18267.338675,Avg.cover|0|0,18267.338675|415|0|9.2583707052506|15517.029302,TODAY
06_junio.xlsx,Daily,,,2025-06-30,46.17,46.17,False,False,44.0176835542169,23904.6117048059,44.0176835542169|Avg.cover|0,23904.6117048059|517.752040389991|0.4160209402|13.851|25930.3771903846,TODAY
06_junio.xlsx,Daily,,,2024-06-30,43.0223048327138,43.0223048327138,False,False,46.17,23146,46.17|44.0176835542169|Avg.cover,23146|538|0.2758974359|9.57522123893805|14066,MONTH_TO_DATE
06_junio.xlsx,Daily,,,2025-06-30,0,0.0,False,False,,0,,0|0|0|0|9.30000013333333,TODAY
06_junio.xlsx,Daily,,,2025-06-30,0,0.0,False,False,0,0,0,0|0|0|0|13.851,TODAY
06_junio.xlsx,Daily,,,2024-06-30,0,0.0,False,False,0,0,0|0,0|0|0|0|8.63636363636364,MONTH_TO_DATE
06_junio.xlsx,Daily,,,2025-06-30,14221.181812,14221.181812,False,False,Food Revenue,44.0176835542169,Food Revenue|0|0,44.0176835542169|18267.338675|415|0|9.2583707052506,TODAY
06_junio.xlsx,Daily,,,2025-06-30,15537.9976081238,15537.9976081238,False,False,14221.181812,46.17,14221.181812|Food Revenue|0,46.17|23904.6117048059|517.752040389991|0.4160209402|13.851,TODAY
06_junio.xlsx,Daily,,,2024-06-30,17434,17434.0,False,False,15537.9976081238,43.0223048327138,15537.9976081238|14221.181812|Food Revenue,43.0223048327138|23146|538|0.2758974359|9.57522123893805,MONTH_TO_DATE
06_junio.xlsx,Daily,,,2025-06-30,0,0.0,False,False,,0,,0|0|0|0|0,TODAY
06_junio.xlsx,Daily,,,2025-06-30,0,0.0,False,False,0,0,0,0|0|0|0|0,TODAY
06_junio.xlsx,Daily,,,2024-06-30,0,0.0,False,False,0,0,0|0,0|0|0|0|0,MONTH_TO_DATE
06_junio.xlsx,Daily,,,2025-06-30,34.2679079807229,34.2679079807229,False,False,Avg.Spend FD / cover,14221.181812,Avg.Spend FD / cover|0|0,14221.181812|44.0176835542169|18267.338675|415|0,TODAY
06_junio.xlsx,Daily,,,2025-06-30,30.0105,30.0105,False,False,34.2679079807229,15537.9976081238,34.2679079807229|Avg.Spend FD / cover|0,15537.9976081238|46.17|23904.6117048059|517.752040389991|0.4160209402,TODAY
06_junio.xlsx,Daily,,,2024-06-30,32.4052044609665,32.4052044609665,False,False,30.0105,17434,30.0105|34.2679079807229|Avg.Spend FD / cover,17434|43.0223048327138|23146|538|0.2758974359,MONTH_TO_DATE
06_junio.xlsx,Daily,,,2025-06-30,0,0.0,False,False,,0,,0|0|0|0|0,TODAY
06_junio.xlsx,Daily,,,2025-06-30,0,0.0,False,False,0,0,0,0|0|0|0|0,TODAY
06_junio.xlsx,Daily,,,2024-06-30,0,0.0,False,False,0,0,0|0,0|0|0|0|0,MONTH_TO_DATE
06_junio.xlsx,Daily,,,2025-06-30,4046.156863,4046.156863,False,False,Beverage Revenue,34.2679079807229,Beverage Revenue|0|0,34.2679079807229|14221.181812|44.0176835542169|18267.338675|415,TODAY
06_junio.xlsx,Daily,,,2025-06-30,8366.61409668206,8366.61409668206,False,False,4046.156863,30.0105,4046.156863|Beverage Revenue|0,30.0105|15537.9976081238|46.17|23904.6117048059|517.752040389991,TODAY
06_junio.xlsx,Daily,,,2024-06-30,5712,5712.0,False,False,8366.61409668206,32.4052044609665,8366.61409668206|4046.156863|Beverage Revenue,32.4052044609665|17434|43.0223048327138|23146|538,MONTH_TO_DATE
06_junio.xlsx,Daily,,,2025-06-30,0,0.0,False,False,,0,,0|0|0|0|0,TODAY
06_junio.xlsx,Daily,,,2025-06-30,0,0.0,False,False,0,0,0,0|0|0|0|0,TODAY
06_junio.xlsx,Daily,,,2024-06-30,0,0.0,False,False,0,0,0|0,0|0|0|0|0,MONTH_TO_DATE
06_junio.xlsx,Daily,,,2025-06-30,9.74977557349398,9.74977557349398,False,False,Avg.Spend BV / cover,4046.156863,Avg.Spend BV / cover|0|0,4046.156863|34.2679079807229|14221.181812|44.0176835542169|18267.338675,TODAY
06_junio.xlsx,Daily,,,2025-06-30,16.1595,16.1595,False,False,9.74977557349398,8366.61409668206,9.74977557349398|Avg.Spend BV / cover|0,8366.61409668206|30.0105|15537.9976081238|46.17|23904.6117048059,TODAY
06_junio.xlsx,Daily,,,2024-06-30,10.6171003717472,10.6171003717472,False,False,16.1595,5712,16.1595|9.74977557349398|Avg.Spend BV / cover,5712|32.4052044609665|17434|43.0223048327138|23146,MONTH_TO_DATE
06_junio.xlsx,Daily,,,2025-06-30,1162.636382,1162.636382,False,False,,0,,0|0|0|0|0,TODAY
06_junio.xlsx,Daily,,,2025-06-30,1228.92782892818,1228.92782892818,False,False,1162.636382,0,1162.636382,0|0|0|0|0,TODAY
06_junio.xlsx,Daily,,,2024-06-30,1804,1804.0,False,False,1228.92782892818,0,1228.92782892818|1162.636382,0|0|0|0|0,MONTH_TO_DATE
06_junio.xlsx,Daily,,,2025-06-30,92234.25055,92234.25055,False,False,TOTAL RESTAURANT REV,9.74977557349398,TOTAL RESTAURANT REV|1804|1228.92782892818,9.74977557349398|4046.156863|34.2679079807229|14221.181812|44.0176835542169,TODAY
06_junio.xlsx,Daily,,,2025-06-30,110339.202339421,110339.202339421,False,False,92234.25055,16.1595,92234.25055|TOTAL RESTAURANT REV|1804,16.1595|8366.61409668206|30.0105|15537.9976081238|46.17,TODAY
06_junio.xlsx,Daily,,,2024-06-30,84803,84803.0,False,False,110339.202339421,10.6171003717472,110339.202339421|92234.25055|TOTAL RESTAURANT REV,10.6171003717472|5712|32.4052044609665|17434|43.0223048327138,MONTH_TO_DATE
06_junio.xlsx,Daily,,,2025-06-30,38.7545460666667,38.7545460666667,False,False,,1162.636382,,1162.636382|0|0|0|0,TODAY
06_junio.xlsx,Daily,,,2025-06-30,46.17,46.17,False,False,38.7545460666667,1228.92782892818,38.7545460666667,1228.92782892818|0|0|0|0,TODAY
06_junio.xlsx,Daily,,,2024-06-30,41,41.0,False,False,46.17,1804,46.17|38.7545460666667,1804|0|0|0|0,MONTH_TO_DATE
06_junio.xlsx,Daily,,,2025-06-30,44.1101150406504,44.1101150406504,False,False,41,92234.25055,41|46.17|38.7545460666667,92234.25055|9.74977557349398|4046.156863|34.2679079807229|14221.181812,TODAY
06_junio.xlsx,Daily,,,2025-06-30,46.17,46.17,False,False,44.1101150406504,110339.202339421,44.1101150406504|41|46.17,110339.202339421|16.1595|8366.61409668206|30.0105|15537.9976081238,TODAY
06_junio.xlsx,Daily,,,2024-06-30,42.2536123567514,42.2536123567514,False,False,46.17,84803,46.17|44.1101150406504|41,84803|10.6171003717472|5712|32.4052044609665|17434,MONTH_TO_DATE
06_junio.xlsx,Daily,,,2025-06-30,0.0810101,0.0810101,False,False,,38.7545460666667,,38.7545460666667|1162.636382|0|0|0,TODAY
06_junio.xlsx,Daily,,,2025-06-30,0.237314814833333,0.237314814833333,False,False,0.0810101,46.17,0.0810101,46.17|1228.92782892818|0|0|0,TODAY
06_junio.xlsx,Daily,,,2024-06-30,0.296666666666667,0.296666666666667,False,False,0.237314814833333,41,0.237314814833333|0.0810101,41|1804|0|0|0,MONTH_TO_DATE
06_junio.xlsx,Daily,,,2025-06-30,0.336574836222222,0.336574836222222,False,False,Occupancy,44.1101150406504,Occupancy|0.296666666666667|0.237314814833333,44.1101150406504|92234.25055|9.74977557349398|4046.156863|34.2679079807229,TODAY
06_junio.xlsx,Daily,,,2025-06-30,0.4160209402,0.4160209402,False,False,0.336574836222222,46.17,0.336574836222222|Occupancy|0.296666666666667,46.17|110339.202339421|16.1595|8366.61409668206|30.0105,TODAY
06_junio.xlsx,Daily,,,2024-06-30,0.6662564103,0.6662564103,False,False,0.4160209402,42.2536123567514,0.4160209402|0.336574836222222|Occupancy,42.2536123567514|84803|10.6171003717472|5712|32.4052044609665,MONTH_TO_DATE
06_junio.xlsx,Daily,,,2025-06-30,14.581818,14.581818,False,False,,0.0810101,,0.0810101|38.7545460666667|1162.636382|0|0,TODAY
06_junio.xlsx,Daily,,,2025-06-30,42.71666667,42.71666667,False,False,14.581818,0.237314814833333,14.581818,0.237314814833333|46.17|1228.92782892818|0|0,TODAY
06_junio.xlsx,Daily,,,2024-06-30,53.4,53.4,False,False,42.71666667,0.296666666666667,42.71666667|14.581818,0.296666666666667|41|1804|0|0,MONTH_TO_DATE
06_junio.xlsx,Daily,,,2025-06-30,1817.5041156,1817.5041156,False,False,Total Covers,0.336574836222222,Total Covers|53.4|42.71666667,0.336574836222222|44.1101150406504|92234.25055|9.74977557349398|4046.156863,TODAY
06_junio.xlsx,Daily,,,2025-06-30,1281.5,1281.5,False,False,1817.5041156,0.4160209402,1817.5041156|Total Covers|53.4,0.4160209402|46.17|110339.202339421|16.1595|8366.61409668206,TODAY
06_junio.xlsx,Daily,,,2024-06-30,2598.4,2598.4,False,False,1281.5,0.6662564103,1281.5|1817.5041156|Total Covers,0.6662564103|42.2536123567514|84803|10.6171003717472|5712,MONTH_TO_DATE
06_junio.xlsx,Daily,,,2025-06-30,72.90909,72.90909,False,False,,14.581818,,14.581818|0.0810101|38.7545460666667|1162.636382|0,TODAY
06_junio.xlsx,Daily,,,2025-06-30,308.729857819905,308.729857819905,False,False,72.90909,42.71666667,72.90909,42.71666667|0.237314814833333|46.17|1228.92782892818|0,TODAY
06_junio.xlsx,Daily,,,2024-06-30,268,268.0,False,False,308.729857819905,53.4,308.729857819905|72.90909,53.4|0.296666666666667|41|1804|0,MONTH_TO_DATE
06_junio.xlsx,Daily,,,2025-06-30,9087.520578,9087.520578,False,False,Total Revenue,1817.5041156,Total Revenue|268|308.729857819905,1817.5041156|0.336574836222222|44.1101150406504|92234.25055|9.74977557349398,TODAY
06_junio.xlsx,Daily,,,2025-06-30,21714,21714.0,False,False,9087.520578,1281.5,9087.520578|Total Revenue|268,1281.5|0.4160209402|46.17|110339.202339421|16.1595,TODAY
06_junio.xlsx,Daily,,,2024-06-30,12992,12992.0,False,False,21714,2598.4,21714|9087.520578|Total Revenue,2598.4|0.6662564103|42.2536123567514|84803|10.6171003717472,MONTH_TO_DATE
06_junio.xlsx,Daily,,,2025-06-30,5,5.0,False,False,,72.90909,,72.90909|14.581818|0.0810101|38.7545460666667|1162.636382,TODAY
06_junio.xlsx,Daily,,,2025-06-30,7.22738644859494,7.22738644859494,False,False,5,308.729857819905,5,308.729857819905|42.71666667|0.237314814833333|46.17|1228.92782892818,TODAY
06_junio.xlsx,Daily,,,2024-06-30,5.0187265917603,5.0187265917603,False,False,7.22738644859494,268,7.22738644859494|5,268|53.4|0.296666666666667|41|1804,MONTH_TO_DATE
06_junio.xlsx,Daily,,,2025-06-30,5,5.0,False,False,Avg.cover,9087.520578,Avg.cover|5.0187265917603|7.22738644859494,9087.520578|1817.5041156|0.336574836222222|44.1101150406504|92234.25055,TODAY
06_junio.xlsx,Daily,,,2025-06-30,16.9442060085837,16.9442060085837,False,False,5,21714,5|Avg.cover|5.0187265917603,21714|1281.5|0.4160209402|46.17|110339.202339421,TODAY
06_junio.xlsx,Daily,,,2024-06-30,5,5.0,False,False,16.9442060085837,12992,16.9442060085837|5|Avg.cover,12992|2598.4|0.6662564103|42.2536123567514|84803,MONTH_TO_DATE
06_junio.xlsx,Daily,,,2025-06-30,0,0.0,False,False,,5,,5|72.90909|14.581818|0.0810101|38.7545460666667,TODAY
06_junio.xlsx,Daily,,,2025-06-30,123.491943127962,123.491943127962,False,False,0,7.22738644859494,0,7.22738644859494|308.729857819905|42.71666667|0.237314814833333|46.17,TODAY
06_junio.xlsx,Daily,,,2024-06-30,64,64.0,False,False,123.491943127962,5.0187265917603,123.491943127962|0,5.0187265917603|268|53.4|0.296666666666667|41,MONTH_TO_DATE
06_junio.xlsx,Daily,,,2025-06-30,3143.654602,3143.654602,False,False,Food Revenue,5,Food Revenue|64|123.491943127962,5|9087.520578|1817.5041156|0.336574836222222|44.1101150406504,TODAY
06_junio.xlsx,Daily,,,2025-06-30,8685.6,8685.6,False,False,3143.654602,16.9442060085837,3143.654602|Food Revenue|64,16.9442060085837|21714|1281.5|0.4160209402|46.17,TODAY
06_junio.xlsx,Daily,,,2024-06-30,4628,4628.0,False,False,8685.6,5,8685.6|3143.654602|Food Revenue,5|12992|2598.4|0.6662564103|42.2536123567514,MONTH_TO_DATE
06_junio.xlsx,Daily,,,2025-06-30,0,0.0,False,False,,0,,0|5|72.90909|14.581818|0.0810101,TODAY
06_junio.xlsx,Daily,,,2025-06-30,2.89095457943798,2.89095457943798,False,False,0,123.491943127962,0,123.491943127962|7.22738644859494|308.729857819905|42.71666667|0.237314814833333,TODAY
06_junio.xlsx,Daily,,,2024-06-30,1.19850187265918,1.19850187265918,False,False,2.89095457943798,64,2.89095457943798|0,64|5.0187265917603|268|53.4|0.296666666666667,MONTH_TO_DATE
06_junio.xlsx,Daily,,,2025-06-30,1.72965473641429,1.72965473641429,False,False,Avg.Spend FD / cover,3143.654602,Avg.Spend FD / cover|1.19850187265918|2.89095457943798,3143.654602|5|9087.520578|1817.5041156|0.336574836222222,TODAY
06_junio.xlsx,Daily,,,2025-06-30,6.77768240343348,6.77768240343348,False,False,1.72965473641429,8685.6,1.72965473641429|Avg.Spend FD / cover|1.19850187265918,8685.6|16.9442060085837|21714|1281.5|0.4160209402,TODAY
06_junio.xlsx,Daily,,,2024-06-30,1.7810960591133,1.7810960591133,False,False,6.77768240343348,4628,6.77768240343348|1.72965473641429|Avg.Spend FD / cover,4628|5|12992|2598.4|0.6662564103,MONTH_TO_DATE
06_junio.xlsx,Daily,,,2025-06-30,72.90909,72.90909,False,False,,0,,0|0|5|72.90909|14.581818,TODAY
06_junio.xlsx,Daily,,,2025-06-30,185.237914691943,185.237914691943,False,False,72.90909,2.89095457943798,72.90909,2.89095457943798|123.491943127962|7.22738644859494|308.729857819905|42.71666667,TODAY
06_junio.xlsx,Daily,,,2024-06-30,204,204.0,False,False,185.237914691943,1.19850187265918,185.237914691943|72.90909,1.19850187265918|64|5.0187265917603|268|53.4,MONTH_TO_DATE
06_junio.xlsx,Daily,,,2025-06-30,5943.865976,5943.865976,False,False,Beverage Revenue,1.72965473641429,Beverage Revenue|204|185.237914691943,1.72965473641429|3143.654602|5|9087.520578|1817.5041156,TODAY
06_junio.xlsx,Daily,,,2025-06-30,13028.4,13028.4,False,False,5943.865976,6.77768240343348,5943.865976|Beverage Revenue|204,6.77768240343348|8685.6|16.9442060085837|21714|1281.5,TODAY
06_junio.xlsx,Daily,,,2024-06-30,8364,8364.0,False,False,13028.4,1.7810960591133,13028.4|5943.865976|Beverage Revenue,1.7810960591133|4628|5|12992|2598.4,MONTH_TO_DATE
06_junio.xlsx,Daily,,,2025-06-30,5,5.0,False,False,,72.90909,,72.90909|0|0|5|72.90909,TODAY
06_junio.xlsx,Daily,,,2025-06-30,4.33643186915697,4.33643186915697,False,False,5,185.237914691943,5,185.237914691943|2.89095457943798|123.491943127962|7.22738644859494|308.729857819905,TODAY
06_junio.xlsx,Daily,,,2024-06-30,3.82022471910112,3.82022471910112,False,False,4.33643186915697,204,4.33643186915697|5,204|1.19850187265918|64|5.0187265917603|268,MONTH_TO_DATE
06_junio.xlsx,Daily,,,2025-06-30,3.27034526358571,3.27034526358571,False,False,Avg.Spend BV / cover,5943.865976,Avg.Spend BV / cover|3.82022471910112|4.33643186915697,5943.865976|1.72965473641429|3143.654602|5|9087.520578,TODAY
06_junio.xlsx,Daily,,,2025-06-30,10.1665236051502,10.1665236051502,False,False,3.27034526358571,13028.4,3.27034526358571|Avg.Spend BV / cover|3.82022471910112,13028.4|6.77768240343348|8685.6|16.9442060085837|21714,TODAY
06_junio.xlsx,Daily,,,2024-06-30,3.2189039408867,3.2189039408867,False,False,10.1665236051502,8364,10.1665236051502|3.27034526358571|Avg.Spend BV / cover,8364|1.7810960591133|4628|5|12992,MONTH_TO_DATE
06_junio.xlsx,Daily,,,2025-06-30,72.90909,72.90909,False,False,,5,,5|72.90909|0|0|5,TODAY
06_junio.xlsx,Daily,,,2025-06-30,308.729857819905,308.729857819905,False,False,72.90909,4.33643186915697,72.90909,4.33643186915697|185.237914691943|2.89095457943798|123.491943127962|7.22738644859494,TODAY
06_junio.xlsx,Daily,,,2024-06-30,268,268.0,False,False,308.729857819905,3.82022471910112,308.729857819905|72.90909,3.82022471910112|204|1.19850187265918|64|5.0187265917603,MONTH_TO_DATE
06_junio.xlsx,Daily,,,2025-06-30,9087.520578,9087.520578,False,False,TOTAL BER REV,3.27034526358571,TOTAL BER REV|268|308.729857819905,3.27034526358571|5943.865976|1.72965473641429|3143.654602|5,TODAY
06_junio.xlsx,Daily,,,2025-06-30,21714,21714.0,False,False,9087.520578,10.1665236051502,9087.520578|TOTAL BER REV|268,10.1665236051502|13028.4|6.77768240343348|8685.6|16.9442060085837,TODAY
06_junio.xlsx,Daily,,,2024-06-30,12992,12992.0,False,False,21714,3.2189039408867,21714|9087.520578|TOTAL BER REV,3.2189039408867|8364|1.7810960591133|4628|5,MONTH_TO_DATE
06_junio.xlsx,Daily,,,2025-06-30,0,0.0,False,False,,72.90909,,72.90909|5|72.90909|0|0,TODAY
06_junio.xlsx,Daily,,,2025-06-30,14.6666666666667,14.6666666666667,False,False,0,308.729857819905,0,308.729857819905|4.33643186915697|185.237914691943|2.89095457943798|123.491943127962,TODAY
06_junio.xlsx,Daily,,,2024-06-30,0,0.0,False,False,14.6666666666667,268,14.6666666666667|0,268|3.82022471910112|204|1.19850187265918|64,MONTH_TO_DATE
06_junio.xlsx,Daily,,,2025-06-30,272,272.0,False,False,Total Pax,9087.520578,Total Pax|0|14.6666666666667,9087.520578|3.27034526358571|5943.865976|1.72965473641429|3143.654602,TODAY
06_junio.xlsx,Daily,,,2025-06-30,440,440.0,False,False,272,21714,272|Total Pax|0,21714|10.1665236051502|13028.4|6.77768240343348|8685.6,TODAY
06_junio.xlsx,Daily,,,2024-06-30,18,18.0,False,False,440,12992,440|272|Total Pax,12992|3.2189039408867|8364|1.7810960591133|4628,MONTH_TO_DATE
06_junio.xlsx,Daily,,,2025-06-30,0,0.0,False,False,,0,,0|72.90909|5|72.90909|0,TODAY
06_junio.xlsx,Daily,,,2025-06-30,0.1,0.1,False,False,0,14.6666666666667,0,14.6666666666667|308.729857819905|4.33643186915697|185.237914691943|2.89095457943798,TODAY
06_junio.xlsx,Daily,,,2024-06-30,0,0.0,False,False,0.1,0,0.1|0,0|268|3.82022471910112|204|1.19850187265918,MONTH_TO_DATE
06_junio.xlsx,Daily,,,2025-06-30,5,5.0,False,False,# Events,272,# Events|0|0.1,272|9087.520578|3.27034526358571|5943.865976|1.72965473641429,TODAY
06_junio.xlsx,Daily,,,2025-06-30,3,3.0,False,False,5,440,5|# Events|0,440|21714|10.1665236051502|13028.4|6.77768240343348,TODAY
06_junio.xlsx,Daily,,,2024-06-30,5,5.0,False,False,3,18,3|5|# Events,18|12992|3.2189039408867|8364|1.7810960591133,MONTH_TO_DATE
06_junio.xlsx,Daily,,,2025-06-30,0,0.0,False,False,,0,,0|0|72.90909|5|72.90909,TODAY
06_junio.xlsx,Daily,,,2024-06-30,0,0.0,False,False,2053.33333333333,0,2053.33333333333|0,0|0|268|3.82022471910112|204,MONTH_TO_DATE
06_junio.xlsx,Daily,,,2025-06-30,23110.042912,23110.042912,False,False,Total Revenue F&B,5,Total Revenue F&B|0|2053.33333333333,5|272|9087.520578|3.27034526358571|5943.865976,TODAY
06_junio.xlsx,Daily,,,2025-06-30,61600,61600.0,False,False,23110.042912,3,23110.042912|Total Revenue F&B|0,3|440|21714|10.1665236051502|13028.4,TODAY
06_junio.xlsx,Daily,,,2024-06-30,697,697.0,False,False,61600,5,61600|23110.042912|Total Revenue F&B,5|18|12992|3.2189039408867|8364,MONTH_TO_DATE
06_junio.xlsx,Daily,,,2025-06-30,0,0.0,False,False,,0,,0|0|0|72.90909|5,TODAY
06_junio.xlsx,Daily,,,2025-06-30,140,140.0,False,False,0,2053.33333333333,0,2053.33333333333|0.1|14.6666666666667|308.729857819905|4.33643186915697,TODAY
06_junio.xlsx,Daily,,,2024-06-30,0,0.0,False,False,140,0,140|0,0|0|0|268|3.82022471910112,MONTH_TO_DATE
06_junio.xlsx,Daily,,,2025-06-30,84.9633930588235,84.9633930588235,False,False,Avg.pax,23110.042912,Avg.pax|0|140,23110.042912|5|272|9087.520578|3.27034526358571,TODAY
06_junio.xlsx,Daily,,,2025-06-30,140,140.0,False,False,84.9633930588235,61600,84.9633930588235|Avg.pax|0,61600|3|440|21714|10.1665236051502,TODAY
06_junio.xlsx,Daily,,,2024-06-30,0,0.0,False,False,140,697,140|84.9633930588235|Avg.pax,697|5|18|12992|3.2189039408867,MONTH_TO_DATE
06_junio.xlsx,Daily,,,2025-06-30,0,0.0,False,False,,0,,0|0|0|0|72.90909,TODAY
06_junio.xlsx,Daily,,,2025-06-30,0,0.0,False,False,0,140,0,140|2053.33333333333|0.1|14.6666666666667|308.729857819905,TODAY
06_junio.xlsx,Daily,,,2024-06-30,0,0.0,False,False,0,0,0|0,0|0|0|0|268,MONTH_TO_DATE
06_junio.xlsx,Daily,,,2025-06-30,624.7938,624.7938,False,False,Room Rental,84.9633930588235,Room Rental|0|0,84.9633930588235|23110.042912|5|272|9087.520578,TODAY
06_junio.xlsx,Daily,,,2025-06-30,0,0.0,False,False,624.7938,140,624.7938|Room Rental|0,140|61600|3|440|21714,TODAY
06_junio.xlsx,Daily,,,2024-06-30,0,0.0,False,False,0,0,0|624.7938|Room Rental,0|697|5|18|12992,MONTH_TO_DATE
06_junio.xlsx,Daily,,,2025-06-30,0,0.0,False,False,,0,,0|0|0|0|0,TODAY
06_junio.xlsx,Daily,,,2025-06-30,0,0.0,False,False,0,0,0,0|140|2053.33333333333|0.1|14.6666666666667,TODAY
06_junio.xlsx,Daily,,,2025-06-30,1239.6694,1239.6694,False,False,Other Revenue,624.7938,Other Revenue|0|0,624.7938|84.9633930588235|23110.042912|5|272,TODAY
06_junio.xlsx,Daily,,,2025-06-30,0,0.0,False,False,1239.6694,0,1239.6694|Other Revenue|0,0|140|61600|3|440,TODAY
06_junio.xlsx,Daily,,,2024-06-30,0,0.0,False,False,0,0,0|1239.6694|Other Revenue,0|0|697|5|18,MONTH_TO_DATE
06_junio.xlsx,Daily,,,2025-06-30,0,0.0,False,False,,0,,0|0|0|0|0,TODAY
06_junio.xlsx,Daily,,,2024-06-30,0,0.0,False,False,2053.33333333333,0,2053.33333333333|0,0|0|0|0|0,MONTH_TO_DATE
06_junio.xlsx,Daily,,,2025-06-30,24974.506112,24974.506112,False,False,Total Weddings Rev.,1239.6694,Total Weddings Rev.|0|2053.33333333333,1239.6694|624.7938|84.9633930588235|23110.042912|5,TODAY
06_junio.xlsx,Daily,,,2025-06-30,61600,61600.0,False,False,24974.506112,0,24974.506112|Total Weddings Rev.|0,0|0|140|61600|3,TODAY
06_junio.xlsx,Daily,,,2024-06-30,697,697.0,False,False,61600,0,61600|24974.506112|Total Weddings Rev.,0|0|0|697|5,MONTH_TO_DATE
06_junio.xlsx,Daily,,,2025-06-30,0,0.0,False,False,,0,,0|0|0|0|0,TODAY
06_junio.xlsx,Daily,,,2025-06-30,38.16666667,38.16666667,False,False,0,2053.33333333333,0,2053.33333333333|0|0|140|2053.33333333333,TODAY
06_junio.xlsx,Daily,,,2024-06-30,0,0.0,False,False,38.16666667,0,38.16666667|0,0|0|0|0|0,MONTH_TO_DATE
06_junio.xlsx,Daily,,,2025-06-30,424,424.0,False,False,Total Pax,24974.506112,Total Pax|0|38.16666667,24974.506112|1239.6694|624.7938|84.9633930588235|23110.042912,TODAY
06_junio.xlsx,Daily,,,2025-06-30,1145,1145.0,False,False,424,61600,424|Total Pax|0,61600|0|0|140|61600,TODAY
06_junio.xlsx,Daily,,,2024-06-30,494,494.0,False,False,1145,697,1145|424|Total Pax,697|0|0|0|697,MONTH_TO_DATE
06_junio.xlsx,Daily,,,2025-06-30,0,0.0,False,False,,0,,0|0|0|0|0,TODAY
06_junio.xlsx,Daily,,,2024-06-30,0,0.0,False,False,0,0,0,0|0|0|0|0,MONTH_TO_DATE
06_junio.xlsx,Daily,,,2025-06-30,8,8.0,False,False,# Events,424,# Events|0|0,424|24974.506112|1239.6694|624.7938|84.9633930588235,TODAY
06_junio.xlsx,Daily,,,2025-06-30,30,30.0,False,False,8,1145,8|# Events|0,1145|61600|0|0|140,TODAY
06_junio.xlsx,Daily,,,2024-06-30,12,12.0,False,False,30,494,30|8|# Events,494|697|0|0|0,MONTH_TO_DATE
06_junio.xlsx,Daily,,,2025-06-30,0,0.0,False,False,,0,,0|0|0|0|0,TODAY
06_junio.xlsx,Daily,,,2025-06-30,1871.833333,1871.833333,False,False,0,38.16666667,0,38.16666667|2053.33333333333|0|0|140,TODAY
06_junio.xlsx,Daily,,,2024-06-30,0,0.0,False,False,1871.833333,0,1871.833333|0,0|0|0|0|0,MONTH_TO_DATE
06_junio.xlsx,Daily,,,2025-06-30,36203.311832,36203.311832,False,False,Total Revenue F&B,8,Total Revenue F&B|0|1871.833333,8|424|24974.506112|1239.6694|624.7938,TODAY
06_junio.xlsx,Daily,,,2025-06-30,56155,56155.0,False,False,36203.311832,30,36203.311832|Total Revenue F&B|0,30|1145|61600|0|0,TODAY
06_junio.xlsx,Daily,,,2024-06-30,24068,24068.0,False,False,56155,12,56155|36203.311832|Total Revenue F&B,12|494|697|0|0,MONTH_TO_DATE
06_junio.xlsx,Daily,,,2025-06-30,0,0.0,False,False,,0,,0|0|0|0|0,TODAY
06_junio.xlsx,Daily,,,2025-06-30,49.0436681092538,49.0436681092538,False,False,0,1871.833333,0,1871.833333|38.16666667|2053.33333333333|0|0,TODAY
06_junio.xlsx,Daily,,,2024-06-30,0,0.0,False,False,49.0436681092538,0,49.0436681092538|0,0|0|0|0|0,MONTH_TO_DATE
06_junio.xlsx,Daily,,,2025-06-30,85.3851694150943,85.3851694150943,False,False,Avg.pax,36203.311832,Avg.pax|0|49.0436681092538,36203.311832|8|424|24974.506112|1239.6694,TODAY
06_junio.xlsx,Daily,,,2025-06-30,49.0436681222707,49.0436681222707,False,False,85.3851694150943,56155,85.3851694150943|Avg.pax|0,56155|30|1145|61600|0,TODAY
06_junio.xlsx,Daily,,,2024-06-30,48.7206477732794,48.7206477732794,False,False,49.0436681222707,24068,49.0436681222707|85.3851694150943|Avg.pax,24068|12|494|697|0,MONTH_TO_DATE
06_junio.xlsx,Daily,,,2025-06-30,0,0.0,False,False,,0,,0|0|0|0|0,TODAY
06_junio.xlsx,Daily,,,2025-06-30,33.3333333333333,33.3333333333333,False,False,0,49.0436681092538,0,49.0436681092538|1871.833333|38.16666667|2053.33333333333|0,TODAY
06_junio.xlsx,Daily,,,2024-06-30,0,0.0,False,False,33.3333333333333,0,33.3333333333333|0,0|0|0|0|0,MONTH_TO_DATE
06_junio.xlsx,Daily,,,2025-06-30,1175.2066,1175.2066,False,False,Room Rental,85.3851694150943,Room Rental|0|33.3333333333333,85.3851694150943|36203.311832|8|424|24974.506112,TODAY
06_junio.xlsx,Daily,,,2025-06-30,1000,1000.0,False,False,1175.2066,49.0436681222707,1175.2066|Room Rental|0,49.0436681222707|56155|30|1145|61600,TODAY
06_junio.xlsx,Daily,,,2024-06-30,0,0.0,False,False,1000,48.7206477732794,1000|1175.2066|Room Rental,48.7206477732794|24068|12|494|697,MONTH_TO_DATE
06_junio.xlsx,Daily,,,2025-06-30,0,0.0,False,False,,0,,0|0|0|0|0,TODAY
06_junio.xlsx,Daily,,,2025-06-30,6.66666666666667,6.66666666666667,False,False,0,33.3333333333333,0,33.3333333333333|49.0436681092538|1871.833333|38.16666667|2053.33333333333,TODAY
06_junio.xlsx,Daily,,,2025-06-30,5999.995,5999.995,False,False,Other Revenue,1175.2066,Other Revenue|6.66666666666667|0,1175.2066|85.3851694150943|36203.311832|8|424,TODAY
06_junio.xlsx,Daily,,,2025-06-30,200,200.0,False,False,5999.995,1000,5999.995|Other Revenue|6.66666666666667,1000|49.0436681222707|56155|30|1145,TODAY
06_junio.xlsx,Daily,,,2024-06-30,0,0.0,False,False,200,0,200|5999.995|Other Revenue,0|48.7206477732794|24068|12|494,MONTH_TO_DATE
06_junio.xlsx,Daily,,,2025-06-30,0,0.0,False,False,,0,,0|0|0|0|0,TODAY
06_junio.xlsx,Daily,,,2024-06-30,0,0.0,False,False,1911.833333,0,1911.833333|0,0|0|0|0|0,MONTH_TO_DATE
06_junio.xlsx,Daily,,,2025-06-30,43378.513432,43378.513432,False,False,Total MICE Rev.,5999.995,Total MICE Rev.|0|1911.833333,5999.995|1175.2066|85.3851694150943|36203.311832|8,TODAY
06_junio.xlsx,Daily,,,2025-06-30,57355,57355.0,False,False,43378.513432,200,43378.513432|Total MICE Rev.|0,200|1000|49.0436681222707|56155|30,TODAY
06_junio.xlsx,Daily,,,2024-06-30,24068,24068.0,False,False,57355,0,57355|43378.513432|Total MICE Rev.,0|0|48.7206477732794|24068|12,MONTH_TO_DATE
06_junio.xlsx,Daily,,,2025-06-30,108,108.0,False,False,,0,,0|0|0|0|0,TODAY
06_junio.xlsx,Daily,,,2025-06-30,44.6666666666667,44.6666666666667,False,False,108,1911.833333,108,1911.833333|6.66666666666667|33.3333333333333|49.0436681092538|1871.833333,TODAY
06_junio.xlsx,Daily,,,2024-06-30,0,0.0,False,False,44.6666666666667,0,44.6666666666667|108,0|0|0|0|0,MONTH_TO_DATE
06_junio.xlsx,Daily,,,2025-06-30,682,682.0,False,False,Total Pax,43378.513432,Total Pax|0|44.6666666666667,43378.513432|5999.995|1175.2066|85.3851694150943|36203.311832,TODAY
06_junio.xlsx,Daily,,,2025-06-30,1340,1340.0,False,False,682,57355,682|Total Pax|0,57355|200|1000|49.0436681222707|56155,TODAY
06_junio.xlsx,Daily,,,2024-06-30,1137,1137.0,False,False,1340,24068,1340|682|Total Pax,24068|0|0|48.7206477732794|24068,MONTH_TO_DATE
06_junio.xlsx,Daily,,,2025-06-30,5,5.0,False,False,,108,,108|0|0|0|0,TODAY
06_junio.xlsx,Daily,,,2025-06-30,1.33333333333333,1.33333333333333,False,False,5,44.6666666666667,5,44.6666666666667|1911.833333|6.66666666666667|33.3333333333333|49.0436681092538,TODAY
06_junio.xlsx,Daily,,,2024-06-30,0,0.0,False,False,1.33333333333333,0,1.33333333333333|5,0|0|0|0|0,MONTH_TO_DATE
06_junio.xlsx,Daily,,,2025-06-30,31,31.0,False,False,# Events,682,# Events|0|1.33333333333333,682|43378.513432|5999.995|1175.2066|85.3851694150943,TODAY
06_junio.xlsx,Daily,,,2025-06-30,40,40.0,False,False,31,1340,31|# Events|0,1340|57355|200|1000|49.0436681222707,TODAY
06_junio.xlsx,Daily,,,2024-06-30,41,41.0,False,False,40,1137,40|31|# Events,1137|24068|0|0|48.7206477732794,MONTH_TO_DATE
06_junio.xlsx,Daily,,,2025-06-30,5139.09089,5139.09089,False,False,,5,,5|108|0|0|0,TODAY
06_junio.xlsx,Daily,,,2025-06-30,2427.66666666667,2427.66666666667,False,False,5139.09089,1.33333333333333,5139.09089,1.33333333333333|44.6666666666667|1911.833333|6.66666666666667|33.3333333333333,TODAY
06_junio.xlsx,Daily,,,2024-06-30,0,0.0,False,False,2427.66666666667,0,2427.66666666667|5139.09089,0|0|0|0|0,MONTH_TO_DATE
06_junio.xlsx,Daily,,,2025-06-30,36897.584208,36897.584208,False,False,Total Revenue F&B,31,Total Revenue F&B|0|2427.66666666667,31|682|43378.513432|5999.995|1175.2066,TODAY
06_junio.xlsx,Daily,,,2025-06-30,72830,72830.0,False,False,36897.584208,40,36897.584208|Total Revenue F&B|0,40|1340|57355|200|1000,TODAY
06_junio.xlsx,Daily,,,2024-06-30,43390,43390.0,False,False,72830,41,72830|36897.584208|Total Revenue F&B,41|1137|24068|0|0,MONTH_TO_DATE
06_junio.xlsx,Daily,,,2025-06-30,47.5841749074074,47.5841749074074,False,False,,5139.09089,,5139.09089|5|108|0|0,TODAY
06_junio.xlsx,Daily,,,2025-06-30,54.3507462686567,54.3507462686567,False,False,47.5841749074074,2427.66666666667,47.5841749074074,2427.66666666667|1.33333333333333|44.6666666666667|1911.833333|6.66666666666667,TODAY
06_junio.xlsx,Daily,,,2024-06-30,0,0.0,False,False,54.3507462686567,0,54.3507462686567|47.5841749074074,0|0|0|0|0,MONTH_TO_DATE
06_junio.xlsx,Daily,,,2025-06-30,54.1020296304985,54.1020296304985,False,False,Avg.pax,36897.584208,Avg.pax|0|54.3507462686567,36897.584208|31|682|43378.513432|5999.995,TODAY
06_junio.xlsx,Daily,,,2025-06-30,54.3507462686567,54.3507462686567,False,False,54.1020296304985,72830,54.1020296304985|Avg.pax|0,72830|40|1340|57355|200,TODAY
06_junio.xlsx,Daily,,,2024-06-30,43.4072771,43.4072771,False,False,54.3507462686567,43390,54.3507462686567|54.1020296304985|Avg.pax,43390|41|1137|24068|0,MONTH_TO_DATE
06_junio.xlsx,Daily,,,2025-06-30,0,0.0,False,False,,47.5841749074074,,47.5841749074074|5139.09089|5|108|0,TODAY
06_junio.xlsx,Daily,,,2025-06-30,0,0.0,False,False,0,54.3507462686567,0,54.3507462686567|2427.66666666667|1.33333333333333|44.6666666666667|1911.833333,TODAY
06_junio.xlsx,Daily,,,2024-06-30,0,0.0,False,False,0,0,0|0,0|0|0|0|0,MONTH_TO_DATE
06_junio.xlsx,Daily,,,2025-06-30,0,0.0,False,False,Room Rental,54.1020296304985,Room Rental|0|0,54.1020296304985|36897.584208|31|682|43378.513432,TODAY
06_junio.xlsx,Daily,,,2025-06-30,0,0.0,False,False,0,54.3507462686567,0|Room Rental|0,54.3507462686567|72830|40|1340|57355,TODAY
06_junio.xlsx,Daily,,,2024-06-30,0,0.0,False,False,0,43.4072771,0|0|Room Rental,43.4072771|43390|41|1137|24068,MONTH_TO_DATE
06_junio.xlsx,Daily,,,2025-06-30,0,0.0,False,False,,0,,0|47.5841749074074|5139.09089|5|108,TODAY
06_junio.xlsx,Daily,,,2025-06-30,0,0.0,False,False,0,0,0,0|54.3507462686567|2427.66666666667|1.33333333333333|44.6666666666667,TODAY
06_junio.xlsx,Daily,,,2025-06-30,0,0.0,False,False,Other Revenue,0,Other Revenue|0|0,0|54.1020296304985|36897.584208|31|682,TODAY
06_junio.xlsx,Daily,,,2025-06-30,0,0.0,False,False,0,0,0|Other Revenue|0,0|54.3507462686567|72830|40|1340,TODAY
06_junio.xlsx,Daily,,,2024-06-30,0,0.0,False,False,0,0,0|0|Other Revenue,0|43.4072771|43390|41|1137,MONTH_TO_DATE
06_junio.xlsx,Daily,,,2025-06-30,5139.09089,5139.09089,False,False,,0,,0|0|47.5841749074074|5139.09089|5,TODAY
06_junio.xlsx,Daily,,,2025-06-30,2427.66666666667,2427.66666666667,False,False,5139.09089,0,5139.09089,0|0|54.3507462686567|2427.66666666667|1.33333333333333,TODAY
06_junio.xlsx,Daily,,,2024-06-30,0,0.0,False,False,2427.66666666667,0,2427.66666666667|5139.09089,0|0|0|0|0,MONTH_TO_DATE
06_junio.xlsx,Daily,,,2025-06-30,36897.584208,36897.584208,False,False,Total Individuals Rev.,0,Total Individuals Rev.|0|2427.66666666667,0|0|54.1020296304985|36897.584208|31,TODAY
06_junio.xlsx,Daily,,,2025-06-30,72830,72830.0,False,False,36897.584208,0,36897.584208|Total Individuals Rev.|0,0|0|54.3507462686567|72830|40,TODAY
06_junio.xlsx,Daily,,,2024-06-30,43390,43390.0,False,False,72830,0,72830|36897.584208|Total Individuals Rev.,0|0|43.4072771|43390|41,MONTH_TO_DATE
06_junio.xlsx,Daily,,,2025-06-30,5139.09089,5139.09089,False,False,,5139.09089,,5139.09089|0|0|47.5841749074074|5139.09089,TODAY
06_junio.xlsx,Daily,,,2025-06-30,6392.833333,6392.833333,False,False,5139.09089,2427.66666666667,5139.09089,2427.66666666667|0|0|54.3507462686567|2427.66666666667,TODAY
06_junio.xlsx,Daily,,,2024-06-30,0,0.0,False,False,6392.833333,0,6392.833333|5139.09089,0|0|0|0|0,MONTH_TO_DATE
06_junio.xlsx,Daily,,,2025-06-30,105250.603752,105250.603752,False,False,TOTAL BANQUETING,36897.584208,TOTAL BANQUETING|0|6392.833333,36897.584208|0|0|54.1020296304985|36897.584208,TODAY
06_junio.xlsx,Daily,,,2025-06-30,191785,191785.0,False,False,105250.603752,72830,105250.603752|TOTAL BANQUETING|0,72830|0|0|54.3507462686567|72830,TODAY
06_junio.xlsx,Daily,,,2024-06-30,68155,68155.0,False,False,191785,43390,191785|105250.603752|TOTAL BANQUETING,43390|0|0|43.4072771|43390,MONTH_TO_DATE
06_junio.xlsx,Daily,,,2025-06-30,6374.636362,6374.636362,False,False,,5139.09089,,5139.09089|5139.09089|0|0|47.5841749074074,TODAY
06_junio.xlsx,Daily,,,2025-06-30,7930.49101974809,7930.49101974809,False,False,6374.636362,6392.833333,6374.636362,6392.833333|2427.66666666667|0|0|54.3507462686567,TODAY
06_junio.xlsx,Daily,,,2025-06-30,206572.37488,206572.37488,False,False,TOTAL F&B,105250.603752,TOTAL F&B|2072|7930.49101974809,105250.603752|36897.584208|0|0|54.1020296304985,TODAY
06_junio.xlsx,Daily,,,2025-06-30,323838.202339421,323838.202339421,False,False,206572.37488,191785,206572.37488|TOTAL F&B|2072,191785|72830|0|0|54.3507462686567,TODAY
06_junio.xlsx,Daily,,,2024-06-30,165950,165950.0,False,False,323838.202339421,68155,323838.202339421|206572.37488|TOTAL F&B,68155|43390|0|0|43.4072771,MONTH_TO_DATE
06_junio.xlsx,Daily,,,2025-06-30,41.157033,41.157033,False,False,,6374.636362,,6374.636362|5139.09089|5139.09089|0|0,TODAY
06_junio.xlsx,Daily,,,2025-06-30,80.9387583375598,80.9387583375598,False,False,41.157033,7930.49101974809,41.157033,7930.49101974809|6392.833333|2427.66666666667|0|0,TODAY
06_junio.xlsx,Daily,,,2024-06-30,0,0.0,False,False,80.9387583375598,2072,80.9387583375598|41.157033,2072|0|0|0|0,MONTH_TO_DATE
06_junio.xlsx,Daily,,,2025-06-30,3829.768299,3829.768299,False,False,Wine Revenue,206572.37488,Wine Revenue|0|80.9387583375598,206572.37488|105250.603752|36897.584208|0|0,TODAY
06_junio.xlsx,Daily,,,2025-06-30,2428.16275012679,2428.16275012679,False,False,3829.768299,323838.202339421,3829.768299|Wine Revenue|0,323838.202339421|191785|72830|0|0,TODAY
06_junio.xlsx,Daily,,,2024-06-30,3050,3050.0,False,False,2428.16275012679,165950,2428.16275012679|3829.768299|Wine Revenue,165950|68155|43390|0|0,MONTH_TO_DATE
06_junio.xlsx,Daily,,,2025-06-30,296.520668,296.520668,False,False,,41.157033,,41.157033|6374.636362|5139.09089|5139.09089|0,TODAY
06_junio.xlsx,Daily,,,2025-06-30,626.482909806792,626.482909806792,False,False,296.520668,80.9387583375598,296.520668,80.9387583375598|7930.49101974809|6392.833333|2427.66666666667|0,TODAY
06_junio.xlsx,Daily,,,2024-06-30,17,17.0,False,False,626.482909806792,0,626.482909806792|296.520668,0|2072|0|0|0,MONTH_TO_DATE
06_junio.xlsx,Daily,,,2025-06-30,10671.579669,10671.579669,False,False,Spirits Revenue,3829.768299,Spirits Revenue|17|626.482909806792,3829.768299|206572.37488|105250.603752|36897.584208|0,TODAY
06_junio.xlsx,Daily,,,2025-06-30,18794.4872942038,18794.4872942038,False,False,10671.579669,2428.16275012679,10671.579669|Spirits Revenue|17,2428.16275012679|323838.202339421|191785|72830|0,TODAY
06_junio.xlsx,Daily,,,2024-06-30,10328,10328.0,False,False,18794.4872942038,3050,18794.4872942038|10671.579669|Spirits Revenue,3050|165950|68155|43390|0,MONTH_TO_DATE
06_junio.xlsx,Daily,,,2025-06-30,16.198348,16.198348,False,False,,296.520668,,296.520668|41.157033|6374.636362|5139.09089|5139.09089,TODAY
06_junio.xlsx,Daily,,,2025-06-30,71.6569985223149,71.6569985223149,False,False,16.198348,626.482909806792,16.198348,626.482909806792|80.9387583375598|7930.49101974809|6392.833333|2427.66666666667,TODAY
06_junio.xlsx,Daily,,,2024-06-30,372,372.0,False,False,71.6569985223149,17,71.6569985223149|16.198348,17|0|2072|0|0,MONTH_TO_DATE
06_junio.xlsx,Daily,,,2025-06-30,3602.661395,3602.661395,False,False,Merchandising Revenue,10671.579669,Merchandising Revenue|372|71.6569985223149,10671.579669|3829.768299|206572.37488|105250.603752|36897.584208,TODAY
06_junio.xlsx,Daily,,,2025-06-30,2149.70995566945,2149.70995566945,False,False,3602.661395,18794.4872942038,3602.661395|Merchandising Revenue|372,18794.4872942038|2428.16275012679|323838.202339421|191785|72830,TODAY
06_junio.xlsx,Daily,,,2024-06-30,1272,1272.0,False,False,2149.70995566945,10328,2149.70995566945|3602.661395|Merchandising Revenue,10328|3050|165950|68155|43390,MONTH_TO_DATE
06_junio.xlsx,Daily,,,2025-06-30,353.876049,353.876049,False,False,,16.198348,,16.198348|296.520668|41.157033|6374.636362|5139.09089,TODAY
06_junio.xlsx,Daily,,,2025-06-30,779.078666666667,779.078666666667,False,False,353.876049,71.6569985223149,353.876049,71.6569985223149|626.482909806792|80.9387583375598|7930.49101974809|6392.833333,TODAY
06_junio.xlsx,Daily,,,2024-06-30,389,389.0,False,False,779.078666666667,372,779.078666666667|353.876049,372|17|0|2072|0,MONTH_TO_DATE
06_junio.xlsx,Daily,,,2025-06-30,18104.009363,18104.009363,False,False,TOTAL SHOP,3602.661395,TOTAL SHOP|389|779.078666666667,3602.661395|10671.579669|3829.768299|206572.37488|105250.603752,TODAY
06_junio.xlsx,Daily,,,2025-06-30,23372.36,23372.36,False,False,18104.009363,2149.70995566945,18104.009363|TOTAL SHOP|389,2149.70995566945|18794.4872942038|2428.16275012679|323838.202339421|191785,TODAY
06_junio.xlsx,Daily,,,2024-06-30,14650,14650.0,False,False,23372.36,1272,23372.36|18104.009363|TOTAL SHOP,1272|10328|3050|165950|68155,MONTH_TO_DATE
06_junio.xlsx,Daily,,,2025-06-30,1162.636382,1162.636382,False,False,,353.876049,,353.876049|16.198348|296.520668|41.157033|6374.636362,TODAY
06_junio.xlsx,Daily,,,2025-06-30,1228.92782892818,1228.92782892818,False,False,1162.636382,779.078666666667,1162.636382,779.078666666667|71.6569985223149|626.482909806792|80.9387583375598|7930.49101974809,TODAY
06_junio.xlsx,Daily,,,2024-06-30,1804,1804.0,False,False,1228.92782892818,389,1228.92782892818|1162.636382,389|372|17|0|2072,MONTH_TO_DATE
06_junio.xlsx,Daily,,,2025-06-30,92234.25055,92234.25055,False,False,Revenue Restaurant,18104.009363,Revenue Restaurant|1804|1228.92782892818,18104.009363|3602.661395|10671.579669|3829.768299|206572.37488,TODAY
06_junio.xlsx,Daily,,,2025-06-30,110339.202339421,110339.202339421,False,False,92234.25055,23372.36,92234.25055|Revenue Restaurant|1804,23372.36|2149.70995566945|18794.4872942038|2428.16275012679|323838.202339421,TODAY
06_junio.xlsx,Daily,,,2024-06-30,84803,84803.0,False,False,110339.202339421,14650,110339.202339421|92234.25055|Revenue Restaurant,14650|1272|10328|3050|165950,MONTH_TO_DATE
06_junio.xlsx,Daily,,,2025-06-30,72.90909,72.90909,False,False,,1162.636382,,1162.636382|353.876049|16.198348|296.520668|41.157033,TODAY
06_junio.xlsx,Daily,,,2025-06-30,308.729857819905,308.729857819905,False,False,72.90909,1228.92782892818,72.90909,1228.92782892818|779.078666666667|71.6569985223149|626.482909806792|80.9387583375598,TODAY
06_junio.xlsx,Daily,,,2024-06-30,268,268.0,False,False,308.729857819905,1804,308.729857819905|72.90909,1804|389|372|17|0,MONTH_TO_DATE
06_junio.xlsx,Daily,,,2025-06-30,9087.520578,9087.520578,False,False,Revenue Bar,92234.25055,Revenue Bar|268|308.729857819905,92234.25055|18104.009363|3602.661395|10671.579669|3829.768299,TODAY
06_junio.xlsx,Daily,,,2025-06-30,21714,21714.0,False,False,9087.520578,110339.202339421,9087.520578|Revenue Bar|268,110339.202339421|23372.36|2149.70995566945|18794.4872942038|2428.16275012679,TODAY
06_junio.xlsx,Daily,,,2024-06-30,12992,12992.0,False,False,21714,84803,21714|9087.520578|Revenue Bar,84803|14650|1272|10328|3050,MONTH_TO_DATE
06_junio.xlsx,Daily,,,2025-06-30,5139.09089,5139.09089,False,False,,72.90909,,72.90909|1162.636382|353.876049|16.198348|296.520668,TODAY
06_junio.xlsx,Daily,,,2025-06-30,6392.833333,6392.833333,False,False,5139.09089,308.729857819905,5139.09089,308.729857819905|1228.92782892818|779.078666666667|71.6569985223149|626.482909806792,TODAY
06_junio.xlsx,Daily,,,2024-06-30,0,0.0,False,False,6392.833333,268,6392.833333|5139.09089,268|1804|389|372|17,MONTH_TO_DATE
06_junio.xlsx,Daily,,,2025-06-30,105250.603752,105250.603752,False,False,Revenue Banqueting,9087.520578,Revenue Banqueting|0|6392.833333,9087.520578|92234.25055|18104.009363|3602.661395|10671.579669,TODAY
06_junio.xlsx,Daily,,,2025-06-30,191785,191785.0,False,False,105250.603752,21714,105250.603752|Revenue Banqueting|0,21714|110339.202339421|23372.36|2149.70995566945|18794.4872942038,TODAY
06_junio.xlsx,Daily,,,2024-06-30,68155,68155.0,False,False,191785,12992,191785|105250.603752|Revenue Banqueting,12992|84803|14650|1272|10328,MONTH_TO_DATE
06_junio.xlsx,Daily,,,2025-06-30,353.876049,353.876049,False,False,,5139.09089,,5139.09089|72.90909|1162.636382|353.876049|16.198348,TODAY
06_junio.xlsx,Daily,,,2025-06-30,779.078666666667,779.078666666667,False,False,353.876049,6392.833333,353.876049,6392.833333|308.729857819905|1228.92782892818|779.078666666667|71.6569985223149,TODAY
06_junio.xlsx,Daily,,,2024-06-30,389,389.0,False,False,779.078666666667,0,779.078666666667|353.876049,0|268|1804|389|372,MONTH_TO_DATE
06_junio.xlsx,Daily,,,2025-06-30,18104.009363,18104.009363,False,False,Revenue Shop,105250.603752,Revenue Shop|389|779.078666666667,105250.603752|9087.520578|92234.25055|18104.009363|3602.661395,TODAY
06_junio.xlsx,Daily,,,2025-06-30,23372.36,23372.36,False,False,18104.009363,191785,18104.009363|Revenue Shop|389,191785|21714|110339.202339421|23372.36|2149.70995566945,TODAY
06_junio.xlsx,Daily,,,2024-06-30,14650,14650.0,False,False,23372.36,68155,23372.36|18104.009363|Revenue Shop,68155|12992|84803|14650|1272,MONTH_TO_DATE
06_junio.xlsx,Daily,,,2025-06-30,6728.512411,6728.512411,False,False,,353.876049,,353.876049|5139.09089|72.90909|1162.636382|353.876049,TODAY
06_junio.xlsx,Daily,,,2025-06-30,8709.56968641475,8709.56968641475,False,False,6728.512411,779.078666666667,6728.512411,779.078666666667|6392.833333|308.729857819905|1228.92782892818|779.078666666667,TODAY
06_junio.xlsx,Daily,,,2024-06-30,2461,2461.0,False,False,8709.56968641475,389,8709.56968641475|6728.512411,389|0|268|1804|389,MONTH_TO_DATE
06_junio.xlsx,Daily,,,2025-06-30,224676.384243,224676.384243,False,False,TOTAL,18104.009363,TOTAL|2461|8709.56968641475,18104.009363|105250.603752|9087.520578|92234.25055|18104.009363,TODAY
06_junio.xlsx,Daily,,,2025-06-30,347210.562339421,347210.562339421,False,False,224676.384243,23372.36,224676.384243|TOTAL|2461,23372.36|191785|21714|110339.202339421|23372.36,TODAY
06_junio.xlsx,Daily,,,2025-06-30,0,0.0,False,False,,6728.512411,,6728.512411|353.876049|5139.09089|72.90909|1162.636382,TODAY
06_junio.xlsx,Daily,,,2025-06-30,0.153648981111111,0.153648981111111,False,False,Occupancy,224676.384243,Occupancy|0,224676.384243|18104.009363|105250.603752|9087.520578|92234.25055,TODAY
06_junio.xlsx,Daily,,,2025-06-30,0,0.0,False,False,,0,,0|6728.512411|353.876049|5139.09089|72.90909,TODAY
06_junio.xlsx,Daily,,,2025-06-30,138.284083,138.284083,False,False,Total Covers,0.153648981111111,Total Covers|0,0.153648981111111|224676.384243|18104.009363|105250.603752|9087.520578,TODAY
06_junio.xlsx,Daily,,,2025-06-30,0,0.0,False,False,,0,,0|0|6728.512411|353.876049|5139.09089,TODAY
06_junio.xlsx,Daily,,,2025-06-30,456.420415,456.420415,False,False,Total Revenue,138.284083,Total Revenue|0,138.284083|0.153648981111111|224676.384243|18104.009363|105250.603752,TODAY
06_junio.xlsx,Daily,,,2025-06-30,0,0.0,False,False,,0,,0|0|0|6728.512411|353.876049,TODAY
06_junio.xlsx,Daily,,,2025-06-30,0,0.0,False,False,0,8709.56968641475,0,8709.56968641475|779.078666666667|6392.833333|308.729857819905|1228.92782892818,TODAY
06_junio.xlsx,Daily,,,2024-06-30,0,0.0,False,False,0,2461,0|0,2461|389|0|268|1804,MONTH_TO_DATE
06_junio.xlsx,Daily,,,2025-06-30,3.30059978775721,3.30059978775721,False,False,Avg.cover,456.420415,Avg.cover|0|0,456.420415|138.284083|0.153648981111111|224676.384243|18104.009363,TODAY
06_junio.xlsx,Daily,,,2025-06-30,0,0.0,False,False,3.30059978775721,347210.562339421,3.30059978775721|Avg.cover|0,347210.562339421|23372.36|191785|21714|110339.202339421,TODAY
06_junio.xlsx,Daily,,,2024-06-30,0,0.0,False,False,0,180600,0|3.30059978775721|Avg.cover,180600|14650|68155|12992|84803,MONTH_TO_DATE
06_junio.xlsx,Daily,,,2025-06-30,0,0.0,False,False,,0,,0|0|0|0|6728.512411,TODAY
06_junio.xlsx,Daily,,,2025-06-30,28.181819,28.181819,False,False,Food Revenue,3.30059978775721,Food Revenue|0,3.30059978775721|456.420415|138.284083|0.153648981111111|224676.384243,TODAY
06_junio.xlsx,Daily,,,2025-06-30,0,0.0,False,False,,0,,0|0|0|0|0,TODAY
06_junio.xlsx,Daily,,,2025-06-30,0,0.0,False,False,0,0,0,0|8709.56968641475|779.078666666667|6392.833333|308.729857819905,TODAY
06_junio.xlsx,Daily,,,2024-06-30,0,0.0,False,False,0,0,0|0,0|2461|389|0|268,MONTH_TO_DATE
06_junio.xlsx,Daily,,,2025-06-30,0.20379654974463,0.20379654974463,False,False,Avg.Spend FD / cover,28.181819,Avg.Spend FD / cover|0|0,28.181819|3.30059978775721|456.420415|138.284083|0.153648981111111,TODAY
06_junio.xlsx,Daily,,,2025-06-30,0,0.0,False,False,0.20379654974463,0,0.20379654974463|Avg.Spend FD / cover|0,0|347210.562339421|23372.36|191785|21714,TODAY
06_junio.xlsx,Daily,,,2024-06-30,0,0.0,False,False,0,0,0|0.20379654974463|Avg.Spend FD / cover,0|180600|14650|68155|12992,MONTH_TO_DATE
06_junio.xlsx,Daily,,,2025-06-30,0,0.0,False,False,,0,,0|0|0|0|0,TODAY
06_junio.xlsx,Daily,,,2025-06-30,428.238596,428.238596,False,False,Beverage Revenue,0.20379654974463,Beverage Revenue|0,0.20379654974463|28.181819|3.30059978775721|456.420415|138.284083,TODAY
06_junio.xlsx,Daily,,,2025-06-30,0,0.0,False,False,,0,,0|0|0|0|0,TODAY
06_junio.xlsx,Daily,,,2025-06-30,0,0.0,False,False,0,0,0,0|0|8709.56968641475|779.078666666667|6392.833333,TODAY
06_junio.xlsx,Daily,,,2024-06-30,0,0.0,False,False,0,0,0|0,0|0|2461|389|0,MONTH_TO_DATE
06_junio.xlsx,Daily,,,2025-06-30,3.09680323801258,3.09680323801258,False,False,Avg.Spend BV / cover,428.238596,Avg.Spend BV / cover|0|0,428.238596|0.20379654974463|28.181819|3.30059978775721|456.420415,TODAY
06_junio.xlsx,Daily,,,2025-06-30,0,0.0,False,False,3.09680323801258,0,3.09680323801258|Avg.Spend BV / cover|0,0|0|347210.562339421|23372.36|191785,TODAY
06_junio.xlsx,Daily,,,2024-06-30,0,0.0,False,False,0,0,0|3.09680323801258|Avg.Spend BV / cover,0|0|180600|14650|68155,MONTH_TO_DATE
06_junio.xlsx,Daily,,,2025-06-30,0,0.0,False,False,,0,,0|0|0|0|0,TODAY
06_junio.xlsx,Daily,,,2025-06-30,0,0.0,False,False,0,0,0,0|0|0|8709.56968641475|779.078666666667,TODAY
06_junio.xlsx,Daily,,,2024-06-30,0,0.0,False,False,0,0,0|0,0|0|0|2461|389,MONTH_TO_DATE
06_junio.xlsx,Daily,,,2025-06-30,456.420415,456.420415,False,False,TOTAL BER REV,3.09680323801258,TOTAL BER REV|0|0,3.09680323801258|428.238596|0.20379654974463|28.181819|3.30059978775721,TODAY
06_junio.xlsx,Daily,,,2025-06-30,0,0.0,False,False,456.420415,0,456.420415|TOTAL BER REV|0,0|0|0|347210.562339421|23372.36,TODAY
06_junio.xlsx,Daily,,,2024-06-30,0,0.0,False,False,0,0,0|456.420415|TOTAL BER REV,0|0|0|180600|14650,MONTH_TO_DATE
06_junio.xlsx,Daily,,,2025-06-30,0,0.0,False,False,,0,,0|0|0|0|0,TODAY
06_junio.xlsx,Daily,,,2025-06-30,6818.177,6818.177,False,False,Anticipos,456.420415,Anticipos|0,456.420415|3.09680323801258|428.238596|0.20379654974463|28.181819,TODAY
06_junio.xlsx,Daily,,,2025-06-30,27.29752,27.29752,False,False,,0,,0|0|0|0|0,TODAY
06_junio.xlsx,Daily,,,2025-06-30,0.0771386480580945,0.0771386480580945,False,False,27.29752,0,27.29752,0|0|0|0|8709.56968641475,TODAY
06_junio.xlsx,Daily,,,2025-06-30,2922.128899,2922.128899,False,False,10% del del Restaurante,,10% del del Restaurante|0.0771386480580945|27.29752,,TODAY
06_junio.xlsx,Daily,,,2025-06-30,0.161407831845916,0.161407831845916,False,False,2922.128899,6818.177,2922.128899|10% del del Restaurante|0.0771386480580945,6818.177|456.420415|3.09680323801258|428.238596|0.20379654974463,TODAY
06_junio.xlsx,Daily,,,2025-06-30,0,0.0,False,False,,27.29752,,27.29752|0|0|0|0,TODAY
06_junio.xlsx,Daily,,,2025-06-30,0,0.0,False,False,0,0.0771386480580945,0,0.0771386480580945|0|0|0|0,TODAY
06_junio.xlsx,Daily,,,2025-06-30,33.84297,33.84297,False,False,10% Tarjeta 43,2922.128899,10% Tarjeta 43|0|0,2922.128899,TODAY
06_junio.xlsx,Daily,,,2025-06-30,0.00186936326210516,0.00186936326210516,False,False,33.84297,0.161407831845916,33.84297|10% Tarjeta 43|0,0.161407831845916|6818.177|456.420415|3.09680323801258|428.238596,TODAY
06_junio.xlsx,Daily,,,2025-06-30,138,138.0,False,False,,0,,0|27.29752|0|0|0,TODAY
06_junio.xlsx,Daily,,,2025-06-30,124.117453521379,124.117453521379,False,False,138,0,138,0|0.0771386480580945|0|0|0,TODAY
06_junio.xlsx,Daily,,,2024-06-30,44,44.0,False,False,124.117453521379,0,124.117453521379|138,0|0|0|0|2461,MONTH_TO_DATE
06_junio.xlsx,Daily,,,2025-06-30,3469,3469.0,False,False,Visitantes Cuarentaytres,0.00186936326210516,Visitantes Cuarentaytres|44|124.117453521379,0.00186936326210516|0.161407831845916|6818.177|456.420415|3.09680323801258,TODAY
06_junio.xlsx,Daily,,,2025-06-30,5314.84627115922,5314.84627115922,False,False,3469,0,3469|Visitantes Cuarentaytres|44,0|0|0|0|347210.562339421,TODAY
06_junio.xlsx,Daily,,,2024-06-30,3656,3656.0,False,False,5314.84627115922,0,5314.84627115922|3469|Visitantes Cuarentaytres,0|0|0|0|180600,MONTH_TO_DATE
06_junio.xlsx,Daily,,,2025-06-30,10,10.0,False,False,,pax,,pax|138|0|27.29752|0,TODAY
06_junio.xlsx,Daily,,,2025-06-30,1,1.0,False,False,10,%,10,%|124.117453521379|0|0.0771386480580945|0,TODAY
06_junio.xlsx,Daily,,,2024-06-30,19,19.0,False,False,1,pax,1|10,pax|44|0|0|0,MONTH_TO_DATE
06_junio.xlsx,Daily,,,2025-06-30,1,1.0,False,False,19,%,19|1|10,%,TODAY
06_junio.xlsx,Daily,,,2025-06-30,1204,1204.0,False,False,Online ES,pax,Online ES|1|19,pax|33.84297|2922.128899,TODAY
06_junio.xlsx,Daily,,,2025-06-30,0.871832005792904,0.871832005792904,False,False,1204,%,1204|Online ES|1,%|3469|0.00186936326210516|0.161407831845916|6818.177,TODAY
06_junio.xlsx,Daily,,,2025-06-30,1064,1064.0,False,False,0.871832005792904,pax,0.871832005792904|1204|Online ES,pax|5314.84627115922|0|0|0,TODAY
06_junio.xlsx,Daily,,,2024-06-30,0.885928393005829,0.885928393005829,False,False,1064,%,1064|0.871832005792904|1204,%|3656|0|0|0,MONTH_TO_DATE
06_junio.xlsx,Daily,,,2025-06-30,0,0.0,False,False,,10,,10|pax|138|0|27.29752,TODAY
06_junio.xlsx,Daily,,,2025-06-30,0,0.0,False,False,0,1,0,1|%|124.117453521379|0|0.0771386480580945,TODAY
06_junio.xlsx,Daily,,,2024-06-30,0,0.0,False,False,0,19,0|0,19|pax|44|0|0,MONTH_TO_DATE
06_junio.xlsx,Daily,,,2025-06-30,0,0.0,False,False,0,1,0|0|0,1|%,TODAY
06_junio.xlsx,Daily,,,2025-06-30,177,177.0,False,False,Online EN,1204,Online EN|0|0,1204|pax|33.84297|2922.128899,TODAY
06_junio.xlsx,Daily,,,2025-06-30,0.128167994207096,0.128167994207096,False,False,177,0.871832005792904,177|Online EN|0,0.871832005792904|%|3469|0.00186936326210516|0.161407831845916,TODAY
06_junio.xlsx,Daily,,,2025-06-30,137,137.0,False,False,0.128167994207096,1064,0.128167994207096|177|Online EN,1064|pax|5314.84627115922|0|0,TODAY
06_junio.xlsx,Daily,,,2024-06-30,0.114071606994172,0.114071606994172,False,False,137,0.885928393005829,137|0.128167994207096|177,0.885928393005829|%|3656|0|0,MONTH_TO_DATE
06_junio.xlsx,Daily,,,2025-06-30,10,10.0,False,False,,0,,0|10|pax|138|0,TODAY
06_junio.xlsx,Daily,,,2025-06-30,0.07246376812,0.07246376812,False,False,10,0,10,0|1|%|124.117453521379|0,TODAY
06_junio.xlsx,Daily,,,2024-06-30,19,19.0,False,False,0.07246376812,0,0.07246376812|10,0|19|pax|44|0,MONTH_TO_DATE
06_junio.xlsx,Daily,,,2025-06-30,0.463414634146342,0.463414634146342,False,False,19,0,19|0.07246376812|10,0|1|%,TODAY
06_junio.xlsx,Daily,,,2025-06-30,1381,1381.0,False,False,Online,177,Online|0.463414634146342|19,177|1204|pax|33.84297|2922.128899,TODAY
06_junio.xlsx,Daily,,,2025-06-30,0.527905198776759,0.527905198776759,False,False,1381,0.128167994207096,1381|Online|0.463414634146342,0.128167994207096|0.871832005792904|%|3469|0.00186936326210516,TODAY
06_junio.xlsx,Daily,,,2025-06-30,1201,1201.0,False,False,0.527905198776759,137,0.527905198776759|1381|Online,137|1064|pax|5314.84627115922|0,TODAY
06_junio.xlsx,Daily,,,2024-06-30,0.335474860335196,0.335474860335196,False,False,1201,0.114071606994172,1201|0.527905198776759|1381,0.114071606994172|0.885928393005829|%|3656|0,MONTH_TO_DATE
06_junio.xlsx,Daily,,,2025-06-30,10,10.0,False,False,,10,,10|0|10|pax|138,TODAY
06_junio.xlsx,Daily,,,2025-06-30,1,1.0,False,False,10,0.07246376812,10,0.07246376812|0|1|%|124.117453521379,TODAY
06_junio.xlsx,Daily,,,2024-06-30,10,10.0,False,False,1,19,1|10,19|0|19|pax|44,MONTH_TO_DATE
06_junio.xlsx,Daily,,,2025-06-30,1,1.0,False,False,10,0.463414634146342,10|1|10,0.463414634146342|0|1|%,TODAY
06_junio.xlsx,Daily,,,2025-06-30,255,255.0,False,False,De paso ES,1381,De paso ES|1|10,1381|177|1204|pax|33.84297,TODAY
06_junio.xlsx,Daily,,,2025-06-30,1,1.0,False,False,255,0.527905198776759,255|De paso ES|1,0.527905198776759|0.128167994207096|0.871832005792904|%|3469,TODAY
06_junio.xlsx,Daily,,,2025-06-30,309,309.0,False,False,1,1201,1|255|De paso ES,1201|137|1064|pax|5314.84627115922,TODAY
06_junio.xlsx,Daily,,,2024-06-30,1,1.0,False,False,309,0.335474860335196,309|1|255,0.335474860335196|0.114071606994172|0.885928393005829|%|3656,MONTH_TO_DATE
06_junio.xlsx,Daily,,,2025-06-30,0,0.0,False,False,,10,,10|10|0|10|pax,TODAY
06_junio.xlsx,Daily,,,2025-06-30,0,0.0,False,False,0,1,0,1|0.07246376812|0|1|%,TODAY
06_junio.xlsx,Daily,,,2024-06-30,0,0.0,False,False,0,10,0|0,10|19|0|19|pax,MONTH_TO_DATE
06_junio.xlsx,Daily,,,2025-06-30,0,0.0,False,False,0,1,0|0|0,1|0.463414634146342|0|1|%,TODAY
06_junio.xlsx,Daily,,,2025-06-30,0,0.0,False,False,De paso EN,255,De paso EN|0|0,255|1381|177|1204|pax,TODAY
06_junio.xlsx,Daily,,,2025-06-30,0,0.0,False,False,0,1,0|De paso EN|0,1|0.527905198776759|0.128167994207096|0.871832005792904|%,TODAY
06_junio.xlsx,Daily,,,2025-06-30,0,0.0,False,False,0,309,0|0|De paso EN,309|1201|137|1064|pax,TODAY
06_junio.xlsx,Daily,,,2024-06-30,0,0.0,False,False,0,1,0|0|0,1|0.335474860335196|0.114071606994172|0.885928393005829|%,MONTH_TO_DATE
06_junio.xlsx,Daily,,,2025-06-30,10,10.0,False,False,,0,,0|10|10|0|10,TODAY
06_junio.xlsx,Daily,,,2025-06-30,0.07246376812,0.07246376812,False,False,10,0,10,0|1|0.07246376812|0|1,TODAY
06_junio.xlsx,Daily,,,2024-06-30,10,10.0,False,False,0.07246376812,0,0.07246376812|10,0|10|19|0|19,MONTH_TO_DATE
06_junio.xlsx,Daily,,,2025-06-30,0.24390243902439,0.24390243902439,False,False,10,0,10|0.07246376812|10,0|1|0.463414634146342|0|1,TODAY
06_junio.xlsx,Daily,,,2025-06-30,255,255.0,False,False,De paso,0,De paso|0.24390243902439|10,0|255|1381|177|1204,TODAY
06_junio.xlsx,Daily,,,2025-06-30,0.0974770642201835,0.0974770642201835,False,False,255,0,255|De paso|0.24390243902439,0|1|0.527905198776759|0.128167994207096|0.871832005792904,TODAY
06_junio.xlsx,Daily,,,2025-06-30,309,309.0,False,False,0.0974770642201835,0,0.0974770642201835|255|De paso,0|309|1201|137|1064,TODAY
06_junio.xlsx,Daily,,,2024-06-30,0.0863128491620112,0.0863128491620112,False,False,309,0,309|0.0974770642201835|255,0|1|0.335474860335196|0.114071606994172|0.885928393005829,MONTH_TO_DATE
06_junio.xlsx,Daily,,,2025-06-30,86,86.0,False,False,,10,,10|0|10|10|0,TODAY
06_junio.xlsx,Daily,,,2025-06-30,0.6231884058,0.6231884058,False,False,86,0.07246376812,86,0.07246376812|0|1|0.07246376812|0,TODAY
06_junio.xlsx,Daily,,,2024-06-30,12,12.0,False,False,0.6231884058,10,0.6231884058|86,10|0|10|19|0,MONTH_TO_DATE
06_junio.xlsx,Daily,,,2025-06-30,0.292682926829268,0.292682926829268,False,False,12,0.24390243902439,12|0.6231884058|86,0.24390243902439|0|1|0.463414634146342|0,TODAY
06_junio.xlsx,Daily,,,2025-06-30,674,674.0,False,False,Telefono,255,Telefono|0.292682926829268|12,255|0|255|1381|177,TODAY
06_junio.xlsx,Daily,,,2025-06-30,0.257645259938838,0.257645259938838,False,False,674,0.0974770642201835,674|Telefono|0.292682926829268,0.0974770642201835|0|1|0.527905198776759|0.128167994207096,TODAY
06_junio.xlsx,Daily,,,2024-06-30,0.578212290502793,0.578212290502793,False,False,2070,0.0863128491620112,2070|0.257645259938838|674,0.0863128491620112|0|1|0.335474860335196|0.114071606994172,MONTH_TO_DATE
06_junio.xlsx,Daily,,,2025-06-30,32,32.0,False,False,,86,,86|10|0|10|10,TODAY
06_junio.xlsx,Daily,,,2025-06-30,0.231884058,0.231884058,False,False,32,0.6231884058,32,0.6231884058|0.07246376812|0|1|0.07246376812,TODAY
06_junio.xlsx,Daily,,,2024-06-30,0,0.0,False,False,0.231884058,12,0.231884058|32,12|10|0|10|19,MONTH_TO_DATE
06_junio.xlsx,Daily,,,2025-06-30,0,0.0,False,False,0,0.292682926829268,0|0.231884058|32,0.292682926829268|0.24390243902439|0|1|0.463414634146342,TODAY
06_junio.xlsx,Daily,,,2025-06-30,268,268.0,False,False,Shop 43,674,Shop 43|0|0,674|255|0|255|1381,TODAY
06_junio.xlsx,Daily,,,2025-06-30,0.102446483180428,0.102446483180428,False,False,268,0.257645259938838,268|Shop 43|0,0.257645259938838|0.0974770642201835|0|1|0.527905198776759,TODAY
06_junio.xlsx,Daily,,,2025-06-30,0,0.0,False,False,0.102446483180428,2070,0.102446483180428|268|Shop 43,2070|309|0|309|1201,TODAY
06_junio.xlsx,Daily,,,2024-06-30,0,0.0,False,False,0,0.578212290502793,0|0.102446483180428|268,0.578212290502793|0.0863128491620112|0|1|0.335474860335196,MONTH_TO_DATE
06_junio.xlsx,Daily,,,2025-06-30,0,0.0,False,False,,32,,32|86|10|0|10,TODAY
06_junio.xlsx,Daily,,,2025-06-30,0,0.0,False,False,0,0.231884058,0,0.231884058|0.6231884058|0.07246376812|0|1,TODAY
06_junio.xlsx,Daily,,,2024-06-30,0,0.0,False,False,0,0,0|0,0|12|10|0|10,MONTH_TO_DATE
06_junio.xlsx,Daily,,,2025-06-30,0,0.0,False,False,0,0,0|0|0,0|0.292682926829268|0.24390243902439|0|1,TODAY
06_junio.xlsx,Daily,,,2025-06-30,38,38.0,False,False,Experiencia,268,Experiencia|0|0,268|674|255|0|255,TODAY
06_junio.xlsx,Daily,,,2025-06-30,0.0145259938837921,0.0145259938837921,False,False,38,0.102446483180428,38|Experiencia|0,0.102446483180428|0.257645259938838|0.0974770642201835|0|1,TODAY
06_junio.xlsx,Daily,,,2025-06-30,0,0.0,False,False,0.0145259938837921,0,0.0145259938837921|38|Experiencia,0|2070|309|0|309,TODAY
06_junio.xlsx,Daily,,,2024-06-30,0,0.0,False,False,0,0,0|0.0145259938837921|38,0|0.578212290502793|0.0863128491620112|0|1,MONTH_TO_DATE
06_junio.xlsx,Daily,,,2025-06-30,138,138.0,False,False,,0,,0|32|86|10|0,TODAY
06_junio.xlsx,Daily,,,2024-06-30,41,41.0,False,False,138,0,138,0|0|12|10|0,MONTH_TO_DATE
06_junio.xlsx,Daily,,,2025-06-30,2616,2616.0,False,False,41,38,41|138,38|268|674|255|0,TODAY
06_junio.xlsx,Daily,,,2025-06-30,3580,3580.0,False,False,2616,0,2616|41|138,0|0|2070|309|0,TODAY
07_julio.xlsx,Daily,,,2025-07-31,0.25,0.25,False,False,,2025,,2025|TODAY|DAILY REVENUE REPORT,TODAY
07_julio.xlsx,Daily,,,2025-07-31,0.4160209402,0.4160209402,False,False,0.25,Budget,0.25,Budget,TODAY
07_julio.xlsx,Daily,,,2024-07-31,0.18,0.18,False,False,0.4160209402,2024,0.4160209402|0.25,2024,MONTH_TO_DATE
07_julio.xlsx,Daily,,,2025-07-31,0.284408602150538,0.284408602150538,False,False,Occupancy,2025,Occupancy|0.18|0.4160209402,2025|MONTH TO DATE,TODAY
07_julio.xlsx,Daily,,,2025-07-31,0.4160209402,0.4160209402,False,False,0.284408602150538,Budget,0.284408602150538|Occupancy|0.18,Budget,TODAY
07_julio.xlsx,Daily,,,2024-07-31,0.3766666667,0.3766666667,False,False,0.4160209402,2024,0.4160209402|0.284408602150538|Occupancy,2024,MONTH_TO_DATE
07_julio.xlsx,Daily,,,2025-07-31,45,45.0,False,False,,0.25,,0.25|2025|TODAY|DAILY REVENUE REPORT,TODAY
07_julio.xlsx,Daily,,,2025-07-31,62.40314103,62.40314103,False,False,45,0.4160209402,45,0.4160209402|Budget,TODAY
07_julio.xlsx,Daily,,,2024-07-31,48.96666667,48.96666667,False,False,62.40314103,0.18,62.40314103|45,0.18|2024,MONTH_TO_DATE
07_julio.xlsx,Daily,,,2025-07-31,1587,1587.0,False,False,Total Covers,0.284408602150538,Total Covers|48.96666667|62.40314103,0.284408602150538|2025|MONTH TO DATE,TODAY
07_julio.xlsx,Daily,,,2024-07-31,1517.966667,1517.966667,False,False,1934.497372,0.3766666667,1934.497372|1587|Total Covers,0.3766666667|2024,MONTH_TO_DATE
07_julio.xlsx,Daily,,,2025-07-31,1032.181812,1032.181812,False,False,,45,,45|0.25|2025|TODAY|DAILY REVENUE REPORT,TODAY
07_julio.xlsx,Daily,,,2025-07-31,2881.153021,2881.153021,False,False,1032.181812,62.40314103,1032.181812,62.40314103|0.4160209402|Budget,TODAY
07_julio.xlsx,Daily,,,2025-07-31,1032.181812,1032.181812,False,False,Total Revenue,1587,Total Revenue|2055.2|2881.153021,1587|0.284408602150538|2025|MONTH TO DATE,TODAY
07_julio.xlsx,Daily,,,2025-07-31,89315.74366,89315.74366,False,False,1032.181812,1934.497372,1032.181812|Total Revenue|2055.2,1934.497372|0.4160209402|Budget,TODAY
07_julio.xlsx,Daily,,,2024-07-31,63711.2,63711.2,False,False,89315.74366,1517.966667,89315.74366|1032.181812|Total Revenue,1517.966667|0.3766666667|2024,MONTH_TO_DATE
07_julio.xlsx,Daily,,,2025-07-31,22.9373736,22.9373736,False,False,,1032.181812,,1032.181812|45|0.25|2025|TODAY,TODAY
07_julio.xlsx,Daily,,,2025-07-31,46.1699999943096,46.1699999943096,False,False,22.9373736,2881.153021,22.9373736,2881.153021|62.40314103|0.4160209402|Budget,TODAY
07_julio.xlsx,Daily,,,2024-07-31,41.9714091189945,41.9714091189945,False,False,46.1699999943096,2055.2,46.1699999943096|22.9373736,2055.2|48.96666667|0.18|2024,MONTH_TO_DATE
07_julio.xlsx,Daily,,,2025-07-31,0.650398117202269,0.650398117202269,False,False,Avg.cover,1032.181812,Avg.cover|41.9714091189945|46.1699999943096,1032.181812|1587|0.284408602150538|2025|MONTH TO DATE,TODAY
07_julio.xlsx,Daily,,,2025-07-31,46.1699999972913,46.1699999972913,False,False,0.650398117202269,89315.74366,0.650398117202269|Avg.cover|41.9714091189945,89315.74366|1934.497372|0.4160209402|Budget,TODAY
07_julio.xlsx,Daily,,,2024-07-31,41.971409112635,41.971409112635,False,False,46.1699999972913,63711.2,46.1699999972913|0.650398117202269|Avg.cover,63711.2|1517.966667|0.3766666667|2024,MONTH_TO_DATE
07_julio.xlsx,Daily,,,2025-07-31,773.636353,773.636353,False,False,,22.9373736,,22.9373736|1032.181812|45|0.25|2025,TODAY
07_julio.xlsx,Daily,,,2025-07-31,2265.234019,2265.234019,False,False,773.636353,46.1699999943096,773.636353,46.1699999943096|2881.153021|62.40314103|0.4160209402|Budget,TODAY
07_julio.xlsx,Daily,,,2024-07-31,1586.366667,1586.366667,False,False,2265.234019,41.9714091189945,2265.234019|773.636353,41.9714091189945|2055.2|48.96666667|0.18|2024,MONTH_TO_DATE
07_julio.xlsx,Daily,,,2025-07-31,773.636353,773.636353,False,False,Food Revenue,0.650398117202269,Food Revenue|1586.366667|2265.234019,0.650398117202269|1032.181812|1587|0.284408602150538|2025,TODAY
07_julio.xlsx,Daily,,,2025-07-31,70222.2546,70222.2546,False,False,773.636353,46.1699999972913,773.636353|Food Revenue|1586.366667,46.1699999972913|89315.74366|1934.497372|0.4160209402|Budget,TODAY
07_julio.xlsx,Daily,,,2024-07-31,49177.36667,49177.36667,False,False,70222.2546,41.971409112635,70222.2546|773.636353|Food Revenue,41.971409112635|63711.2|1517.966667|0.3766666667|2024,MONTH_TO_DATE
07_julio.xlsx,Daily,,,2025-07-31,17.1919189555556,17.1919189555556,False,False,,773.636353,,773.636353|22.9373736|1032.181812|45|0.25,TODAY
07_julio.xlsx,Daily,,,2025-07-31,36.2999999937663,36.2999999937663,False,False,17.1919189555556,2265.234019,17.1919189555556,2265.234019|46.1699999943096|2881.153021|62.40314103|0.4160209402,TODAY
07_julio.xlsx,Daily,,,2024-07-31,32.3968686227095,32.3968686227095,False,False,36.2999999937663,1586.366667,36.2999999937663|17.1919189555556,1586.366667|41.9714091189945|2055.2|48.96666667|0.18,MONTH_TO_DATE
07_julio.xlsx,Daily,,,2025-07-31,0.487483524259609,0.487483524259609,False,False,Avg.Spend FD / cover,773.636353,Avg.Spend FD / cover|32.3968686227095|36.2999999937663,773.636353|0.650398117202269|1032.181812|1587|0.284408602150538,TODAY
07_julio.xlsx,Daily,,,2025-07-31,36.2999999981391,36.2999999981391,False,False,0.487483524259609,70222.2546,0.487483524259609|Avg.Spend FD / cover|32.3968686227095,70222.2546|46.1699999972913|89315.74366|1934.497372|0.4160209402,TODAY
07_julio.xlsx,Daily,,,2024-07-31,32.3968686131894,32.3968686131894,False,False,36.2999999981391,49177.36667,36.2999999981391|0.487483524259609|Avg.Spend FD / cover,49177.36667|41.971409112635|63711.2|1517.966667|0.3766666667,MONTH_TO_DATE
07_julio.xlsx,Daily,,,2025-07-31,258.545459,258.545459,False,False,,17.1919189555556,,17.1919189555556|773.636353|22.9373736|1032.181812|45,TODAY
07_julio.xlsx,Daily,,,2025-07-31,615.9190019,615.9190019,False,False,258.545459,36.2999999937663,258.545459,36.2999999937663|2265.234019|46.1699999943096|2881.153021|62.40314103,TODAY
07_julio.xlsx,Daily,,,2024-07-31,468.8333333,468.8333333,False,False,615.9190019,32.3968686227095,615.9190019|258.545459,32.3968686227095|1586.366667|41.9714091189945|2055.2|48.96666667,MONTH_TO_DATE
07_julio.xlsx,Daily,,,2025-07-31,258.545459,258.545459,False,False,Beverage Revenue,0.487483524259609,Beverage Revenue|468.8333333|615.9190019,0.487483524259609|773.636353|0.650398117202269|1032.181812|1587,TODAY
07_julio.xlsx,Daily,,,2025-07-31,19093.48906,19093.48906,False,False,258.545459,36.2999999981391,258.545459|Beverage Revenue|468.8333333,36.2999999981391|70222.2546|46.1699999972913|89315.74366|1934.497372,TODAY
07_julio.xlsx,Daily,,,2024-07-31,14533.83333,14533.83333,False,False,19093.48906,32.3968686131894,19093.48906|258.545459|Beverage Revenue,32.3968686131894|49177.36667|41.971409112635|63711.2|1517.966667,MONTH_TO_DATE
07_julio.xlsx,Daily,,,2025-07-31,5.74545464444444,5.74545464444444,False,False,,258.545459,,258.545459|17.1919189555556|773.636353|22.9373736|1032.181812,TODAY
07_julio.xlsx,Daily,,,2025-07-31,9.86999999894076,9.86999999894076,False,False,5.74545464444444,615.9190019,5.74545464444444,615.9190019|36.2999999937663|2265.234019|46.1699999943096|2881.153021,TODAY
07_julio.xlsx,Daily,,,2024-07-31,9.57454050241154,9.57454050241154,False,False,9.86999999894076,468.8333333,9.86999999894076|5.74545464444444,468.8333333|32.3968686227095|1586.366667|41.9714091189945|2055.2,MONTH_TO_DATE
07_julio.xlsx,Daily,,,2025-07-31,0.162914592942659,0.162914592942659,False,False,Avg.Spend BV / cover,258.545459,Avg.Spend BV / cover|9.57454050241154|9.86999999894076,258.545459|0.487483524259609|773.636353|0.650398117202269|1032.181812,TODAY
07_julio.xlsx,Daily,,,2025-07-31,9.86999999915224,9.86999999915224,False,False,0.162914592942659,19093.48906,0.162914592942659|Avg.Spend BV / cover|9.57454050241154,19093.48906|36.2999999981391|70222.2546|46.1699999972913|89315.74366,TODAY
07_julio.xlsx,Daily,,,2024-07-31,9.57454049944563,9.57454049944563,False,False,9.86999999915224,14533.83333,9.86999999915224|0.162914592942659|Avg.Spend BV / cover,14533.83333|32.3968686131894|49177.36667|41.971409112635|63711.2,MONTH_TO_DATE
07_julio.xlsx,Daily,,,2025-07-31,0.155555555555556,0.155555555555556,False,False,,5.74545464444444,,5.74545464444444|258.545459|17.1919189555556|773.636353|22.9373736,TODAY
07_julio.xlsx,Daily,,,2025-07-31,0.2876388889,0.2876388889,False,False,0.155555555555556,9.86999999894076,0.155555555555556,9.86999999894076|615.9190019|36.2999999937663|2265.234019|46.1699999943096,TODAY
07_julio.xlsx,Daily,,,2024-07-31,0.2466666667,0.2466666667,False,False,0.2876388889,9.57454050241154,0.2876388889|0.155555555555556,9.57454050241154|468.8333333|32.3968686227095|1586.366667|41.9714091189945,MONTH_TO_DATE
07_julio.xlsx,Daily,,,2025-07-31,0.234188034188034,0.234188034188034,False,False,Occupancy,0.162914592942659,Occupancy|0.2466666667|0.2876388889,0.162914592942659|258.545459|0.487483524259609|773.636353|0.650398117202269,TODAY
07_julio.xlsx,Daily,,,2025-07-31,0.2876388889,0.2876388889,False,False,0.234188034188034,9.86999999915224,0.234188034188034|Occupancy|0.2466666667,9.86999999915224|19093.48906|36.2999999981391|70222.2546|46.1699999972913,TODAY
07_julio.xlsx,Daily,,,2024-07-31,0.2758974359,0.2758974359,False,False,0.2876388889,9.57454049944563,0.2876388889|0.234188034188034|Occupancy,9.57454049944563|14533.83333|32.3968686131894|49177.36667|41.971409112635,MONTH_TO_DATE
07_julio.xlsx,Daily,,,2025-07-31,28,28.0,False,False,,0.155555555555556,,0.155555555555556|5.74545464444444|258.545459|17.1919189555556|773.636353,TODAY
07_julio.xlsx,Daily,,,2025-07-31,17.25833333,17.25833333,False,False,28,0.2876388889,28,0.2876388889|9.86999999894076|615.9190019|36.2999999937663|2265.234019,TODAY
07_julio.xlsx,Daily,,,2024-07-31,17.93333333,17.93333333,False,False,17.25833333,0.2466666667,17.25833333|28,0.2466666667|9.57454050241154|468.8333333|32.3968686227095|1586.366667,MONTH_TO_DATE
07_julio.xlsx,Daily,,,2025-07-31,548,548.0,False,False,Total Covers,0.234188034188034,Total Covers|17.93333333|17.25833333,0.234188034188034|0.162914592942659|258.545459|0.487483524259609|773.636353,TODAY
07_julio.xlsx,Daily,,,2025-07-31,535.0083333,535.0083333,False,False,548,0.2876388889,548|Total Covers|17.93333333,0.2876388889|9.86999999915224|19093.48906|36.2999999981391|70222.2546,TODAY
07_julio.xlsx,Daily,,,2024-07-31,555.9333333,555.9333333,False,False,535.0083333,0.2758974359,535.0083333|548|Total Covers,0.2758974359|9.57454049944563|14533.83333|32.3968686131894|49177.36667,MONTH_TO_DATE
07_julio.xlsx,Daily,,,2025-07-31,4e-05,4e-05,False,False,,28,,28|0.155555555555556|5.74545464444444|258.545459|17.1919189555556,TODAY
07_julio.xlsx,Daily,,,2025-07-31,796.81725,796.81725,False,False,4e-05,17.25833333,4e-05,17.25833333|0.2876388889|9.86999999894076|615.9190019|36.2999999937663,TODAY
07_julio.xlsx,Daily,,,2024-07-31,771.5,771.5,False,False,796.81725,17.93333333,796.81725|4e-05,17.93333333|0.2466666667|9.57454050241154|468.8333333|32.3968686227095,MONTH_TO_DATE
07_julio.xlsx,Daily,,,2025-07-31,4e-05,4e-05,False,False,Total Revenue,548,Total Revenue|771.5|796.81725,548|0.234188034188034|0.162914592942659|258.545459|0.487483524259609,TODAY
07_julio.xlsx,Daily,,,2025-07-31,24701.33475,24701.33475,False,False,4e-05,535.0083333,4e-05|Total Revenue|771.5,535.0083333|0.2876388889|9.86999999915224|19093.48906|36.2999999981391,TODAY
07_julio.xlsx,Daily,,,2024-07-31,23916.5,23916.5,False,False,24701.33475,555.9333333,24701.33475|4e-05|Total Revenue,555.9333333|0.2758974359|9.57454049944563|14533.83333|32.3968686131894,MONTH_TO_DATE
07_julio.xlsx,Daily,,,2025-07-31,1.42857142857143e-06,1.42857142857143e-06,False,False,,4e-05,,4e-05|28|0.155555555555556|5.74545464444444|258.545459,TODAY
07_julio.xlsx,Daily,,,2025-07-31,46.1700000089174,46.1700000089174,False,False,1.42857142857143e-06,796.81725,1.42857142857143e-06,796.81725|17.25833333|0.2876388889|9.86999999894076|615.9190019,TODAY
07_julio.xlsx,Daily,,,2024-07-31,43.0204461046506,43.0204461046506,False,False,46.1700000089174,771.5,46.1700000089174|1.42857142857143e-06,771.5|17.93333333|0.2466666667|9.57454050241154|468.8333333,MONTH_TO_DATE
07_julio.xlsx,Daily,,,2025-07-31,7.2992700729927e-08,7.2992700729927e-08,False,False,Avg.cover,4e-05,Avg.cover|43.0204461046506|46.1700000089174,4e-05|548|0.234188034188034|0.162914592942659|258.545459,TODAY
07_julio.xlsx,Daily,,,2025-07-31,46.1700000028766,46.1700000028766,False,False,7.2992700729927e-08,24701.33475,7.2992700729927e-08|Avg.cover|43.0204461046506,24701.33475|535.0083333|0.2876388889|9.86999999915224|19093.48906,TODAY
07_julio.xlsx,Daily,,,2024-07-31,43.0204460992338,43.0204460992338,False,False,46.1700000028766,23916.5,46.1700000028766|7.2992700729927e-08|Avg.cover,23916.5|555.9333333|0.2758974359|9.57454049944563|14533.83333,MONTH_TO_DATE
07_julio.xlsx,Daily,,,2025-07-31,1.7e-05,1.7e-05,False,False,,1.42857142857143e-06,,1.42857142857143e-06|4e-05|28|0.155555555555556|5.74545464444444,TODAY
07_julio.xlsx,Daily,,,2025-07-31,626.4775,626.4775,False,False,1.7e-05,46.1700000089174,1.7e-05,46.1700000089174|796.81725|17.25833333|0.2876388889|9.86999999894076,TODAY
07_julio.xlsx,Daily,,,2024-07-31,581.1333333,581.1333333,False,False,626.4775,43.0204461046506,626.4775|1.7e-05,43.0204461046506|771.5|17.93333333|0.2466666667|9.57454050241154,MONTH_TO_DATE
07_julio.xlsx,Daily,,,2025-07-31,1.7e-05,1.7e-05,False,False,Food Revenue,7.2992700729927e-08,Food Revenue|581.1333333|626.4775,7.2992700729927e-08|4e-05|548|0.234188034188034|0.162914592942659,TODAY
07_julio.xlsx,Daily,,,2025-07-31,19420.8025,19420.8025,False,False,1.7e-05,46.1700000028766,1.7e-05|Food Revenue|581.1333333,46.1700000028766|24701.33475|535.0083333|0.2876388889|9.86999999915224,TODAY
07_julio.xlsx,Daily,,,2024-07-31,18015.13333,18015.13333,False,False,19420.8025,43.0204460992338,19420.8025|1.7e-05|Food Revenue,43.0204460992338|23916.5|555.9333333|0.2758974359|9.57454049944563,MONTH_TO_DATE
07_julio.xlsx,Daily,,,2025-07-31,6.07142857142857e-07,6.07142857142857e-07,False,False,,1.7e-05,,1.7e-05|1.42857142857143e-06|4e-05|28|0.155555555555556,TODAY
07_julio.xlsx,Daily,,,2025-07-31,36.3000000070111,36.3000000070111,False,False,6.07142857142857e-07,626.4775,6.07142857142857e-07,626.4775|46.1700000089174|796.81725|17.25833333|0.2876388889,TODAY
07_julio.xlsx,Daily,,,2024-07-31,32.4052044651311,32.4052044651311,False,False,36.3000000070111,581.1333333,36.3000000070111|6.07142857142857e-07,581.1333333|43.0204461046506|771.5|17.93333333|0.2466666667,MONTH_TO_DATE
07_julio.xlsx,Daily,,,2025-07-31,3.1021897810219e-08,3.1021897810219e-08,False,False,Avg.Spend FD / cover,1.7e-05,Avg.Spend FD / cover|32.4052044651311|36.3000000070111,1.7e-05|7.2992700729927e-08|4e-05|548|0.234188034188034,TODAY
07_julio.xlsx,Daily,,,2025-07-31,36.3000000022617,36.3000000022617,False,False,3.1021897810219e-08,19420.8025,3.1021897810219e-08|Avg.Spend FD / cover|32.4052044651311,19420.8025|46.1700000028766|24701.33475|535.0083333|0.2876388889,TODAY
07_julio.xlsx,Daily,,,2024-07-31,32.4052044569136,32.4052044569136,False,False,36.3000000022617,18015.13333,36.3000000022617|3.1021897810219e-08|Avg.Spend FD / cover,18015.13333|43.0204460992338|23916.5|555.9333333|0.2758974359,MONTH_TO_DATE
07_julio.xlsx,Daily,,,2025-07-31,2.3e-05,2.3e-05,False,False,,6.07142857142857e-07,,6.07142857142857e-07|1.7e-05|1.42857142857143e-06|4e-05|28,TODAY
07_julio.xlsx,Daily,,,2025-07-31,170.33975,170.33975,False,False,2.3e-05,36.3000000070111,2.3e-05,36.3000000070111|626.4775|46.1700000089174|796.81725|17.25833333,TODAY
07_julio.xlsx,Daily,,,2024-07-31,190.3666667,190.3666667,False,False,170.33975,32.4052044651311,170.33975|2.3e-05,32.4052044651311|581.1333333|43.0204461046506|771.5|17.93333333,MONTH_TO_DATE
07_julio.xlsx,Daily,,,2025-07-31,2.3e-05,2.3e-05,False,False,Beverage Revenue,3.1021897810219e-08,Beverage Revenue|190.3666667|170.33975,3.1021897810219e-08|1.7e-05|7.2992700729927e-08|4e-05|548,TODAY
07_julio.xlsx,Daily,,,2025-07-31,5280.53225,5280.53225,False,False,2.3e-05,36.3000000022617,2.3e-05|Beverage Revenue|190.3666667,36.3000000022617|19420.8025|46.1700000028766|24701.33475|535.0083333,TODAY
07_julio.xlsx,Daily,,,2024-07-31,5901.366667,5901.366667,False,False,5280.53225,32.4052044569136,5280.53225|2.3e-05|Beverage Revenue,32.4052044569136|18015.13333|43.0204460992338|23916.5|555.9333333,MONTH_TO_DATE
07_julio.xlsx,Daily,,,2025-07-31,8.21428571428571e-07,8.21428571428571e-07,False,False,,2.3e-05,,2.3e-05|6.07142857142857e-07|1.7e-05|1.42857142857143e-06|4e-05,TODAY
07_julio.xlsx,Daily,,,2025-07-31,9.87000000190633,9.87000000190633,False,False,8.21428571428571e-07,170.33975,8.21428571428571e-07,170.33975|36.3000000070111|626.4775|46.1700000089174|796.81725,TODAY
07_julio.xlsx,Daily,,,2024-07-31,10.6152416395196,10.6152416395196,False,False,9.87000000190633,190.3666667,9.87000000190633|8.21428571428571e-07,190.3666667|32.4052044651311|581.1333333|43.0204461046506|771.5,MONTH_TO_DATE
07_julio.xlsx,Daily,,,2025-07-31,4.1970802919708e-08,4.1970802919708e-08,False,False,Avg.Spend BV / cover,2.3e-05,Avg.Spend BV / cover|10.6152416395196|9.87000000190633,2.3e-05|3.1021897810219e-08|1.7e-05|7.2992700729927e-08|4e-05,TODAY
07_julio.xlsx,Daily,,,2025-07-31,9.87000000061494,9.87000000061494,False,False,4.1970802919708e-08,5280.53225,4.1970802919708e-08|Avg.Spend BV / cover|10.6152416395196,5280.53225|36.3000000022617|19420.8025|46.1700000028766|24701.33475,TODAY
07_julio.xlsx,Daily,,,2024-07-31,10.6152416369238,10.6152416369238,False,False,9.87000000061494,5901.366667,9.87000000061494|4.1970802919708e-08|Avg.Spend BV / cover,5901.366667|32.4052044569136|18015.13333|43.0204460992338|23916.5,MONTH_TO_DATE
07_julio.xlsx,Daily,,,2025-07-31,1032.181852,1032.181852,False,False,,8.21428571428571e-07,,8.21428571428571e-07|2.3e-05|6.07142857142857e-07|1.7e-05|1.42857142857143e-06,TODAY
07_julio.xlsx,Daily,,,2025-07-31,3677.970271,3677.970271,False,False,1032.181852,9.87000000190633,1032.181852,9.87000000190633|170.33975|36.3000000070111|626.4775|46.1700000089174,TODAY
07_julio.xlsx,Daily,,,2024-07-31,2826.7,2826.7,False,False,3677.970271,10.6152416395196,3677.970271|1032.181852,10.6152416395196|190.3666667|32.4052044651311|581.1333333|43.0204461046506,MONTH_TO_DATE
07_julio.xlsx,Daily,,,2025-07-31,1032.181852,1032.181852,False,False,TOTAL RESTAURANT REV,4.1970802919708e-08,TOTAL RESTAURANT REV|2826.7|3677.970271,4.1970802919708e-08|2.3e-05|3.1021897810219e-08|1.7e-05|7.2992700729927e-08,TODAY
07_julio.xlsx,Daily,,,2025-07-31,114017.07841,114017.07841,False,False,1032.181852,9.87000000061494,1032.181852|TOTAL RESTAURANT REV|2826.7,9.87000000061494|5280.53225|36.3000000022617|19420.8025|46.1700000028766,TODAY
07_julio.xlsx,Daily,,,2024-07-31,87627.7,87627.7,False,False,114017.07841,10.6152416369238,114017.07841|1032.181852|TOTAL RESTAURANT REV,10.6152416369238|5901.366667|32.4052044569136|18015.13333|43.0204460992338,MONTH_TO_DATE
07_julio.xlsx,Daily,,,2025-07-31,14.1394774246575,14.1394774246575,False,False,,1032.181852,,1032.181852|8.21428571428571e-07|2.3e-05|6.07142857142857e-07|1.7e-05,TODAY
07_julio.xlsx,Daily,,,2025-07-31,46.1699999974743,46.1699999974743,False,False,14.1394774246575,3677.970271,14.1394774246575,3677.970271|9.87000000190633|170.33975|36.3000000070111|626.4775,TODAY
07_julio.xlsx,Daily,,,2024-07-31,42.2526158445441,42.2526158445441,False,False,46.1699999974743,2826.7,46.1699999974743|14.1394774246575,2826.7|10.6152416395196|190.3666667|32.4052044651311|581.1333333,MONTH_TO_DATE
07_julio.xlsx,Daily,,,2025-07-31,0.483457541920375,0.483457541920375,False,False,42.2526158445441,1032.181852,42.2526158445441|46.1699999974743|14.1394774246575,1032.181852|4.1970802919708e-08|2.3e-05|3.1021897810219e-08|1.7e-05,TODAY
07_julio.xlsx,Daily,,,2025-07-31,46.1699999985013,46.1699999985013,False,False,0.483457541920375,114017.07841,0.483457541920375|42.2526158445441|46.1699999974743,114017.07841|9.87000000061494|5280.53225|36.3000000022617|19420.8025,TODAY
07_julio.xlsx,Daily,,,2024-07-31,42.252615838432,42.252615838432,False,False,46.1699999985013,87627.7,46.1699999985013|0.483457541920375|42.2526158445441,87627.7|10.6152416369238|5901.366667|32.4052044569136|18015.13333,MONTH_TO_DATE
07_julio.xlsx,Daily,,,2025-07-31,0.184116168888889,0.184116168888889,False,False,,14.1394774246575,,14.1394774246575|1032.181852|8.21428571428571e-07|2.3e-05|6.07142857142857e-07,TODAY
07_julio.xlsx,Daily,,,2025-07-31,0.5266666667,0.5266666667,False,False,0.184116168888889,46.1699999974743,0.184116168888889,46.1699999974743|3677.970271|9.87000000190633|170.33975|36.3000000070111,TODAY
07_julio.xlsx,Daily,,,2024-07-31,0.4811111111,0.4811111111,False,False,0.5266666667,42.2526158445441,0.5266666667|0.184116168888889,42.2526158445441|2826.7|10.6152416395196|190.3666667|32.4052044651311,MONTH_TO_DATE
07_julio.xlsx,Daily,,,2025-07-31,0.184116168888889,0.184116168888889,False,False,Occupancy,0.483457541920375,Occupancy|0.4811111111|0.5266666667,0.483457541920375|1032.181852|4.1970802919708e-08|2.3e-05|3.1021897810219e-08,TODAY
07_julio.xlsx,Daily,,,2025-07-31,0.5266666667,0.5266666667,False,False,0.184116168888889,46.1699999985013,0.184116168888889|Occupancy|0.4811111111,46.1699999985013|114017.07841|9.87000000061494|5280.53225|36.3000000022617,TODAY
07_julio.xlsx,Daily,,,2024-07-31,0.6662564103,0.6662564103,False,False,0.5266666667,42.252615838432,0.5266666667|0.184116168888889|Occupancy,42.252615838432|87627.7|10.6152416369238|5901.366667|32.4052044569136,MONTH_TO_DATE
07_julio.xlsx,Daily,,,2025-07-31,33.1409104,33.1409104,False,False,,0.184116168888889,,0.184116168888889|14.1394774246575|1032.181852|8.21428571428571e-07|2.3e-05,TODAY
07_julio.xlsx,Daily,,,2025-07-31,43.63333333,43.63333333,False,False,33.1409104,0.5266666667,33.1409104,0.5266666667|46.1699999974743|3677.970271|9.87000000190633|170.33975,TODAY
07_julio.xlsx,Daily,,,2024-07-31,86.6,86.6,False,False,43.63333333,0.4811111111,43.63333333|33.1409104,0.4811111111|42.2526158445441|2826.7|10.6152416395196|190.3666667,MONTH_TO_DATE
07_julio.xlsx,Daily,,,2025-07-31,33.1409104,33.1409104,False,False,Total Covers,0.184116168888889,Total Covers|86.6|43.63333333,0.184116168888889|0.483457541920375|1032.181852|4.1970802919708e-08|2.3e-05,TODAY
07_julio.xlsx,Daily,,,2025-07-31,1352.633333,1352.633333,False,False,33.1409104,0.5266666667,33.1409104|Total Covers|86.6,0.5266666667|46.1699999985013|114017.07841|9.87000000061494|5280.53225,TODAY
07_julio.xlsx,Daily,,,2024-07-31,2684.6,2684.6,False,False,1352.633333,0.6662564103,1352.633333|33.1409104|Total Covers,0.6662564103|42.252615838432|87627.7|10.6152416369238|5901.366667,MONTH_TO_DATE
07_julio.xlsx,Daily,,,2025-07-31,165.704552,165.704552,False,False,,33.1409104,,33.1409104|0.184116168888889|14.1394774246575|1032.181852|8.21428571428571e-07,TODAY
07_julio.xlsx,Daily,,,2025-07-31,591.8,591.8,False,False,165.704552,43.63333333,165.704552,43.63333333|0.5266666667|46.1699999974743|3677.970271|9.87000000190633,TODAY
07_julio.xlsx,Daily,,,2024-07-31,433,433.0,False,False,591.8,86.6,591.8|165.704552,86.6|0.4811111111|42.2526158445441|2826.7|10.6152416395196,MONTH_TO_DATE
07_julio.xlsx,Daily,,,2025-07-31,165.704552,165.704552,False,False,Total Revenue,33.1409104,Total Revenue|433|591.8,33.1409104|0.184116168888889|0.483457541920375|1032.181852|4.1970802919708e-08,TODAY
07_julio.xlsx,Daily,,,2025-07-31,18345.8,18345.8,False,False,165.704552,1352.633333,165.704552|Total Revenue|433,1352.633333|0.5266666667|46.1699999985013|114017.07841|9.87000000061494,TODAY
07_julio.xlsx,Daily,,,2024-07-31,13423,13423.0,False,False,18345.8,2684.6,18345.8|165.704552|Total Revenue,2684.6|0.6662564103|42.252615838432|87627.7|10.6152416369238,MONTH_TO_DATE
07_julio.xlsx,Daily,,,2025-07-31,5,5.0,False,False,,165.704552,,165.704552|33.1409104|0.184116168888889|14.1394774246575|1032.181852,TODAY
07_julio.xlsx,Daily,,,2025-07-31,13.5630252111202,13.5630252111202,False,False,5,591.8,5,591.8|43.63333333|0.5266666667|46.1699999974743|3677.970271,TODAY
07_julio.xlsx,Daily,,,2024-07-31,5,5.0,False,False,13.5630252111202,433,13.5630252111202|5,433|86.6|0.4811111111|42.2526158445441|2826.7,MONTH_TO_DATE
07_julio.xlsx,Daily,,,2025-07-31,5,5.0,False,False,Avg.cover,165.704552,Avg.cover|5|13.5630252111202,165.704552|33.1409104|0.184116168888889|0.483457541920375|1032.181852,TODAY
07_julio.xlsx,Daily,,,2025-07-31,13.5630252134264,13.5630252134264,False,False,5,18345.8,5|Avg.cover|5,18345.8|1352.633333|0.5266666667|46.1699999985013|114017.07841,TODAY
07_julio.xlsx,Daily,,,2024-07-31,5,5.0,False,False,13.5630252134264,13423,13.5630252134264|5|Avg.cover,13423|2684.6|0.6662564103|42.252615838432|87627.7,MONTH_TO_DATE
07_julio.xlsx,Daily,,,2025-07-31,72.272732,72.272732,False,False,,5,,5|165.704552|33.1409104|0.184116168888889|14.1394774246575,TODAY
07_julio.xlsx,Daily,,,2025-07-31,225.1333333,225.1333333,False,False,72.272732,13.5630252111202,72.272732,13.5630252111202|591.8|43.63333333|0.5266666667|46.1699999974743,TODAY
07_julio.xlsx,Daily,,,2024-07-31,154.2666667,154.2666667,False,False,225.1333333,5,225.1333333|72.272732,5|433|86.6|0.4811111111|42.2526158445441,MONTH_TO_DATE
07_julio.xlsx,Daily,,,2025-07-31,72.272732,72.272732,False,False,Food Revenue,5,Food Revenue|154.2666667|225.1333333,5|165.704552|33.1409104|0.184116168888889|0.483457541920375,TODAY
07_julio.xlsx,Daily,,,2025-07-31,6979.133333,6979.133333,False,False,72.272732,13.5630252134264,72.272732|Food Revenue|154.2666667,13.5630252134264|18345.8|1352.633333|0.5266666667|46.1699999985013,TODAY
07_julio.xlsx,Daily,,,2024-07-31,4782.266667,4782.266667,False,False,6979.133333,5,6979.133333|72.272732|Food Revenue,5|13423|2684.6|0.6662564103|42.252615838432,MONTH_TO_DATE
07_julio.xlsx,Daily,,,2025-07-31,2.18077086983102,2.18077086983102,False,False,,72.272732,,72.272732|5|165.704552|33.1409104|0.184116168888889,TODAY
07_julio.xlsx,Daily,,,2025-07-31,5.15966386517645,5.15966386517645,False,False,2.18077086983102,225.1333333,2.18077086983102,225.1333333|13.5630252111202|591.8|43.63333333|0.5266666667,TODAY
07_julio.xlsx,Daily,,,2024-07-31,1.7813702852194,1.7813702852194,False,False,5.15966386517645,154.2666667,5.15966386517645|2.18077086983102,154.2666667|5|433|86.6|0.4811111111,MONTH_TO_DATE
07_julio.xlsx,Daily,,,2025-07-31,2.18077086983102,2.18077086983102,False,False,Avg.Spend FD / cover,72.272732,Avg.Spend FD / cover|1.7813702852194|5.15966386517645,72.272732|5|165.704552|33.1409104|0.184116168888889,TODAY
07_julio.xlsx,Daily,,,2025-07-31,5.1596638665713,5.1596638665713,False,False,2.18077086983102,6979.133333,2.18077086983102|Avg.Spend FD / cover|1.7813702852194,6979.133333|13.5630252134264|18345.8|1352.633333|0.5266666667,TODAY
07_julio.xlsx,Daily,,,2024-07-31,1.78137028495865,1.78137028495865,False,False,5.1596638665713,4782.266667,5.1596638665713|2.18077086983102|Avg.Spend FD / cover,4782.266667|5|13423|2684.6|0.6662564103,MONTH_TO_DATE
07_julio.xlsx,Daily,,,2025-07-31,93.43182,93.43182,False,False,,2.18077086983102,,2.18077086983102|72.272732|5|165.704552|33.1409104,TODAY
07_julio.xlsx,Daily,,,2025-07-31,366.6666667,366.6666667,False,False,93.43182,5.15966386517645,93.43182,5.15966386517645|225.1333333|13.5630252111202|591.8|43.63333333,TODAY
07_julio.xlsx,Daily,,,2024-07-31,278.7333333,278.7333333,False,False,366.6666667,1.7813702852194,366.6666667|93.43182,1.7813702852194|154.2666667|5|433|86.6,MONTH_TO_DATE
07_julio.xlsx,Daily,,,2025-07-31,93.43182,93.43182,False,False,Beverage Revenue,2.18077086983102,Beverage Revenue|278.7333333|366.6666667,2.18077086983102|72.272732|5|165.704552|33.1409104,TODAY
07_julio.xlsx,Daily,,,2025-07-31,11366.66667,11366.66667,False,False,93.43182,5.1596638665713,93.43182|Beverage Revenue|278.7333333,5.1596638665713|6979.133333|13.5630252134264|18345.8|1352.633333,TODAY
07_julio.xlsx,Daily,,,2024-07-31,8640.733333,8640.733333,False,False,11366.66667,1.78137028495865,11366.66667|93.43182|Beverage Revenue,1.78137028495865|4782.266667|5|13423|2684.6,MONTH_TO_DATE
07_julio.xlsx,Daily,,,2025-07-31,2.81922913016898,2.81922913016898,False,False,,93.43182,,93.43182|2.18077086983102|72.272732|5|165.704552,TODAY
07_julio.xlsx,Daily,,,2025-07-31,8.40336134594373,8.40336134594373,False,False,2.81922913016898,366.6666667,2.81922913016898,366.6666667|5.15966386517645|225.1333333|13.5630252111202|591.8,TODAY
07_julio.xlsx,Daily,,,2024-07-31,3.2186297147806,3.2186297147806,False,False,8.40336134594373,278.7333333,8.40336134594373|2.81922913016898,278.7333333|1.7813702852194|154.2666667|5|433,MONTH_TO_DATE
07_julio.xlsx,Daily,,,2025-07-31,2.81922913016898,2.81922913016898,False,False,Avg.Spend BV / cover,93.43182,Avg.Spend BV / cover|3.2186297147806|8.40336134594373,93.43182|2.18077086983102|72.272732|5|165.704552,TODAY
07_julio.xlsx,Daily,,,2025-07-31,8.40336134907301,8.40336134907301,False,False,2.81922913016898,11366.66667,2.81922913016898|Avg.Spend BV / cover|3.2186297147806,11366.66667|5.1596638665713|6979.133333|13.5630252134264|18345.8,TODAY
07_julio.xlsx,Daily,,,2024-07-31,3.21862971504135,3.21862971504135,False,False,8.40336134907301,8640.733333,8.40336134907301|2.81922913016898|Avg.Spend BV / cover,8640.733333|1.78137028495865|4782.266667|5|13423,MONTH_TO_DATE
07_julio.xlsx,Daily,,,2025-07-31,165.704552,165.704552,False,False,,2.81922913016898,,2.81922913016898|93.43182|2.18077086983102|72.272732|5,TODAY
07_julio.xlsx,Daily,,,2025-07-31,591.8,591.8,False,False,165.704552,8.40336134594373,165.704552,8.40336134594373|366.6666667|5.15966386517645|225.1333333|13.5630252111202,TODAY
07_julio.xlsx,Daily,,,2024-07-31,433,433.0,False,False,591.8,3.2186297147806,591.8|165.704552,3.2186297147806|278.7333333|1.7813702852194|154.2666667|5,MONTH_TO_DATE
07_julio.xlsx,Daily,,,2025-07-31,165.704552,165.704552,False,False,TOTAL BER REV,2.81922913016898,TOTAL BER REV|433|591.8,2.81922913016898|93.43182|2.18077086983102|72.272732|5,TODAY
07_julio.xlsx,Daily,,,2025-07-31,18345.8,18345.8,False,False,165.704552,8.40336134907301,165.704552|TOTAL BER REV|433,8.40336134907301|11366.66667|5.1596638665713|6979.133333|13.5630252134264,TODAY
07_julio.xlsx,Daily,,,2024-07-31,13423,13423.0,False,False,18345.8,3.21862971504135,18345.8|165.704552|TOTAL BER REV,3.21862971504135|8640.733333|1.78137028495865|4782.266667|5,MONTH_TO_DATE
07_julio.xlsx,Daily,,,2025-07-31,0,0.0,False,False,,165.704552,,165.704552|2.81922913016898|93.43182|2.18077086983102|72.272732,TODAY
07_julio.xlsx,Daily,,,2025-07-31,3,3.0,False,False,0,591.8,0,591.8|8.40336134594373|366.6666667|5.15966386517645|225.1333333,TODAY
07_julio.xlsx,Daily,,,2024-07-31,0.6,0.6,False,False,3,433,3|0,433|3.2186297147806|278.7333333|1.7813702852194|154.2666667,MONTH_TO_DATE
07_julio.xlsx,Daily,,,2025-07-31,16,16.0,False,False,Total Pax,165.704552,Total Pax|0.6|3,165.704552|2.81922913016898|93.43182|2.18077086983102|72.272732,TODAY
07_julio.xlsx,Daily,,,2025-07-31,93,93.0,False,False,16,18345.8,16|Total Pax|0.6,18345.8|8.40336134907301|11366.66667|5.1596638665713|6979.133333,TODAY
07_julio.xlsx,Daily,,,2024-07-31,18.6,18.6,False,False,93,13423,93|16|Total Pax,13423|3.21862971504135|8640.733333|1.78137028495865|4782.266667,MONTH_TO_DATE
07_julio.xlsx,Daily,,,2025-07-31,0,0.0,False,False,,0,,0|165.704552|2.81922913016898|93.43182|2.18077086983102,TODAY
07_julio.xlsx,Daily,,,2025-07-31,0.0333333333225807,0.0333333333225807,False,False,0,3,0,3|591.8|8.40336134594373|366.6666667|5.15966386517645,TODAY
07_julio.xlsx,Daily,,,2024-07-31,0.1666666667,0.1666666667,False,False,0.0333333333225807,0.6,0.0333333333225807|0,0.6|433|3.2186297147806|278.7333333|1.7813702852194,MONTH_TO_DATE
07_julio.xlsx,Daily,,,2025-07-31,4,4.0,False,False,# Events,16,# Events|0.1666666667|0.0333333333225807,16|165.704552|2.81922913016898|93.43182|2.18077086983102,TODAY
07_julio.xlsx,Daily,,,2025-07-31,1.033333333,1.033333333,False,False,4,93,4|# Events|0.1666666667,93|18345.8|8.40336134907301|11366.66667|5.1596638665713,TODAY
07_julio.xlsx,Daily,,,2024-07-31,5.166666667,5.166666667,False,False,1.033333333,18.6,1.033333333|4|# Events,18.6|13423|3.21862971504135|8640.733333|1.78137028495865,MONTH_TO_DATE
07_julio.xlsx,Daily,,,2025-07-31,0,0.0,False,False,,0,,0|0|165.704552|2.81922913016898|93.43182,TODAY
07_julio.xlsx,Daily,,,2025-07-31,435,435.0,False,False,0,0.0333333333225807,0,0.0333333333225807|3|591.8|8.40336134594373|366.6666667,TODAY
07_julio.xlsx,Daily,,,2024-07-31,23.2,23.2,False,False,435,0.1666666667,435|0,0.1666666667|0.6|433|3.2186297147806|278.7333333,MONTH_TO_DATE
07_julio.xlsx,Daily,,,2025-07-31,0,0.0,False,False,Total Revenue F&B,4,Total Revenue F&B|23.2|435,4|16|165.704552|2.81922913016898|93.43182,TODAY
07_julio.xlsx,Daily,,,2025-07-31,13485,13485.0,False,False,0,1.033333333,0|Total Revenue F&B|23.2,1.033333333|93|18345.8|8.40336134907301|11366.66667,TODAY
07_julio.xlsx,Daily,,,2024-07-31,719.2,719.2,False,False,13485,5.166666667,13485|0|Total Revenue F&B,5.166666667|18.6|13423|3.21862971504135|8640.733333,MONTH_TO_DATE
07_julio.xlsx,Daily,,,2025-07-31,0,0.0,False,False,,0,,0|0|0|165.704552|2.81922913016898,TODAY
07_julio.xlsx,Daily,,,2025-07-31,145,145.0,False,False,0,435,0,435|0.0333333333225807|3|591.8|8.40336134594373,TODAY
07_julio.xlsx,Daily,,,2024-07-31,1.247311828,1.247311828,False,False,145,23.2,145|0,23.2|0.1666666667|0.6|433|3.2186297147806,MONTH_TO_DATE
07_julio.xlsx,Daily,,,2025-07-31,0,0.0,False,False,Avg.pax,0,Avg.pax|1.247311828|145,0|4|16|165.704552|2.81922913016898,TODAY
07_julio.xlsx,Daily,,,2025-07-31,145,145.0,False,False,0,13485,0|Avg.pax|1.247311828,13485|1.033333333|93|18345.8|8.40336134907301,TODAY
07_julio.xlsx,Daily,,,2024-07-31,38.6666666666667,38.6666666666667,False,False,145,719.2,145|0|Avg.pax,719.2|5.166666667|18.6|13423|3.21862971504135,MONTH_TO_DATE
07_julio.xlsx,Daily,,,2025-07-31,0,0.0,False,False,,0,,0|0|0|0|165.704552,TODAY
07_julio.xlsx,Daily,,,2025-07-31,0,0.0,False,False,0,145,0,145|435|0.0333333333225807|3|591.8,TODAY
07_julio.xlsx,Daily,,,2024-07-31,0,0.0,False,False,0,1.247311828,0|0,1.247311828|23.2|0.1666666667|0.6|433,MONTH_TO_DATE
07_julio.xlsx,Daily,,,2025-07-31,0,0.0,False,False,Room Rental,0,Room Rental|0|0,0|0|4|16|165.704552,TODAY
07_julio.xlsx,Daily,,,2025-07-31,0,0.0,False,False,0,145,0|Room Rental|0,145|13485|1.033333333|93|18345.8,TODAY
07_julio.xlsx,Daily,,,2024-07-31,0,0.0,False,False,0,38.6666666666667,0|0|Room Rental,38.6666666666667|719.2|5.166666667|18.6|13423,MONTH_TO_DATE
07_julio.xlsx,Daily,,,2025-07-31,0,0.0,False,False,,0,,0|0|0|0|0,TODAY
07_julio.xlsx,Daily,,,2025-07-31,0,0.0,False,False,0,0,0,0|145|435|0.0333333333225807|3,TODAY
07_julio.xlsx,Daily,,,2024-07-31,0,0.0,False,False,0,0,0|0,0|1.247311828|23.2|0.1666666667|0.6,MONTH_TO_DATE
07_julio.xlsx,Daily,,,2025-07-31,0,0.0,False,False,Other Revenue,0,Other Revenue|0|0,0|0|0|4|16,TODAY
07_julio.xlsx,Daily,,,2025-07-31,0,0.0,False,False,0,0,0|Other Revenue|0,0|145|13485|1.033333333|93,TODAY
07_julio.xlsx,Daily,,,2024-07-31,0,0.0,False,False,0,0,0|0|Other Revenue,0|38.6666666666667|719.2|5.166666667|18.6,MONTH_TO_DATE
07_julio.xlsx,Daily,,,2025-07-31,0,0.0,False,False,,0,,0|0|0|0|0,TODAY
07_julio.xlsx,Daily,,,2025-07-31,435,435.0,False,False,0,0,0,0|0|145|435|0.0333333333225807,TODAY
07_julio.xlsx,Daily,,,2024-07-31,23.2,23.2,False,False,435,0,435|0,0|0|1.247311828|23.2|0.1666666667,MONTH_TO_DATE
07_julio.xlsx,Daily,,,2025-07-31,0,0.0,False,False,Total Weddings Rev.,0,Total Weddings Rev.|23.2|435,0|0|0|0|4,TODAY
07_julio.xlsx,Daily,,,2025-07-31,13485,13485.0,False,False,0,0,0|Total Weddings Rev.|23.2,0|0|145|13485|1.033333333,TODAY
07_julio.xlsx,Daily,,,2024-07-31,719.2,719.2,False,False,13485,0,13485|0|Total Weddings Rev.,0|0|38.6666666666667|719.2|5.166666667,MONTH_TO_DATE
07_julio.xlsx,Daily,,,2025-07-31,0,0.0,False,False,,0,,0|0|0|0|0,TODAY
07_julio.xlsx,Daily,,,2025-07-31,14.33333333,14.33333333,False,False,0,435,0,435|0|0|145|435,TODAY
07_julio.xlsx,Daily,,,2024-07-31,16.46666667,16.46666667,False,False,14.33333333,23.2,14.33333333|0,23.2|0|0|1.247311828|23.2,MONTH_TO_DATE
07_julio.xlsx,Daily,,,2025-07-31,174,174.0,False,False,Total Pax,0,Total Pax|16.46666667|14.33333333,0|0|0|0|0,TODAY
07_julio.xlsx,Daily,,,2025-07-31,444.3333333,444.3333333,False,False,174,13485,174|Total Pax|16.46666667,13485|0|0|145|13485,TODAY
07_julio.xlsx,Daily,,,2024-07-31,510.4666667,510.4666667,False,False,444.3333333,719.2,444.3333333|174|Total Pax,719.2|0|0|38.6666666666667|719.2,MONTH_TO_DATE
07_julio.xlsx,Daily,,,2025-07-31,0,0.0,False,False,,0,,0|0|0|0|0,TODAY
07_julio.xlsx,Daily,,,2024-07-31,0.4,0.4,False,False,0,16.46666667,0,16.46666667|23.2|0|0|1.247311828,MONTH_TO_DATE
07_julio.xlsx,Daily,,,2025-07-31,3,3.0,False,False,# Events,174,# Events|0.4|0,174|0|0|0|0,TODAY
07_julio.xlsx,Daily,,,2025-07-31,8.266666667,8.266666667,False,False,3,444.3333333,3|# Events|0.4,444.3333333|13485|0|0|145,TODAY
07_julio.xlsx,Daily,,,2024-07-31,12.4,12.4,False,False,8.266666667,510.4666667,8.266666667|3|# Events,510.4666667|719.2|0|0|38.6666666666667,MONTH_TO_DATE
07_julio.xlsx,Daily,,,2025-07-31,2662.363639,2662.363639,False,False,,0,,0|0|0|0|0,TODAY
07_julio.xlsx,Daily,,,2025-07-31,1162,1162.0,False,False,2662.363639,14.33333333,2662.363639,14.33333333|435|0|0|145,TODAY
07_julio.xlsx,Daily,,,2024-07-31,802.2666667,802.2666667,False,False,1162,0.4,1162|2662.363639,0.4|16.46666667|23.2|0|0,MONTH_TO_DATE
07_julio.xlsx,Daily,,,2025-07-31,2662.363639,2662.363639,False,False,Total Revenue F&B,3,Total Revenue F&B|802.2666667|1162,3|174|0|0|0,TODAY
07_julio.xlsx,Daily,,,2025-07-31,36022,36022.0,False,False,2662.363639,8.266666667,2662.363639|Total Revenue F&B|802.2666667,8.266666667|444.3333333|13485|0|0,TODAY
07_julio.xlsx,Daily,,,2024-07-31,24870.26667,24870.26667,False,False,36022,12.4,36022|2662.363639|Total Revenue F&B,12.4|510.4666667|719.2|0|0,MONTH_TO_DATE
07_julio.xlsx,Daily,,,2025-07-31,0,0.0,False,False,,2662.363639,,2662.363639|0|0|0|0,TODAY
07_julio.xlsx,Daily,,,2025-07-31,81.0697674607139,81.0697674607139,False,False,0,1162,0,1162|14.33333333|435|0|0,TODAY
07_julio.xlsx,Daily,,,2024-07-31,48.7206477654412,48.7206477654412,False,False,81.0697674607139,802.2666667,81.0697674607139|0,802.2666667|0.4|16.46666667|23.2|0,MONTH_TO_DATE
07_julio.xlsx,Daily,,,2025-07-31,15.300940454023,15.300940454023,False,False,Avg.pax,2662.363639,Avg.pax|48.7206477654412|81.0697674607139,2662.363639|3|174|0|0,TODAY
07_julio.xlsx,Daily,,,2025-07-31,81.0697674479422,81.0697674479422,False,False,15.300940454023,36022,15.300940454023|Avg.pax|48.7206477654412,36022|8.266666667|444.3333333|13485|0,TODAY
07_julio.xlsx,Daily,,,2024-07-31,48.7206477766279,48.7206477766279,False,False,81.0697674479422,24870.26667,81.0697674479422|15.300940454023|Avg.pax,24870.26667|12.4|510.4666667|719.2|0,MONTH_TO_DATE
07_julio.xlsx,Daily,,,2025-07-31,0,0.0,False,False,,0,,0|2662.363639|0|0|0,TODAY
07_julio.xlsx,Daily,,,2025-07-31,0,0.0,False,False,0,81.0697674607139,0,81.0697674607139|1162|14.33333333|435|0,TODAY
07_julio.xlsx,Daily,,,2024-07-31,0,0.0,False,False,0,48.7206477654412,0|0,48.7206477654412|802.2666667|0.4|16.46666667|23.2,MONTH_TO_DATE
07_julio.xlsx,Daily,,,2025-07-31,0,0.0,False,False,Room Rental,15.300940454023,Room Rental|0|0,15.300940454023|2662.363639|3|174|0,TODAY
07_julio.xlsx,Daily,,,2025-07-31,0,0.0,False,False,0,81.0697674479422,0|Room Rental|0,81.0697674479422|36022|8.266666667|444.3333333|13485,TODAY
07_julio.xlsx,Daily,,,2024-07-31,0,0.0,False,False,0,48.7206477766279,0|0|Room Rental,48.7206477766279|24870.26667|12.4|510.4666667|719.2,MONTH_TO_DATE
07_julio.xlsx,Daily,,,2025-07-31,0,0.0,False,False,,0,,0|0|2662.363639|0|0,TODAY
07_julio.xlsx,Daily,,,2025-07-31,0,0.0,False,False,0,0,0,0|81.0697674607139|1162|14.33333333|435,TODAY
07_julio.xlsx,Daily,,,2024-07-31,0,0.0,False,False,0,0,0|0,0|48.7206477654412|802.2666667|0.4|16.46666667,MONTH_TO_DATE
07_julio.xlsx,Daily,,,2025-07-31,0,0.0,False,False,Other Revenue,0,Other Revenue|0|0,0|15.300940454023|2662.363639|3|174,TODAY
07_julio.xlsx,Daily,,,2025-07-31,0,0.0,False,False,0,0,0|Other Revenue|0,0|81.0697674479422|36022|8.266666667|444.3333333,TODAY
07_julio.xlsx,Daily,,,2024-07-31,0,0.0,False,False,0,0,0|0|Other Revenue,0|48.7206477766279|24870.26667|12.4|510.4666667,MONTH_TO_DATE
07_julio.xlsx,Daily,,,2025-07-31,2662.363639,2662.363639,False,False,,0,,0|0|0|2662.363639|0,TODAY
07_julio.xlsx,Daily,,,2025-07-31,1162,1162.0,False,False,2662.363639,0,2662.363639,0|0|81.0697674607139|1162|14.33333333,TODAY
07_julio.xlsx,Daily,,,2024-07-31,802.2666667,802.2666667,False,False,1162,0,1162|2662.363639,0|0|48.7206477654412|802.2666667|0.4,MONTH_TO_DATE
07_julio.xlsx,Daily,,,2025-07-31,2662.363639,2662.363639,False,False,Total MICE Rev.,0,Total MICE Rev.|802.2666667|1162,0|0|15.300940454023|2662.363639|3,TODAY
07_julio.xlsx,Daily,,,2025-07-31,36022,36022.0,False,False,2662.363639,0,2662.363639|Total MICE Rev.|802.2666667,0|0|81.0697674479422|36022|8.266666667,TODAY
07_julio.xlsx,Daily,,,2024-07-31,24870.26667,24870.26667,False,False,36022,0,36022|2662.363639|Total MICE Rev.,0|0|48.7206477766279|24870.26667|12.4,MONTH_TO_DATE
07_julio.xlsx,Daily,,,2025-07-31,9,9.0,False,False,,2662.363639,,2662.363639|0|0|0|2662.363639,TODAY
07_julio.xlsx,Daily,,,2025-07-31,6.93333333225806,6.93333333225806,False,False,9,1162,9,1162|0|0|81.0697674607139|1162,TODAY
07_julio.xlsx,Daily,,,2024-07-31,37.9,37.9,False,False,6.93333333225806,802.2666667,6.93333333225806|9,802.2666667|0|0|48.7206477654412|802.2666667,MONTH_TO_DATE
07_julio.xlsx,Daily,,,2025-07-31,453,453.0,False,False,Total Pax,2662.363639,Total Pax|37.9|6.93333333225806,2662.363639|0|0|15.300940454023|2662.363639,TODAY
07_julio.xlsx,Daily,,,2025-07-31,214.9333333,214.9333333,False,False,453,36022,453|Total Pax|37.9,36022|0|0|81.0697674479422|36022,TODAY
07_julio.xlsx,Daily,,,2024-07-31,1174.9,1174.9,False,False,214.9333333,24870.26667,214.9333333|453|Total Pax,24870.26667|0|0|48.7206477766279|24870.26667,MONTH_TO_DATE
07_julio.xlsx,Daily,,,2025-07-31,1,1.0,False,False,,9,,9|2662.363639|0|0|0,TODAY
07_julio.xlsx,Daily,,,2025-07-31,0.166666666677419,0.166666666677419,False,False,1,6.93333333225806,1,6.93333333225806|1162|0|0|81.0697674607139,TODAY
07_julio.xlsx,Daily,,,2024-07-31,1.366666667,1.366666667,False,False,0.166666666677419,37.9,0.166666666677419|1,37.9|802.2666667|0|0|48.7206477654412,MONTH_TO_DATE
07_julio.xlsx,Daily,,,2025-07-31,35,35.0,False,False,# Events,453,# Events|1.366666667|0.166666666677419,453|2662.363639|0|0|15.300940454023,TODAY
07_julio.xlsx,Daily,,,2025-07-31,5.166666667,5.166666667,False,False,35,214.9333333,35|# Events|1.366666667,214.9333333|36022|0|0|81.0697674479422,TODAY
07_julio.xlsx,Daily,,,2024-07-31,42.36666667,42.36666667,False,False,5.166666667,1174.9,5.166666667|35|# Events,1174.9|24870.26667|0|0|48.7206477766279,MONTH_TO_DATE
07_julio.xlsx,Daily,,,2025-07-31,0.0015,0.0015,False,False,,1,,1|9|2662.363639|0|0,TODAY
07_julio.xlsx,Daily,,,2025-07-31,282.666666677419,282.666666677419,False,False,0.0015,0.166666666677419,0.0015,0.166666666677419|6.93333333225806|1162|0|0,TODAY
07_julio.xlsx,Daily,,,2024-07-31,1446.433333,1446.433333,False,False,282.666666677419,1.366666667,282.666666677419|0.0015,1.366666667|37.9|802.2666667|0|0,MONTH_TO_DATE
07_julio.xlsx,Daily,,,2025-07-31,0.0015,0.0015,False,False,Total Revenue F&B,35,Total Revenue F&B|1446.433333|282.666666677419,35|453|2662.363639|0|0,TODAY
07_julio.xlsx,Daily,,,2025-07-31,8762.666667,8762.666667,False,False,0.0015,5.166666667,0.0015|Total Revenue F&B|1446.433333,5.166666667|214.9333333|36022|0|0,TODAY
07_julio.xlsx,Daily,,,2024-07-31,44839.43333,44839.43333,False,False,8762.666667,42.36666667,8762.666667|0.0015|Total Revenue F&B,42.36666667|1174.9|24870.26667|0|0,MONTH_TO_DATE
07_julio.xlsx,Daily,,,2025-07-31,0.000166666666666667,0.000166666666666667,False,False,,0.0015,,0.0015|1|9|2662.363639|0,TODAY
07_julio.xlsx,Daily,,,2025-07-31,40.7692307771044,40.7692307771044,False,False,0.000166666666666667,282.666666677419,0.000166666666666667,282.666666677419|0.166666666677419|6.93333333225806|1162|0,TODAY
07_julio.xlsx,Daily,,,2024-07-31,38.1644679,38.1644679,False,False,40.7692307771044,1446.433333,40.7692307771044|0.000166666666666667,1446.433333|1.366666667|37.9|802.2666667|0,MONTH_TO_DATE
07_julio.xlsx,Daily,,,2025-07-31,3.3112582781457e-06,3.3112582781457e-06,False,False,Avg.pax,0.0015,Avg.pax|38.1644679|40.7692307771044,0.0015|35|453|2662.363639|0,TODAY
07_julio.xlsx,Daily,,,2025-07-31,40.7692307771044,40.7692307771044,False,False,3.3112582781457e-06,8762.666667,3.3112582781457e-06|Avg.pax|38.1644679,8762.666667|5.166666667|214.9333333|36022|0,TODAY
07_julio.xlsx,Daily,,,2024-07-31,38.16446789514,38.16446789514,False,False,40.7692307771044,44839.43333,40.7692307771044|3.3112582781457e-06|Avg.pax,44839.43333|42.36666667|1174.9|24870.26667|0,MONTH_TO_DATE
07_julio.xlsx,Daily,,,2025-07-31,0,0.0,False,False,,0.000166666666666667,,0.000166666666666667|0.0015|1|9|2662.363639,TODAY
07_julio.xlsx,Daily,,,2025-07-31,0,0.0,False,False,0,40.7692307771044,0,40.7692307771044|282.666666677419|0.166666666677419|6.93333333225806|1162,TODAY
07_julio.xlsx,Daily,,,2024-07-31,0,0.0,False,False,0,38.1644679,0|0,38.1644679|1446.433333|1.366666667|37.9|802.2666667,MONTH_TO_DATE
07_julio.xlsx,Daily,,,2025-07-31,0,0.0,False,False,Room Rental,3.3112582781457e-06,Room Rental|0|0,3.3112582781457e-06|0.0015|35|453|2662.363639,TODAY
07_julio.xlsx,Daily,,,2025-07-31,0,0.0,False,False,0,40.7692307771044,0|Room Rental|0,40.7692307771044|8762.666667|5.166666667|214.9333333|36022,TODAY
07_julio.xlsx,Daily,,,2024-07-31,0,0.0,False,False,0,38.16446789514,0|0|Room Rental,38.16446789514|44839.43333|42.36666667|1174.9|24870.26667,MONTH_TO_DATE
07_julio.xlsx,Daily,,,2025-07-31,0,0.0,False,False,,0,,0|0.000166666666666667|0.0015|1|9,TODAY
07_julio.xlsx,Daily,,,2025-07-31,0,0.0,False,False,0,0,0,0|40.7692307771044|282.666666677419|0.166666666677419|6.93333333225806,TODAY
07_julio.xlsx,Daily,,,2024-07-31,0,0.0,False,False,0,0,0|0,0|38.1644679|1446.433333|1.366666667|37.9,MONTH_TO_DATE
07_julio.xlsx,Daily,,,2025-07-31,0,0.0,False,False,Other Revenue,0,Other Revenue|0|0,0|3.3112582781457e-06|0.0015|35|453,TODAY
07_julio.xlsx,Daily,,,2025-07-31,0,0.0,False,False,0,0,0|Other Revenue|0,0|40.7692307771044|8762.666667|5.166666667|214.9333333,TODAY
07_julio.xlsx,Daily,,,2024-07-31,0,0.0,False,False,0,0,0|0|Other Revenue,0|38.16446789514|44839.43333|42.36666667|1174.9,MONTH_TO_DATE
07_julio.xlsx,Daily,,,2025-07-31,0.0015,0.0015,False,False,,0,,0|0|0.000166666666666667|0.0015|1,TODAY
07_julio.xlsx,Daily,,,2025-07-31,282.666666677419,282.666666677419,False,False,0.0015,0,0.0015,0|0|40.7692307771044|282.666666677419|0.166666666677419,TODAY
07_julio.xlsx,Daily,,,2024-07-31,1446.433333,1446.433333,False,False,282.666666677419,0,282.666666677419|0.0015,0|0|38.1644679|1446.433333|1.366666667,MONTH_TO_DATE
07_julio.xlsx,Daily,,,2025-07-31,0.0015,0.0015,False,False,Total Individuals Rev.,0,Total Individuals Rev.|1446.433333|282.666666677419,0|0|3.3112582781457e-06|0.0015|35,TODAY
07_julio.xlsx,Daily,,,2025-07-31,8762.666667,8762.666667,False,False,0.0015,0,0.0015|Total Individuals Rev.|1446.433333,0|0|40.7692307771044|8762.666667|5.166666667,TODAY
07_julio.xlsx,Daily,,,2024-07-31,44839.43333,44839.43333,False,False,8762.666667,0,8762.666667|0.0015|Total Individuals Rev.,0|0|38.16446789514|44839.43333|42.36666667,MONTH_TO_DATE
07_julio.xlsx,Daily,,,2025-07-31,2662.365139,2662.365139,False,False,,0.0015,,0.0015|0|0|0.000166666666666667|0.0015,TODAY
07_julio.xlsx,Daily,,,2025-07-31,1879.66666667742,1879.66666667742,False,False,2662.365139,282.666666677419,2662.365139,282.666666677419|0|0|40.7692307771044|282.666666677419,TODAY
07_julio.xlsx,Daily,,,2024-07-31,2271.8999997,2271.8999997,False,False,1879.66666667742,1446.433333,1879.66666667742|2662.365139,1446.433333|0|0|38.1644679|1446.433333,MONTH_TO_DATE
07_julio.xlsx,Daily,,,2025-07-31,2662.365139,2662.365139,False,False,TOTAL BANQUETING,0.0015,TOTAL BANQUETING|2271.8999997|1879.66666667742,0.0015|0|0|3.3112582781457e-06|0.0015,TODAY
07_julio.xlsx,Daily,,,2025-07-31,58269.666667,58269.666667,False,False,2662.365139,8762.666667,2662.365139|TOTAL BANQUETING|2271.8999997,8762.666667|0|0|40.7692307771044|8762.666667,TODAY
07_julio.xlsx,Daily,,,2024-07-31,70428.9,70428.9,False,False,58269.666667,44839.43333,58269.666667|2662.365139|TOTAL BANQUETING,44839.43333|0|0|38.16446789514|44839.43333,MONTH_TO_DATE
07_julio.xlsx,Daily,,,2025-07-31,3860.251543,3860.251543,False,False,,2662.365139,,2662.365139|0.0015|0|0|0.000166666666666667,TODAY
07_julio.xlsx,Daily,,,2025-07-31,6149.43693767742,6149.43693767742,False,False,3860.251543,1879.66666667742,3860.251543,1879.66666667742|282.666666677419|0|0|40.7692307771044,TODAY
07_julio.xlsx,Daily,,,2024-07-31,5531.5999997,5531.5999997,False,False,6149.43693767742,2271.8999997,6149.43693767742|3860.251543,2271.8999997|1446.433333|0|0|38.1644679,MONTH_TO_DATE
07_julio.xlsx,Daily,,,2025-07-31,3860.251543,3860.251543,False,False,TOTAL F&B,2662.365139,TOTAL F&B|5531.5999997|6149.43693767742,2662.365139|0.0015|0|0|3.3112582781457e-06,TODAY
07_julio.xlsx,Daily,,,2025-07-31,190632.545077,190632.545077,False,False,3860.251543,58269.666667,3860.251543|TOTAL F&B|5531.5999997,58269.666667|8762.666667|0|0|40.7692307771044,TODAY
07_julio.xlsx,Daily,,,2024-07-31,171479.6,171479.6,False,False,190632.545077,70428.9,190632.545077|3860.251543|TOTAL F&B,70428.9|44839.43333|0|0|38.16446789514,MONTH_TO_DATE
07_julio.xlsx,Daily,,,2025-07-31,14.12479,14.12479,False,False,,3860.251543,,3860.251543|2662.365139|0.0015|0|0,TODAY
07_julio.xlsx,Daily,,,2025-07-31,80.93875834,80.93875834,False,False,14.12479,6149.43693767742,14.12479,6149.43693767742|1879.66666667742|282.666666677419|0|0,TODAY
07_julio.xlsx,Daily,,,2024-07-31,101.6,101.6,False,False,80.93875834,5531.5999997,80.93875834|14.12479,5531.5999997|2271.8999997|1446.433333|0|0,MONTH_TO_DATE
07_julio.xlsx,Daily,,,2025-07-31,14.12479,14.12479,False,False,Wine Revenue,3860.251543,Wine Revenue|101.6|80.93875834,3860.251543|2662.365139|0.0015|0|0,TODAY
07_julio.xlsx,Daily,,,2025-07-31,2509.101508,2509.101508,False,False,14.12479,190632.545077,14.12479|Wine Revenue|101.6,190632.545077|58269.666667|8762.666667|0|0,TODAY
07_julio.xlsx,Daily,,,2024-07-31,3149.6,3149.6,False,False,2509.101508,171479.6,2509.101508|14.12479|Wine Revenue,171479.6|70428.9|44839.43333|0|0,MONTH_TO_DATE
07_julio.xlsx,Daily,,,2025-07-31,317.673484,317.673484,False,False,,14.12479,,14.12479|3860.251543|2662.365139|0.0015|0,TODAY
07_julio.xlsx,Daily,,,2025-07-31,626.4829098,626.4829098,False,False,317.673484,80.93875834,317.673484,80.93875834|6149.43693767742|1879.66666667742|282.666666677419|0,TODAY
07_julio.xlsx,Daily,,,2024-07-31,344.3666667,344.3666667,False,False,626.4829098,101.6,626.4829098|317.673484,101.6|5531.5999997|2271.8999997|1446.433333|0,MONTH_TO_DATE
07_julio.xlsx,Daily,,,2025-07-31,317.673484,317.673484,False,False,Spirits Revenue,14.12479,Spirits Revenue|344.3666667|626.4829098,14.12479|3860.251543|2662.365139|0.0015|0,TODAY
07_julio.xlsx,Daily,,,2025-07-31,19420.9702,19420.9702,False,False,317.673484,2509.101508,317.673484|Spirits Revenue|344.3666667,2509.101508|190632.545077|58269.666667|8762.666667|0,TODAY
07_julio.xlsx,Daily,,,2024-07-31,10675.36667,10675.36667,False,False,19420.9702,3149.6,19420.9702|317.673484|Spirits Revenue,3149.6|171479.6|70428.9|44839.43333|0,MONTH_TO_DATE
07_julio.xlsx,Daily,,,2025-07-31,77.68595,77.68595,False,False,,317.673484,,317.673484|14.12479|3860.251543|2662.365139|0.0015,TODAY
07_julio.xlsx,Daily,,,2025-07-31,71.65699852,71.65699852,False,False,77.68595,626.4829098,77.68595,626.4829098|80.93875834|6149.43693767742|1879.66666667742|282.666666677419,TODAY
07_julio.xlsx,Daily,,,2024-07-31,42.4,42.4,False,False,71.65699852,344.3666667,71.65699852|77.68595,344.3666667|101.6|5531.5999997|2271.8999997|1446.433333,MONTH_TO_DATE
07_julio.xlsx,Daily,,,2025-07-31,77.68595,77.68595,False,False,Merchandising Revenue,317.673484,Merchandising Revenue|42.4|71.65699852,317.673484|14.12479|3860.251543|2662.365139|0.0015,TODAY
07_julio.xlsx,Daily,,,2025-07-31,2221.366954,2221.366954,False,False,77.68595,19420.9702,77.68595|Merchandising Revenue|42.4,19420.9702|2509.101508|190632.545077|58269.666667|8762.666667,TODAY
07_julio.xlsx,Daily,,,2024-07-31,1314.4,1314.4,False,False,2221.366954,10675.36667,2221.366954|77.68595|Merchandising Revenue,10675.36667|3149.6|171479.6|70428.9|44839.43333,MONTH_TO_DATE
07_julio.xlsx,Daily,,,2025-07-31,409.484224,409.484224,False,False,,77.68595,,77.68595|317.673484|14.12479|3860.251543|2662.365139,TODAY
07_julio.xlsx,Daily,,,2025-07-31,779.07866666,779.07866666,False,False,409.484224,71.65699852,409.484224,71.65699852|626.4829098|80.93875834|6149.43693767742|1879.66666667742,TODAY
07_julio.xlsx,Daily,,,2024-07-31,488.3666667,488.3666667,False,False,779.07866666,42.4,779.07866666|409.484224,42.4|344.3666667|101.6|5531.5999997|2271.8999997,MONTH_TO_DATE
07_julio.xlsx,Daily,,,2025-07-31,409.484224,409.484224,False,False,TOTAL SHOP,77.68595,TOTAL SHOP|488.3666667|779.07866666,77.68595|317.673484|14.12479|3860.251543|2662.365139,TODAY
07_julio.xlsx,Daily,,,2025-07-31,24151.438662,24151.438662,False,False,409.484224,2221.366954,409.484224|TOTAL SHOP|488.3666667,2221.366954|19420.9702|2509.101508|190632.545077|58269.666667,TODAY
07_julio.xlsx,Daily,,,2024-07-31,15139.36667,15139.36667,False,False,24151.438662,1314.4,24151.438662|409.484224|TOTAL SHOP,1314.4|10675.36667|3149.6|171479.6|70428.9,MONTH_TO_DATE
07_julio.xlsx,Daily,,,2025-07-31,1032.181852,1032.181852,False,False,,409.484224,,409.484224|77.68595|317.673484|14.12479|3860.251543,TODAY
07_julio.xlsx,Daily,,,2025-07-31,3677.970271,3677.970271,False,False,1032.181852,779.07866666,1032.181852,779.07866666|71.65699852|626.4829098|80.93875834|6149.43693767742,TODAY
07_julio.xlsx,Daily,,,2024-07-31,2826.7,2826.7,False,False,3677.970271,488.3666667,3677.970271|1032.181852,488.3666667|42.4|344.3666667|101.6|5531.5999997,MONTH_TO_DATE
07_julio.xlsx,Daily,,,2025-07-31,1032.181852,1032.181852,False,False,Revenue Restaurant,409.484224,Revenue Restaurant|2826.7|3677.970271,409.484224|77.68595|317.673484|14.12479|3860.251543,TODAY
07_julio.xlsx,Daily,,,2025-07-31,114017.07841,114017.07841,False,False,1032.181852,24151.438662,1032.181852|Revenue Restaurant|2826.7,24151.438662|2221.366954|19420.9702|2509.101508|190632.545077,TODAY
07_julio.xlsx,Daily,,,2024-07-31,87627.7,87627.7,False,False,114017.07841,15139.36667,114017.07841|1032.181852|Revenue Restaurant,15139.36667|1314.4|10675.36667|3149.6|171479.6,MONTH_TO_DATE
07_julio.xlsx,Daily,,,2025-07-31,165.704552,165.704552,False,False,,1032.181852,,1032.181852|409.484224|77.68595|317.673484|14.12479,TODAY
07_julio.xlsx,Daily,,,2025-07-31,591.8,591.8,False,False,165.704552,3677.970271,165.704552,3677.970271|779.07866666|71.65699852|626.4829098|80.93875834,TODAY
07_julio.xlsx,Daily,,,2024-07-31,433,433.0,False,False,591.8,2826.7,591.8|165.704552,2826.7|488.3666667|42.4|344.3666667|101.6,MONTH_TO_DATE
07_julio.xlsx,Daily,,,2025-07-31,165.704552,165.704552,False,False,Revenue Bar,1032.181852,Revenue Bar|433|591.8,1032.181852|409.484224|77.68595|317.673484|14.12479,TODAY
07_julio.xlsx,Daily,,,2025-07-31,18345.8,18345.8,False,False,165.704552,114017.07841,165.704552|Revenue Bar|433,114017.07841|24151.438662|2221.366954|19420.9702|2509.101508,TODAY
07_julio.xlsx,Daily,,,2024-07-31,13423,13423.0,False,False,18345.8,87627.7,18345.8|165.704552|Revenue Bar,87627.7|15139.36667|1314.4|10675.36667|3149.6,MONTH_TO_DATE
07_julio.xlsx,Daily,,,2025-07-31,2662.365139,2662.365139,False,False,,165.704552,,165.704552|1032.181852|409.484224|77.68595|317.673484,TODAY
07_julio.xlsx,Daily,,,2025-07-31,1879.66666667742,1879.66666667742,False,False,2662.365139,591.8,2662.365139,591.8|3677.970271|779.07866666|71.65699852|626.4829098,TODAY
07_julio.xlsx,Daily,,,2024-07-31,2271.8999997,2271.8999997,False,False,1879.66666667742,433,1879.66666667742|2662.365139,433|2826.7|488.3666667|42.4|344.3666667,MONTH_TO_DATE
07_julio.xlsx,Daily,,,2025-07-31,2662.365139,2662.365139,False,False,Revenue Banqueting,165.704552,Revenue Banqueting|2271.8999997|1879.66666667742,165.704552|1032.181852|409.484224|77.68595|317.673484,TODAY
07_julio.xlsx,Daily,,,2025-07-31,58269.666667,58269.666667,False,False,2662.365139,18345.8,2662.365139|Revenue Banqueting|2271.8999997,18345.8|114017.07841|24151.438662|2221.366954|19420.9702,TODAY
07_julio.xlsx,Daily,,,2024-07-31,70428.9,70428.9,False,False,58269.666667,13423,58269.666667|2662.365139|Revenue Banqueting,13423|87627.7|15139.36667|1314.4|10675.36667,MONTH_TO_DATE
07_julio.xlsx,Daily,,,2025-07-31,409.484224,409.484224,False,False,,2662.365139,,2662.365139|165.704552|1032.181852|409.484224|77.68595,TODAY
07_julio.xlsx,Daily,,,2025-07-31,779.07866666,779.07866666,False,False,409.484224,1879.66666667742,409.484224,1879.66666667742|591.8|3677.970271|779.07866666|71.65699852,TODAY
07_julio.xlsx,Daily,,,2024-07-31,488.3666667,488.3666667,False,False,779.07866666,2271.8999997,779.07866666|409.484224,2271.8999997|433|2826.7|488.3666667|42.4,MONTH_TO_DATE
07_julio.xlsx,Daily,,,2025-07-31,409.484224,409.484224,False,False,Revenue Shop,2662.365139,Revenue Shop|488.3666667|779.07866666,2662.365139|165.704552|1032.181852|409.484224|77.68595,TODAY
07_julio.xlsx,Daily,,,2025-07-31,24151.438662,24151.438662,False,False,409.484224,58269.666667,409.484224|Revenue Shop|488.3666667,58269.666667|18345.8|114017.07841|24151.438662|2221.366954,TODAY
07_julio.xlsx,Daily,,,2024-07-31,15139.36667,15139.36667,False,False,24151.438662,70428.9,24151.438662|409.484224|Revenue Shop,70428.9|13423|87627.7|15139.36667|1314.4,MONTH_TO_DATE
07_julio.xlsx,Daily,,,2025-07-31,4269.735767,4269.735767,False,False,,409.484224,,409.484224|2662.365139|165.704552|1032.181852|409.484224,TODAY
07_julio.xlsx,Daily,,,2025-07-31,6928.51560433742,6928.51560433742,False,False,4269.735767,779.07866666,4269.735767,779.07866666|1879.66666667742|591.8|3677.970271|779.07866666,TODAY
07_julio.xlsx,Daily,,,2024-07-31,6019.9666664,6019.9666664,False,False,6928.51560433742,488.3666667,6928.51560433742|4269.735767,488.3666667|2271.8999997|433|2826.7|488.3666667,MONTH_TO_DATE
07_julio.xlsx,Daily,,,2025-07-31,4269.735767,4269.735767,False,False,TOTAL,409.484224,TOTAL|6019.9666664|6928.51560433742,409.484224|2662.365139|165.704552|1032.181852|409.484224,TODAY
07_julio.xlsx,Daily,,,2025-07-31,214783.983739,214783.983739,False,False,4269.735767,24151.438662,4269.735767|TOTAL|6019.9666664,24151.438662|58269.666667|18345.8|114017.07841|24151.438662,TODAY
07_julio.xlsx,Daily,,,2024-07-31,186618.96667,186618.96667,False,False,214783.983739,15139.36667,214783.983739|4269.735767|TOTAL,15139.36667|70428.9|13423|87627.7|15139.36667,MONTH_TO_DATE
07_julio.xlsx,Daily,,,2025-07-31,0,0.0,False,False,,4269.735767,,4269.735767|409.484224|2662.365139|165.704552|1032.181852,TODAY
07_julio.xlsx,Daily,,,2025-07-31,0.261111111111111,0.261111111111111,False,False,Occupancy,4269.735767,Occupancy|0,4269.735767|409.484224|2662.365139|165.704552|1032.181852,TODAY
07_julio.xlsx,Daily,,,2025-07-31,0,0.0,False,False,,0,,0|4269.735767|409.484224|2662.365139|165.704552,TODAY
07_julio.xlsx,Daily,,,2025-07-31,47,47.0,False,False,Total Covers,0.261111111111111,Total Covers|0,0.261111111111111|4269.735767|409.484224|2662.365139|165.704552,TODAY
07_julio.xlsx,Daily,,,2025-07-31,0,0.0,False,False,,0,,0|0|4269.735767|409.484224|2662.365139,TODAY
07_julio.xlsx,Daily,,,2025-07-31,0,0.0,False,False,Total Revenue,47,Total Revenue|0,47|0.261111111111111|4269.735767|409.484224|2662.365139,TODAY
07_julio.xlsx,Daily,,,2025-07-31,0,0.0,False,False,,0,,0|0|0|4269.735767|409.484224,TODAY
07_julio.xlsx,Daily,,,2025-07-31,0,0.0,False,False,0,6928.51560433742,0,6928.51560433742|779.07866666|1879.66666667742|591.8|3677.970271,TODAY
07_julio.xlsx,Daily,,,2024-07-31,0,0.0,False,False,0,6019.9666664,0|0,6019.9666664|488.3666667|2271.8999997|433|2826.7,MONTH_TO_DATE
07_julio.xlsx,Daily,,,2025-07-31,0,0.0,False,False,Avg.cover,0,Avg.cover|0|0,0|47|0.261111111111111|4269.735767|409.484224,TODAY
07_julio.xlsx,Daily,,,2025-07-31,0,0.0,False,False,0,214783.983739,0|Avg.cover|0,214783.983739|24151.438662|58269.666667|18345.8|114017.07841,TODAY
07_julio.xlsx,Daily,,,2024-07-31,0,0.0,False,False,0,186618.96667,0|0|Avg.cover,186618.96667|15139.36667|70428.9|13423|87627.7,MONTH_TO_DATE
07_julio.xlsx,Daily,,,2025-07-31,0,0.0,False,False,,0,,0|0|0|0|4269.735767,TODAY
07_julio.xlsx,Daily,,,2025-07-31,0,0.0,False,False,Food Revenue,0,Food Revenue|0,0|0|47|0.261111111111111|4269.735767,TODAY
07_julio.xlsx,Daily,,,2025-07-31,0,0.0,False,False,,0,,0|0|0|0|0,TODAY
07_julio.xlsx,Daily,,,2025-07-31,0,0.0,False,False,0,0,0,0|6928.51560433742|779.07866666|1879.66666667742|591.8,TODAY
07_julio.xlsx,Daily,,,2024-07-31,0,0.0,False,False,0,0,0|0,0|6019.9666664|488.3666667|2271.8999997|433,MONTH_TO_DATE
07_julio.xlsx,Daily,,,2025-07-31,0,0.0,False,False,Avg.Spend FD / cover,0,Avg.Spend FD / cover|0|0,0|0|0|47|0.261111111111111,TODAY
07_julio.xlsx,Daily,,,2025-07-31,0,0.0,False,False,0,0,0|Avg.Spend FD / cover|0,0|214783.983739|24151.438662|58269.666667|18345.8,TODAY
07_julio.xlsx,Daily,,,2024-07-31,0,0.0,False,False,0,0,0|0|Avg.Spend FD / cover,0|186618.96667|15139.36667|70428.9|13423,MONTH_TO_DATE
07_julio.xlsx,Daily,,,2025-07-31,0,0.0,False,False,,0,,0|0|0|0|0,TODAY
07_julio.xlsx,Daily,,,2025-07-31,0,0.0,False,False,Beverage Revenue,0,Beverage Revenue|0,0|0|0|0|47,TODAY
07_julio.xlsx,Daily,,,2025-07-31,0,0.0,False,False,,0,,0|0|0|0|0,TODAY
07_julio.xlsx,Daily,,,2025-07-31,0,0.0,False,False,0,0,0,0|0|6928.51560433742|779.07866666|1879.66666667742,TODAY
07_julio.xlsx,Daily,,,2024-07-31,0,0.0,False,False,0,0,0|0,0|0|6019.9666664|488.3666667|2271.8999997,MONTH_TO_DATE
07_julio.xlsx,Daily,,,2025-07-31,0,0.0,False,False,Avg.Spend BV / cover,0,Avg.Spend BV / cover|0|0,0|0|0|0|0,TODAY
07_julio.xlsx,Daily,,,2025-07-31,0,0.0,False,False,0,0,0|Avg.Spend BV / cover|0,0|0|214783.983739|24151.438662|58269.666667,TODAY
07_julio.xlsx,Daily,,,2024-07-31,0,0.0,False,False,0,0,0|0|Avg.Spend BV / cover,0|0|186618.96667|15139.36667|70428.9,MONTH_TO_DATE
07_julio.xlsx,Daily,,,2025-07-31,0,0.0,False,False,,0,,0|0|0|0|0,TODAY
07_julio.xlsx,Daily,,,2025-07-31,0,0.0,False,False,0,0,0,0|0|0|6928.51560433742|779.07866666,TODAY
07_julio.xlsx,Daily,,,2024-07-31,0,0.0,False,False,0,0,0|0,0|0|0|6019.9666664|488.3666667,MONTH_TO_DATE
07_julio.xlsx,Daily,,,2025-07-31,0,0.0,False,False,TOTAL BER REV,0,TOTAL BER REV|0|0,0|0|0|0|0,TODAY
07_julio.xlsx,Daily,,,2025-07-31,0,0.0,False,False,0,0,0|TOTAL BER REV|0,0|0|0|214783.983739|24151.438662,TODAY
07_julio.xlsx,Daily,,,2024-07-31,0,0.0,False,False,0,0,0|0|TOTAL BER REV,0|0|0|186618.96667|15139.36667,MONTH_TO_DATE
07_julio.xlsx,Daily,,,2025-07-31,0,0.0,False,False,,0,,0|0|0|0|0,TODAY
07_julio.xlsx,Daily,,,2025-07-31,0,0.0,False,False,Anticipos,0,Anticipos|0,0|0|0|0|0,TODAY
07_julio.xlsx,Daily,,,2025-07-31,42.80578,42.80578,False,False,,0,,0|0|0|0|0,TODAY
07_julio.xlsx,Daily,,,2025-07-31,0.104535846538498,0.104535846538498,False,False,42.80578,0,42.80578,0|0|0|0|6928.51560433742,TODAY
07_julio.xlsx,Daily,,,2025-07-31,42.80578,42.80578,False,False,10% del del Restaurante,,10% del del Restaurante|0.104535846538498|42.80578,,TODAY
07_julio.xlsx,Daily,,,2025-07-31,0.104535846538498,0.104535846538498,False,False,42.80578,0,42.80578|10% del del Restaurante|0.104535846538498,0|0|0|0|0,TODAY
07_julio.xlsx,Daily,,,2025-07-31,58.75289,58.75289,False,False,,42.80578,,42.80578|0|0|0|0,TODAY
07_julio.xlsx,Daily,,,2025-07-31,0.143480228434881,0.143480228434881,False,False,58.75289,0.104535846538498,58.75289,0.104535846538498|0|0|0|0,TODAY
07_julio.xlsx,Daily,,,2025-07-31,58.75289,58.75289,False,False,10% Tarjeta 43 SHOP,42.80578,10% Tarjeta 43 SHOP|0.143480228434881|58.75289,42.80578,TODAY
07_julio.xlsx,Daily,,,2025-07-31,0.143480228434881,0.143480228434881,False,False,58.75289,0.104535846538498,58.75289|10% Tarjeta 43 SHOP|0.143480228434881,0.104535846538498|0|0|0|0,TODAY
07_julio.xlsx,Daily,,,2025-07-31,0,0.0,False,False,,58.75289,,58.75289|42.80578|0|0|0,TODAY
07_julio.xlsx,Daily,,,2025-07-31,0,0.0,False,False,0,0.143480228434881,0,0.143480228434881|0.104535846538498|0|0|0,TODAY
07_julio.xlsx,Daily,,,2025-07-31,0,0.0,False,False,10% Tarjeta 43 Restaurante,58.75289,10% Tarjeta 43 Restaurante|0|0,58.75289|42.80578,TODAY
07_julio.xlsx,Daily,,,2025-07-31,0,0.0,False,False,0,0.143480228434881,0|10% Tarjeta 43 Restaurante|0,0.143480228434881|0.104535846538498|0|0|0,TODAY
07_julio.xlsx,Daily,,,2025-07-31,82,82.0,False,False,,0,,0|58.75289|42.80578|0|0,TODAY
07_julio.xlsx,Daily,,,2025-07-31,103.928141022258,103.928141022258,False,False,82,0,82,0|0.143480228434881|0.104535846538498|0|0,TODAY
07_julio.xlsx,Daily,,,2024-07-31,121.86666667,121.86666667,False,False,103.928141022258,0,103.928141022258|82,0|0|0|0|6019.9666664,MONTH_TO_DATE
07_julio.xlsx,Daily,,,2025-07-31,2778,2778.0,False,False,Visitantes Cuarentaytres,0,Visitantes Cuarentaytres|121.86666667|103.928141022258,0|0.143480228434881|0.104535846538498|0|0,TODAY
07_julio.xlsx,Daily,,,2025-07-31,3221.7723719,3221.7723719,False,False,2778,0,2778|Visitantes Cuarentaytres|121.86666667,0|0|0|0|214783.983739,TODAY
07_julio.xlsx,Daily,,,2024-07-31,3777.866667,3777.866667,False,False,3221.7723719,0,3221.7723719|2778|Visitantes Cuarentaytres,0|0|0|0|186618.96667,MONTH_TO_DATE
07_julio.xlsx,Daily,,,2025-07-31,0,0.0,False,False,,pax,,pax|82|0|58.75289|42.80578,TODAY
07_julio.xlsx,Daily,,,2025-07-31,0,0.0,False,False,0,%,0,%|103.928141022258|0|0.143480228434881|0.104535846538498,TODAY
07_julio.xlsx,Daily,,,2024-07-31,27,27.0,False,False,0,pax,0|0,pax|121.86666667|0|0|0,MONTH_TO_DATE
07_julio.xlsx,Daily,,,2025-07-31,0.75,0.75,False,False,27,%,27|0|0,%,TODAY
07_julio.xlsx,Daily,,,2025-07-31,1214,1214.0,False,False,Online ES,pax,Online ES|0.75|27,pax|0|58.75289|42.80578,TODAY
07_julio.xlsx,Daily,,,2025-07-31,0.8727534148,0.8727534148,False,False,1214,%,1214|Online ES|0.75,%|2778|0|0.143480228434881|0.104535846538498,TODAY
07_julio.xlsx,Daily,,,2025-07-31,1064,1064.0,False,False,0.8727534148,pax,0.8727534148|1214|Online ES,pax|3221.7723719|0|0|0,TODAY
07_julio.xlsx,Daily,,,2024-07-31,0.885928393005829,0.885928393005829,False,False,1064,%,1064|0.8727534148|1214,%|3777.866667|0|0|0,MONTH_TO_DATE
07_julio.xlsx,Daily,,,2025-07-31,0,0.0,False,False,,0,,0|pax|82|0|58.75289,TODAY
07_julio.xlsx,Daily,,,2025-07-31,0,0.0,False,False,0,0,0,0|%|103.928141022258|0|0.143480228434881,TODAY
07_julio.xlsx,Daily,,,2024-07-31,9,9.0,False,False,0,27,0|0,27|pax|121.86666667|0|0,MONTH_TO_DATE
07_julio.xlsx,Daily,,,2025-07-31,0.25,0.25,False,False,9,0.75,9|0|0,0.75|%,TODAY
07_julio.xlsx,Daily,,,2025-07-31,177,177.0,False,False,Online EN,1214,Online EN|0.25|9,1214|pax|0|58.75289|42.80578,TODAY
07_julio.xlsx,Daily,,,2025-07-31,0.1272465852,0.1272465852,False,False,177,0.8727534148,177|Online EN|0.25,0.8727534148|%|2778|0|0.143480228434881,TODAY
07_julio.xlsx,Daily,,,2025-07-31,137,137.0,False,False,0.1272465852,1064,0.1272465852|177|Online EN,1064|pax|3221.7723719|0|0,TODAY
07_julio.xlsx,Daily,,,2024-07-31,0.114071606994172,0.114071606994172,False,False,137,0.885928393005829,137|0.1272465852|177,0.885928393005829|%|3777.866667|0|0,MONTH_TO_DATE
07_julio.xlsx,Daily,,,2025-07-31,0,0.0,False,False,,0,,0|0|pax|82|0,TODAY
07_julio.xlsx,Daily,,,2025-07-31,0,0.0,False,False,0,0,0,0|0|%|103.928141022258|0,TODAY
07_julio.xlsx,Daily,,,2024-07-31,36,36.0,False,False,0,9,0|0,9|27|pax|121.86666667|0,MONTH_TO_DATE
07_julio.xlsx,Daily,,,2025-07-31,0.521739130434783,0.521739130434783,False,False,36,0.25,36|0|0,0.25|0.75|%,TODAY
07_julio.xlsx,Daily,,,2025-07-31,1391,1391.0,False,False,Online,177,Online|0.521739130434783|36,177|1214|pax|0|58.75289,TODAY
07_julio.xlsx,Daily,,,2025-07-31,0.5050835149,0.5050835149,False,False,1391,0.1272465852,1391|Online|0.521739130434783,0.1272465852|0.8727534148|%|2778|0,TODAY
07_julio.xlsx,Daily,,,2025-07-31,1201,1201.0,False,False,0.5050835149,137,0.5050835149|1391|Online,137|1064|pax|3221.7723719|0,TODAY
07_julio.xlsx,Daily,,,2024-07-31,0.335474860335196,0.335474860335196,False,False,1201,0.114071606994172,1201|0.5050835149|1391,0.114071606994172|0.885928393005829|%|3777.866667|0,MONTH_TO_DATE
07_julio.xlsx,Daily,,,2025-07-31,0,0.0,False,False,,0,,0|0|0|pax|82,TODAY
07_julio.xlsx,Daily,,,2025-07-31,0,0.0,False,False,0,0,0,0|0|0|%|103.928141022258,TODAY
07_julio.xlsx,Daily,,,2024-07-31,12,12.0,False,False,0,36,0|0,36|9|27|pax|121.86666667,MONTH_TO_DATE
07_julio.xlsx,Daily,,,2025-07-31,1,1.0,False,False,12,0.521739130434783,12|0|0,0.521739130434783|0.25|0.75|%,TODAY
07_julio.xlsx,Daily,,,2025-07-31,265,265.0,False,False,De paso ES,1391,De paso ES|1|12,1391|177|1214|pax|0,TODAY
07_julio.xlsx,Daily,,,2025-07-31,1,1.0,False,False,265,0.5050835149,265|De paso ES|1,0.5050835149|0.1272465852|0.8727534148|%|2778,TODAY
07_julio.xlsx,Daily,,,2025-07-31,309,309.0,False,False,1,1201,1|265|De paso ES,1201|137|1064|pax|3221.7723719,TODAY
07_julio.xlsx,Daily,,,2024-07-31,1,1.0,False,False,309,0.335474860335196,309|1|265,0.335474860335196|0.114071606994172|0.885928393005829|%|3777.866667,MONTH_TO_DATE
07_julio.xlsx,Daily,,,2025-07-31,0,0.0,False,False,,0,,0|0|0|0|pax,TODAY
07_julio.xlsx,Daily,,,2025-07-31,0,0.0,False,False,0,0,0,0|0|0|0|%,TODAY
07_julio.xlsx,Daily,,,2024-07-31,0,0.0,False,False,0,12,0|0,12|36|9|27|pax,MONTH_TO_DATE
07_julio.xlsx,Daily,,,2025-07-31,0,0.0,False,False,0,1,0|0|0,1|0.521739130434783|0.25|0.75|%,TODAY
07_julio.xlsx,Daily,,,2025-07-31,0,0.0,False,False,De paso EN,265,De paso EN|0|0,265|1391|177|1214|pax,TODAY
07_julio.xlsx,Daily,,,2025-07-31,0,0.0,False,False,0,1,0|De paso EN|0,1|0.5050835149|0.1272465852|0.8727534148|%,TODAY
07_julio.xlsx,Daily,,,2025-07-31,0,0.0,False,False,0,309,0|0|De paso EN,309|1201|137|1064|pax,TODAY
07_julio.xlsx,Daily,,,2024-07-31,0,0.0,False,False,0,1,0|0|0,1|0.335474860335196|0.114071606994172|0.885928393005829|%,MONTH_TO_DATE
07_julio.xlsx,Daily,,,2025-07-31,0,0.0,False,False,,0,,0|0|0|0|0,TODAY
07_julio.xlsx,Daily,,,2025-07-31,0,0.0,False,False,0,0,0,0|0|0|0|0,TODAY
07_julio.xlsx,Daily,,,2024-07-31,12,12.0,False,False,0,0,0|0,0|12|36|9|27,MONTH_TO_DATE
07_julio.xlsx,Daily,,,2025-07-31,0.173913043478261,0.173913043478261,False,False,12,0,12|0|0,0|1|0.521739130434783|0.25|0.75,TODAY
07_julio.xlsx,Daily,,,2025-07-31,265,265.0,False,False,De paso,0,De paso|0.173913043478261|12,0|265|1391|177|1214,TODAY
07_julio.xlsx,Daily,,,2025-07-31,0.09622367466,0.09622367466,False,False,265,0,265|De paso|0.173913043478261,0|1|0.5050835149|0.1272465852|0.8727534148,TODAY
07_julio.xlsx,Daily,,,2025-07-31,309,309.0,False,False,0.09622367466,0,0.09622367466|265|De paso,0|309|1201|137|1064,TODAY
07_julio.xlsx,Daily,,,2024-07-31,0.0863128491620112,0.0863128491620112,False,False,309,0,309|0.09622367466|265,0|1|0.335474860335196|0.114071606994172|0.885928393005829,MONTH_TO_DATE
07_julio.xlsx,Daily,,,2025-07-31,0,0.0,False,False,,0,,0|0|0|0|0,TODAY
07_julio.xlsx,Daily,,,2025-07-31,0,0.0,False,False,0,0,0,0|0|0|0|0,TODAY
07_julio.xlsx,Daily,,,2024-07-31,21,21.0,False,False,0,12,0|0,12|0|12|36|9,MONTH_TO_DATE
07_julio.xlsx,Daily,,,2025-07-31,0.304347826086957,0.304347826086957,False,False,21,0.173913043478261,21|0|0,0.173913043478261|0|1|0.521739130434783|0.25,TODAY
07_julio.xlsx,Daily,,,2025-07-31,760,760.0,False,False,Telefono,265,Telefono|0.304347826086957|21,265|0|265|1391|177,TODAY
07_julio.xlsx,Daily,,,2025-07-31,0.2759622367,0.2759622367,False,False,760,0.09622367466,760|Telefono|0.304347826086957,0.09622367466|0|1|0.5050835149|0.1272465852,TODAY
07_julio.xlsx,Daily,,,2024-07-31,0.578212290502793,0.578212290502793,False,False,2070,0.0863128491620112,2070|0.2759622367|760,0.0863128491620112|0|1|0.335474860335196|0.114071606994172,MONTH_TO_DATE
07_julio.xlsx,Daily,,,2025-07-31,0,0.0,False,False,,0,,0|0|0|0|0,TODAY
07_julio.xlsx,Daily,,,2025-07-31,0,0.0,False,False,0,0,0,0|0|0|0|0,TODAY
07_julio.xlsx,Daily,,,2024-07-31,0,0.0,False,False,0,21,0|0,21|12|0|12|36,MONTH_TO_DATE
07_julio.xlsx,Daily,,,2025-07-31,0,0.0,False,False,0,0.304347826086957,0|0|0,0.304347826086957|0.173913043478261|0|1|0.521739130434783,TODAY
07_julio.xlsx,Daily,,,2025-07-31,300,300.0,False,False,Shop 43,760,Shop 43|0|0,760|265|0|265|1391,TODAY
07_julio.xlsx,Daily,,,2025-07-31,0.1089324619,0.1089324619,False,False,300,0.2759622367,300|Shop 43|0,0.2759622367|0.09622367466|0|1|0.5050835149,TODAY
07_julio.xlsx,Daily,,,2025-07-31,0,0.0,False,False,0.1089324619,2070,0.1089324619|300|Shop 43,2070|309|0|309|1201,TODAY
07_julio.xlsx,Daily,,,2024-07-31,0,0.0,False,False,0,0.578212290502793,0|0.1089324619|300,0.578212290502793|0.0863128491620112|0|1|0.335474860335196,MONTH_TO_DATE
07_julio.xlsx,Daily,,,2025-07-31,0,0.0,False,False,,0,,0|0|0|0|0,TODAY
07_julio.xlsx,Daily,,,2025-07-31,0,0.0,False,False,0,0,0,0|0|0|0|0,TODAY
07_julio.xlsx,Daily,,,2024-07-31,0,0.0,False,False,0,0,0|0,0|21|12|0|12,MONTH_TO_DATE
07_julio.xlsx,Daily,,,2025-07-31,0,0.0,False,False,0,0,0|0|0,0|0.304347826086957|0.173913043478261|0|1,TODAY
07_julio.xlsx,Daily,,,2025-07-31,38,38.0,False,False,Experiencia,300,Experiencia|0|0,300|760|265|0|265,TODAY
07_julio.xlsx,Daily,,,2025-07-31,0.01379811184,0.01379811184,False,False,38,0.1089324619,38|Experiencia|0,0.1089324619|0.2759622367|0.09622367466|0|1,TODAY
07_julio.xlsx,Daily,,,2025-07-31,0,0.0,False,False,0.01379811184,0,0.01379811184|38|Experiencia,0|2070|309|0|309,TODAY
07_julio.xlsx,Daily,,,2024-07-31,0,0.0,False,False,0,0,0|0.01379811184|38,0|0.578212290502793|0.0863128491620112|0|1,MONTH_TO_DATE
07_julio.xlsx,Daily,,,2025-07-31,0,0.0,False,False,,0,,0|0|0|0|0,TODAY
07_julio.xlsx,Daily,,,2024-07-31,69,69.0,False,False,0,0,0,0|0|21|12|0,MONTH_TO_DATE
07_julio.xlsx,Daily,,,2025-07-31,2754,2754.0,False,False,69,38,69|0,38|300|760|265|0,TODAY
07_julio.xlsx,Daily,,,2025-07-31,3580,3580.0,False,False,2754,0,2754|69|0,0|0|2070|309|0,TODAY
